target_rva,name,source_tag,source_sha256,source_rva
0x00001090,BGSAIWorldLocation::IsInSameSpaceAs,221-PDB-bytesig-port,488015e2010308bfa164d3720cb618deea7e1c098b1d61af530d258a6f17d27b,0x0021BB10
0x00001140,BGSAIWorldLocation::IsValid,221-PDB-bytesig-port,488015e2010308bfa164d3720cb618deea7e1c098b1d61af530d258a6f17d27b,0x0021BBC0
0x000072F0,BGSAIWorldLocationInteriorCell::Clone,221-PDB-bytesig-port,488015e2010308bfa164d3720cb618deea7e1c098b1d61af530d258a6f17d27b,0x0021C0A0
0x00007E80,BGSAIWorldLocationPointRadius::IsRefAt,221-PDB-bytesig-port,488015e2010308bfa164d3720cb618deea7e1c098b1d61af530d258a6f17d27b,0x0021C710
0x00009570,BGSAIWorldLocationPrimitive::Allocate,221-PDB-bytesig-port,488015e2010308bfa164d3720cb618deea7e1c098b1d61af530d258a6f17d27b,0x0021D9C0
0x0000F9F0,BGSProcedureHeadtrackExecState::CleanUp,221-PDB-bytesig-port,488015e2010308bfa164d3720cb618deea7e1c098b1d61af530d258a6f17d27b,0x00220380
0x000151E0,BGSProcedureRange::UpdateStartIdlingCooldown,221-PDB-bytesig-port,488015e2010308bfa164d3720cb618deea7e1c098b1d61af530d258a6f17d27b,0x00223640
0x0001B8E0,IsPlayerInDialogue,AE-bytesig-port,e555c6c0e7aba3e9e4801c2e5e11e3a76b42ce080683b4b9c1cf074c2030b737,0x0022D360
0x00023F90,TESObjectREFR::HasInteraction,221-PDB-bytesig-port,488015e2010308bfa164d3720cb618deea7e1c098b1d61af530d258a6f17d27b,0x006CD7D0
0x00023F90,TESObjectREFR::HasInteraction,AE-bytesig-port,e555c6c0e7aba3e9e4801c2e5e11e3a76b42ce080683b4b9c1cf074c2030b737,0x006CD7B0
0x000276C0,BGSProcedureStayAway::Process,221-PDB-bytesig-port,488015e2010308bfa164d3720cb618deea7e1c098b1d61af530d258a6f17d27b,0x0022EF00
0x00027CF0,BGSProcedureStayAwayExecState::CleanUp,221-PDB-bytesig-port,488015e2010308bfa164d3720cb618deea7e1c098b1d61af530d258a6f17d27b,0x0022F540
0x0003BF70,BGSObjectInstanceExtra::AddMod,AE-bytesig-port,e555c6c0e7aba3e9e4801c2e5e11e3a76b42ce080683b4b9c1cf074c2030b737,0x002480F0
0x0003CDC0,BGSObjectInstanceExtra::GenerateName,AE-bytesig-port,e555c6c0e7aba3e9e4801c2e5e11e3a76b42ce080683b4b9c1cf074c2030b737,0x00249320
0x00049E30,BGSForcedLocRefType::CopyComponent,221-PDB-bytesig-port,488015e2010308bfa164d3720cb618deea7e1c098b1d61af530d258a6f17d27b,0x0024F7D0
0x00051400,BGSMod::Template::Items::Load,221-PDB-bytesig-port,488015e2010308bfa164d3720cb618deea7e1c098b1d61af530d258a6f17d27b,0x00254A50
0x00052D30,BGSModelMaterialSwap::ClearDataComponent,221-PDB-bytesig-port,488015e2010308bfa164d3720cb618deea7e1c098b1d61af530d258a6f17d27b,0x00255850
0x000531B0,BGSModelMaterialSwap::Apply,221-PDB-bytesig-port,488015e2010308bfa164d3720cb618deea7e1c098b1d61af530d258a6f17d27b,0x00255D40
0x00054B40,BGSPreviewTransform::GetPreviewTransform,221-PDB-bytesig-port,488015e2010308bfa164d3720cb618deea7e1c098b1d61af530d258a6f17d27b,0x00256A60
0x00058F30,BGSConveyorBelt::ConveyorBelt::OnInit,221-PDB-bytesig-port,488015e2010308bfa164d3720cb618deea7e1c098b1d61af530d258a6f17d27b,0x00258270
0x0005ACD0,BGSMotorAction::FanMotor::OnDetach,221-PDB-bytesig-port,488015e2010308bfa164d3720cb618deea7e1c098b1d61af530d258a6f17d27b,0x0025A400
0x00062F70,TESQuest::ReleaseAllReservedForms,221-PDB-bytesig-port,488015e2010308bfa164d3720cb618deea7e1c098b1d61af530d258a6f17d27b,0x006707B0
0x000659B0,BSScript::Object::LoadObject,221-PDB-bytesig-port,488015e2010308bfa164d3720cb618deea7e1c098b1d61af530d258a6f17d27b,0x020E1990
0x0006AFC0,AlchemyItem::IsFood,221-PDB-bytesig-port,488015e2010308bfa164d3720cb618deea7e1c098b1d61af530d258a6f17d27b,0x00262340
0x0006CFE0,EffectItem::Compare,AE-bytesig-port,e555c6c0e7aba3e9e4801c2e5e11e3a76b42ce080683b4b9c1cf074c2030b737,0x00263720
0x0006F870,EffectSetting::ClearData,221-PDB-bytesig-port,488015e2010308bfa164d3720cb618deea7e1c098b1d61af530d258a6f17d27b,0x002660A0
0x00072BC0,EffectSettingCollection::CreateDefaultEffects,221-PDB-bytesig-port,488015e2010308bfa164d3720cb618deea7e1c098b1d61af530d258a6f17d27b,0x00267EE0
0x00075C70,IngredientItem::InitFromChunk,221-PDB-bytesig-port,488015e2010308bfa164d3720cb618deea7e1c098b1d61af530d258a6f17d27b,0x0026A260
0x000779A0,MagicItem::IsPermanent,AE-bytesig-port,e555c6c0e7aba3e9e4801c2e5e11e3a76b42ce080683b4b9c1cf074c2030b737,0x0026B030
0x00079470,MagicItem::ShouldAdjustEffects,AE-bytesig-port,e555c6c0e7aba3e9e4801c2e5e11e3a76b42ce080683b4b9c1cf074c2030b737,0x0026CD90
0x0007C900,ScrollItem::LoadMagicItemChunk,221-PDB-bytesig-port,488015e2010308bfa164d3720cb618deea7e1c098b1d61af530d258a6f17d27b,0x0026FB70
0x0007D160,SpellItem::GetFixedCastDuration,221-PDB-bytesig-port,488015e2010308bfa164d3720cb618deea7e1c098b1d61af530d258a6f17d27b,0x0026FF10
0x0007D7B0,SpellItem::GetAssociatedSkill,221-PDB-bytesig-port,488015e2010308bfa164d3720cb618deea7e1c098b1d61af530d258a6f17d27b,0x00270590
0x0007D830,SpellItem::AdjustCost,221-PDB-bytesig-port,488015e2010308bfa164d3720cb618deea7e1c098b1d61af530d258a6f17d27b,0x00270610
0x0007DAF0,SpellItem::IsTwoHanded,221-PDB-bytesig-port,488015e2010308bfa164d3720cb618deea7e1c098b1d61af530d258a6f17d27b,0x002708C0
0x0007DB50,SpellItem::LoadMagicItemChunk,221-PDB-bytesig-port,488015e2010308bfa164d3720cb618deea7e1c098b1d61af530d258a6f17d27b,0x00270980
0x0008A080,ExtraDataList::DecTransCellCount,221-PDB-bytesig-port,488015e2010308bfa164d3720cb618deea7e1c098b1d61af530d258a6f17d27b,0x0027E990
0x0008A130,ExtraDataList::GetTransCellCount,221-PDB-bytesig-port,488015e2010308bfa164d3720cb618deea7e1c098b1d61af530d258a6f17d27b,0x0027EA40
0x0008AE40,ExtraDataList::GetLight,221-PDB-bytesig-port,488015e2010308bfa164d3720cb618deea7e1c098b1d61af530d258a6f17d27b,0x0027F8C0
0x0008AFA0,ExtraDataList::GetOwner,221-PDB-bytesig-port,488015e2010308bfa164d3720cb618deea7e1c098b1d61af530d258a6f17d27b,0x0027FA20
0x0008AFA0,ExtraDataList::GetOwner,AE-bytesig-port,e555c6c0e7aba3e9e4801c2e5e11e3a76b42ce080683b4b9c1cf074c2030b737,0x0027FA20
0x0008B090,ExtraDataList::GetOwnerAsRef,221-PDB-bytesig-port,488015e2010308bfa164d3720cb618deea7e1c098b1d61af530d258a6f17d27b,0x0027FB10
0x0008B2B0,ExtraDataList::GetHealth,221-PDB-bytesig-port,488015e2010308bfa164d3720cb618deea7e1c098b1d61af530d258a6f17d27b,0x0027FD30
0x0008B540,ExtraDataList::GetCreatureMovementSound,221-PDB-bytesig-port,488015e2010308bfa164d3720cb618deea7e1c098b1d61af530d258a6f17d27b,0x0027FFB0
0x0008B580,ExtraDataList::GetActivateLoopSound,221-PDB-bytesig-port,488015e2010308bfa164d3720cb618deea7e1c098b1d61af530d258a6f17d27b,0x0027FFF0
0x0008B790,ExtraDataList::GetPackageExtraTarget,221-PDB-bytesig-port,488015e2010308bfa164d3720cb618deea7e1c098b1d61af530d258a6f17d27b,0x00280200
0x0008B790,ExtraDataList::GetPackageExtraTarget,AE-bytesig-port,e555c6c0e7aba3e9e4801c2e5e11e3a76b42ce080683b4b9c1cf074c2030b737,0x00280200
0x0008C690,ExtraDataList::GetAttachNodeInitialTransform,221-PDB-bytesig-port,488015e2010308bfa164d3720cb618deea7e1c098b1d61af530d258a6f17d27b,0x00281160
0x0008D110,ExtraDataList::GetIsPlayableDroppedWeapon,221-PDB-bytesig-port,488015e2010308bfa164d3720cb618deea7e1c098b1d61af530d258a6f17d27b,0x00281E40
0x0008ED20,ExtraDataList::GetActivateDelay,221-PDB-bytesig-port,488015e2010308bfa164d3720cb618deea7e1c098b1d61af530d258a6f17d27b,0x00284080
0x0008FE20,ExtraDataList::GetSpellEffectLight,221-PDB-bytesig-port,488015e2010308bfa164d3720cb618deea7e1c098b1d61af530d258a6f17d27b,0x00285320
0x00090080,ExtraDataList::GetAcousticParent,221-PDB-bytesig-port,488015e2010308bfa164d3720cb618deea7e1c098b1d61af530d258a6f17d27b,0x002855C0
0x00091060,ExtraDataList::GetLinkedPlaneRef,221-PDB-bytesig-port,488015e2010308bfa164d3720cb618deea7e1c098b1d61af530d258a6f17d27b,0x00286730
0x00091920,ExtraDataList::GetRoomIsLinked,221-PDB-bytesig-port,488015e2010308bfa164d3720cb618deea7e1c098b1d61af530d258a6f17d27b,0x00287400
0x00091970,ExtraDataList::GetRoomIsMaster,221-PDB-bytesig-port,488015e2010308bfa164d3720cb618deea7e1c098b1d61af530d258a6f17d27b,0x00287450
0x000963F0,ExtraDataList::GetAction,221-PDB-bytesig-port,488015e2010308bfa164d3720cb618deea7e1c098b1d61af530d258a6f17d27b,0x0028C540
0x000963F0,ExtraDataList::GetAction,AE-bytesig-port,e555c6c0e7aba3e9e4801c2e5e11e3a76b42ce080683b4b9c1cf074c2030b737,0x0028C540
0x000977E0,ExtraDataList::NotifyGuardsAboutActivation,AE-bytesig-port,e555c6c0e7aba3e9e4801c2e5e11e3a76b42ce080683b4b9c1cf074c2030b737,0x0028DB50
0x00099B90,ExtraDataList::GetPowerArmorHandle,AE-bytesig-port,e555c6c0e7aba3e9e4801c2e5e11e3a76b42ce080683b4b9c1cf074c2030b737,0x002905A0
0x0009B830,ExtraDataList::GetInteriorLODWorldSpaceOffset,221-PDB-bytesig-port,488015e2010308bfa164d3720cb618deea7e1c098b1d61af530d258a6f17d27b,0x00292550
0x000B76A0,ExtraDismemberedLimbs::RemoveLimb,221-PDB-bytesig-port,488015e2010308bfa164d3720cb618deea7e1c098b1d61af530d258a6f17d27b,0x002A2A30
0x000BA1D0,ExtraLinkedRef::SaveGame,221-PDB-bytesig-port,488015e2010308bfa164d3720cb618deea7e1c098b1d61af530d258a6f17d27b,0x002A5500
0x000BA670,ExtraPowerLinks::SaveGame,221-PDB-bytesig-port,488015e2010308bfa164d3720cb618deea7e1c098b1d61af530d258a6f17d27b,0x002A5AA0
0x000C0B30,ExtraTextDisplayData::SetCustomName,AE-bytesig-port,e555c6c0e7aba3e9e4801c2e5e11e3a76b42ce080683b4b9c1cf074c2030b737,0x002AC780
0x000C1930,ExtraAttachedArrows3D::SaveGame,221-PDB-bytesig-port,488015e2010308bfa164d3720cb618deea7e1c098b1d61af530d258a6f17d27b,0x002AD640
0x000C7130,ExtraObjectBreakable::SaveGame,221-PDB-bytesig-port,488015e2010308bfa164d3720cb618deea7e1c098b1d61af530d258a6f17d27b,0x002B3100
0x000C86E0,BSPathingSolution::Read,221-PDB-bytesig-port,488015e2010308bfa164d3720cb618deea7e1c098b1d61af530d258a6f17d27b,0x01E009F0
0x000DE860,MapMarkerData::Load,221-PDB-bytesig-port,488015e2010308bfa164d3720cb618deea7e1c098b1d61af530d258a6f17d27b,0x002C0DA0
0x000DE950,MapMarkerData::Copy,221-PDB-bytesig-port,488015e2010308bfa164d3720cb618deea7e1c098b1d61af530d258a6f17d27b,0x002C0E90
0x000E4C70,ModelLoader::Shutdown,221-PDB-bytesig-port,488015e2010308bfa164d3720cb618deea7e1c098b1d61af530d258a6f17d27b,0x002C7000
0x000E4EF0,ModelLoader::GetDelayedQueuedReferenceCount,221-PDB-bytesig-port,488015e2010308bfa164d3720cb618deea7e1c098b1d61af530d258a6f17d27b,0x002C7250
0x000E51A0,ModelLoader::IsFileQueuedForCell,221-PDB-bytesig-port,488015e2010308bfa164d3720cb618deea7e1c098b1d61af530d258a6f17d27b,0x002C7500
0x000E5630,ModelLoader::LoadAddonNodes,221-PDB-bytesig-port,488015e2010308bfa164d3720cb618deea7e1c098b1d61af530d258a6f17d27b,0x002C7A70
0x000E60E0,QueuedCharacter::FinishAttach,221-PDB-bytesig-port,488015e2010308bfa164d3720cb618deea7e1c098b1d61af530d258a6f17d27b,0x002C8670
0x000F4700,TES::TES,221-PDB-bytesig-port,488015e2010308bfa164d3720cb618deea7e1c098b1d61af530d258a6f17d27b,0x002CC560
0x000F4700,TES::TES,AE-bytesig-port,e555c6c0e7aba3e9e4801c2e5e11e3a76b42ce080683b4b9c1cf074c2030b737,0x002CC560
0x000F6590,TES::UpdateLoadedAreaBound,221-PDB-bytesig-port,488015e2010308bfa164d3720cb618deea7e1c098b1d61af530d258a6f17d27b,0x002CE880
0x000F89C0,TES::GetGridCellCell,221-PDB-bytesig-port,488015e2010308bfa164d3720cb618deea7e1c098b1d61af530d258a6f17d27b,0x002D1380
0x000FE760,TES::ResetAllMultiBoundNodes,AE-bytesig-port,e555c6c0e7aba3e9e4801c2e5e11e3a76b42ce080683b4b9c1cf074c2030b737,0x002D77F0
0x00113480,TESDataHandler::GetCellFromCellCoord,221-PDB-bytesig-port,488015e2010308bfa164d3720cb618deea7e1c098b1d61af530d258a6f17d27b,0x002E40D0
0x00117D80,TESDataHandler::SortAndLoadPluginsFromPluginsFile,221-PDB-bytesig-port,488015e2010308bfa164d3720cb618deea7e1c098b1d61af530d258a6f17d27b,0x002E8D00
0x00119E10,TESDataHandler::CreateFormOfType,AE-bytesig-port,e555c6c0e7aba3e9e4801c2e5e11e3a76b42ce080683b4b9c1cf074c2030b737,0x002EB500
0x0011AB70,TESDataHandler::GetModFileSize,AE-bytesig-port,e555c6c0e7aba3e9e4801c2e5e11e3a76b42ce080683b4b9c1cf074c2030b737,0x002EC330
0x0011D180,TESDataHandler::RegisterBaseArchivesForFile,AE-bytesig-port,e555c6c0e7aba3e9e4801c2e5e11e3a76b42ce080683b4b9c1cf074c2030b737,0x002EEA20
0x0011D930,TESDataHandler::IsFormIDInuse,AE-bytesig-port,e555c6c0e7aba3e9e4801c2e5e11e3a76b42ce080683b4b9c1cf074c2030b737,0x002EF120
0x00130740,TESFile::EndGroup,221-PDB-bytesig-port,488015e2010308bfa164d3720cb618deea7e1c098b1d61af530d258a6f17d27b,0x002F75C0
0x00130910,TESFile::CloseGroup,221-PDB-bytesig-port,488015e2010308bfa164d3720cb618deea7e1c098b1d61af530d258a6f17d27b,0x002F7790
0x00130A20,TESFile::FindForm,221-PDB-bytesig-port,488015e2010308bfa164d3720cb618deea7e1c098b1d61af530d258a6f17d27b,0x002F7850
0x00130A20,TESFile::FindForm,AE-bytesig-port,e555c6c0e7aba3e9e4801c2e5e11e3a76b42ce080683b4b9c1cf074c2030b737,0x002F7840
0x00130F70,TESFile::NextForm,221-PDB-bytesig-port,488015e2010308bfa164d3720cb618deea7e1c098b1d61af530d258a6f17d27b,0x002F7E80
0x00130F70,TESFile::NextForm,AE-bytesig-port,e555c6c0e7aba3e9e4801c2e5e11e3a76b42ce080683b4b9c1cf074c2030b737,0x002F7E70
0x00131110,TESFile::GetNextForm,221-PDB-bytesig-port,488015e2010308bfa164d3720cb618deea7e1c098b1d61af530d258a6f17d27b,0x002F8020
0x00131110,TESFile::GetNextForm,AE-bytesig-port,e555c6c0e7aba3e9e4801c2e5e11e3a76b42ce080683b4b9c1cf074c2030b737,0x002F8010
0x00131260,TESFile::GetTESFormNoRet,221-PDB-bytesig-port,488015e2010308bfa164d3720cb618deea7e1c098b1d61af530d258a6f17d27b,0x002F8160
0x001314A0,TESFile::SetOffsetChunk,221-PDB-bytesig-port,488015e2010308bfa164d3720cb618deea7e1c098b1d61af530d258a6f17d27b,0x002F83A0
0x00131730,TESFile::NextChunk,221-PDB-bytesig-port,488015e2010308bfa164d3720cb618deea7e1c098b1d61af530d258a6f17d27b,0x002F8610
0x00131730,TESFile::NextChunk,AE-bytesig-port,e555c6c0e7aba3e9e4801c2e5e11e3a76b42ce080683b4b9c1cf074c2030b737,0x002F8600
0x00131D70,TESFile::AddChunk,221-PDB-bytesig-port,488015e2010308bfa164d3720cb618deea7e1c098b1d61af530d258a6f17d27b,0x002F8C50
0x001332A0,TESFile::GetTempIDCanLoadFromFile,AE-bytesig-port,e555c6c0e7aba3e9e4801c2e5e11e3a76b42ce080683b4b9c1cf074c2030b737,0x002FA230
0x00133790,scrapMalloc,AE-bytesig-port,e555c6c0e7aba3e9e4801c2e5e11e3a76b42ce080683b4b9c1cf074c2030b737,0x002FA730
0x001376B0,TESModelDB::TESQueuedHandles::AddRequest,AE-bytesig-port,e555c6c0e7aba3e9e4801c2e5e11e3a76b42ce080683b4b9c1cf074c2030b737,0x002FBEF0
0x00139270,DestructibleObjectStage::CreateReplacementModel,221-PDB-bytesig-port,488015e2010308bfa164d3720cb618deea7e1c098b1d61af530d258a6f17d27b,0x002FCC80
0x0013A330,BGSDestructibleObjectForm::GetObjectHealth,221-PDB-bytesig-port,488015e2010308bfa164d3720cb618deea7e1c098b1d61af530d258a6f17d27b,0x002FDDC0
0x0013A520,BGSDestructibleObjectForm::GetModelSwap,221-PDB-bytesig-port,488015e2010308bfa164d3720cb618deea7e1c098b1d61af530d258a6f17d27b,0x002FDFA0
0x001412E0,BGSKeywordForm::GetInstanceKeywordData,AE-bytesig-port,e555c6c0e7aba3e9e4801c2e5e11e3a76b42ce080683b4b9c1cf074c2030b737,0x00303760
0x00142AE0,BGSOpenCloseForm::GetAsOpenCloseForm,AE-bytesig-port,e555c6c0e7aba3e9e4801c2e5e11e3a76b42ce080683b4b9c1cf074c2030b737,0x003046E0
0x00147AC0,FormComponentCollection::InitializeDataAllComponents,221-PDB-bytesig-port,488015e2010308bfa164d3720cb618deea7e1c098b1d61af530d258a6f17d27b,0x00308710
0x00147AC0,FormComponentCollection::InitializeDataAllComponents,AE-bytesig-port,e555c6c0e7aba3e9e4801c2e5e11e3a76b42ce080683b4b9c1cf074c2030b737,0x00308700
0x00147B00,FormComponentCollection::ClearDataAllComponents,221-PDB-bytesig-port,488015e2010308bfa164d3720cb618deea7e1c098b1d61af530d258a6f17d27b,0x00308750
0x00147B00,FormComponentCollection::ClearDataAllComponents,AE-bytesig-port,e555c6c0e7aba3e9e4801c2e5e11e3a76b42ce080683b4b9c1cf074c2030b737,0x00308740
0x00148210,TESActorBaseData::ClearDataComponent,221-PDB-bytesig-port,488015e2010308bfa164d3720cb618deea7e1c098b1d61af530d258a6f17d27b,0x00308D00
0x0014D660,TESBipedModelForm::InitializeDataComponent,221-PDB-bytesig-port,488015e2010308bfa164d3720cb618deea7e1c098b1d61af530d258a6f17d27b,0x0030C9E0
0x0014D6C0,TESBipedModelForm::ClearDataComponent,221-PDB-bytesig-port,488015e2010308bfa164d3720cb618deea7e1c098b1d61af530d258a6f17d27b,0x0030CA40
0x0014D720,TESBipedModelForm::InitComponent,221-PDB-bytesig-port,488015e2010308bfa164d3720cb618deea7e1c098b1d61af530d258a6f17d27b,0x0030CAA0
0x0014F2A0,TESContainer::ContainerCanHoldForm,221-PDB-bytesig-port,488015e2010308bfa164d3720cb618deea7e1c098b1d61af530d258a6f17d27b,0x0030E250
0x00151420,TESFileContainer::GetMaster,221-PDB-bytesig-port,488015e2010308bfa164d3720cb618deea7e1c098b1d61af530d258a6f17d27b,0x003100C0
0x00152C60,TESForm::GetFormTypeByNumericID,221-PDB-bytesig-port,488015e2010308bfa164d3720cb618deea7e1c098b1d61af530d258a6f17d27b,0x00311830
0x001544D0,TESForm::LoadSoundTagComponent,221-PDB-bytesig-port,488015e2010308bfa164d3720cb618deea7e1c098b1d61af530d258a6f17d27b,0x00312F60
0x00154E40,TESForm::GetFilledSlots,221-PDB-bytesig-port,488015e2010308bfa164d3720cb618deea7e1c098b1d61af530d258a6f17d27b,0x00313860
0x001556A0,BGSTypedFormValuePair::Load,221-PDB-bytesig-port,488015e2010308bfa164d3720cb618deea7e1c098b1d61af530d258a6f17d27b,0x00314070
0x0015ACB0,TESHealthForm::GetFormHealth,AE-bytesig-port,e555c6c0e7aba3e9e4801c2e5e11e3a76b42ce080683b4b9c1cf074c2030b737,0x00316610
0x0015C940,TESLeveledList::AddCalcedObject,AE-bytesig-port,e555c6c0e7aba3e9e4801c2e5e11e3a76b42ce080683b4b9c1cf074c2030b737,0x00317E60
0x00160B60,TESModel::QueueMaterials,AE-bytesig-port,e555c6c0e7aba3e9e4801c2e5e11e3a76b42ce080683b4b9c1cf074c2030b737,0x0031B3C0
0x00169570,TESTexture::LoadTextureChunk,221-PDB-bytesig-port,488015e2010308bfa164d3720cb618deea7e1c098b1d61af530d258a6f17d27b,0x003214E0
0x0018CA80,BGSDynamicPersistenceManager::RefPromoteAutoLock::RefPromoteAutoLock,221-PDB-bytesig-port,488015e2010308bfa164d3720cb618deea7e1c098b1d61af530d258a6f17d27b,0x00338CD0
0x0018CA80,BGSDynamicPersistenceManager::RefPromoteAutoLock::RefPromoteAutoLock,AE-bytesig-port,e555c6c0e7aba3e9e4801c2e5e11e3a76b42ce080683b4b9c1cf074c2030b737,0x00338CC0
0x001A5420,RemoveExtraFunctor::WriteDataImpl,221-PDB-bytesig-port,488015e2010308bfa164d3720cb618deea7e1c098b1d61af530d258a6f17d27b,0x00348C80
0x001A6230,BGSInventoryItem::GetInstanceDataStack,221-PDB-bytesig-port,488015e2010308bfa164d3720cb618deea7e1c098b1d61af530d258a6f17d27b,0x00349BA0
0x001A62A0,BGSInventoryItem::GetTotalWeight,AE-bytesig-port,e555c6c0e7aba3e9e4801c2e5e11e3a76b42ce080683b4b9c1cf074c2030b737,0x00349C00
0x001A6390,BGSInventoryItem::IsQuestObject,221-PDB-bytesig-port,488015e2010308bfa164d3720cb618deea7e1c098b1d61af530d258a6f17d27b,0x00349D00
0x001A6390,BGSInventoryItem::IsQuestObject,AE-bytesig-port,e555c6c0e7aba3e9e4801c2e5e11e3a76b42ce080683b4b9c1cf074c2030b737,0x00349CF0
0x001A6510,BGSInventoryItem::GetDisplayFullName,AE-bytesig-port,e555c6c0e7aba3e9e4801c2e5e11e3a76b42ce080683b4b9c1cf074c2030b737,0x00349E70
0x001A7550,BGSInventoryItem::GetInventoryValue,AE-bytesig-port,e555c6c0e7aba3e9e4801c2e5e11e3a76b42ce080683b4b9c1cf074c2030b737,0x0034B130
0x001A7FF0,BGSInventoryItem::HasExtraDataFunctor::CompareData,221-PDB-bytesig-port,488015e2010308bfa164d3720cb618deea7e1c098b1d61af530d258a6f17d27b,0x0034BBE0
0x001A8060,BGSInventoryItem::IsUIEquivalentStackFunctor::CompareData,221-PDB-bytesig-port,488015e2010308bfa164d3720cb618deea7e1c098b1d61af530d258a6f17d27b,0x0034BC50
0x001A84B0,BGSInventoryItem::FindAndWriteStackData,221-PDB-bytesig-port,488015e2010308bfa164d3720cb618deea7e1c098b1d61af530d258a6f17d27b,0x0034C0E0
0x001A84B0,BGSInventoryItem::FindAndWriteStackData,AE-bytesig-port,e555c6c0e7aba3e9e4801c2e5e11e3a76b42ce080683b4b9c1cf074c2030b737,0x0034C0D0
0x001A8580,BGSInventoryItem::MassWriteStackData,221-PDB-bytesig-port,488015e2010308bfa164d3720cb618deea7e1c098b1d61af530d258a6f17d27b,0x0034C1D0
0x001A8830,PlayerCharacter::ProcessInWater,221-PDB-bytesig-port,488015e2010308bfa164d3720cb618deea7e1c098b1d61af530d258a6f17d27b,0x00D556B0
0x001AB280,BGSInventoryList::IsQuestObjectFunctor::operator,221-PDB-bytesig-port,488015e2010308bfa164d3720cb618deea7e1c098b1d61af530d258a6f17d27b,0x0034D540
0x001AC6C0,BGSInventoryList::PoisonObject,221-PDB-bytesig-port,488015e2010308bfa164d3720cb618deea7e1c098b1d61af530d258a6f17d27b,0x0034E430
0x001BD6B0,BIPOBJECT::BIPOBJECT,AE-bytesig-port,e555c6c0e7aba3e9e4801c2e5e11e3a76b42ce080683b4b9c1cf074c2030b737,0x00357EA0
0x001BD900,BIPOBJECT::operator_assign,AE-bytesig-port,e555c6c0e7aba3e9e4801c2e5e11e3a76b42ce080683b4b9c1cf074c2030b737,0x00358120
0x001BDA60,BipedAnim::BipedAnim,AE-bytesig-port,e555c6c0e7aba3e9e4801c2e5e11e3a76b42ce080683b4b9c1cf074c2030b737,0x003582A0
0x001BDC10,BipedAnim::BipedAnim_dtor,AE-bytesig-port,e555c6c0e7aba3e9e4801c2e5e11e3a76b42ce080683b4b9c1cf074c2030b737,0x00358460
0x001BDD20,BipedAnim::RemoveClothingAndArmor,AE-bytesig-port,e555c6c0e7aba3e9e4801c2e5e11e3a76b42ce080683b4b9c1cf074c2030b737,0x00358570
0x001BE5B0,BipedAnim::Revert,AE-bytesig-port,e555c6c0e7aba3e9e4801c2e5e11e3a76b42ce080683b4b9c1cf074c2030b737,0x00358F70
0x001C1E60,BipedAnim::LoadAndAttachAddOn,AE-bytesig-port,e555c6c0e7aba3e9e4801c2e5e11e3a76b42ce080683b4b9c1cf074c2030b737,0x0035C950
0x001C26E0,BipedAnim::AttachToParent,AE-bytesig-port,e555c6c0e7aba3e9e4801c2e5e11e3a76b42ce080683b4b9c1cf074c2030b737,0x0035D1C0
0x001CEB20,RemoveScabbard,221-PDB-bytesig-port,488015e2010308bfa164d3720cb618deea7e1c098b1d61af530d258a6f17d27b,0x003654C0
0x001CEC80,RemoveEditorMarkers,221-PDB-bytesig-port,488015e2010308bfa164d3720cb618deea7e1c098b1d61af530d258a6f17d27b,0x00365620
0x001CF260,GetGeometryByIndexInSceneGraph,221-PDB-bytesig-port,488015e2010308bfa164d3720cb618deea7e1c098b1d61af530d258a6f17d27b,0x00365C30
0x001CF330,FindFirstNiCameraRecurse,221-PDB-bytesig-port,488015e2010308bfa164d3720cb618deea7e1c098b1d61af530d258a6f17d27b,0x00365D00
0x001D2B20,GridCellArray::GridCellArray,221-PDB-bytesig-port,488015e2010308bfa164d3720cb618deea7e1c098b1d61af530d258a6f17d27b,0x00367EB0
0x001D2EC0,GridCellArray::SetCenter,221-PDB-bytesig-port,488015e2010308bfa164d3720cb618deea7e1c098b1d61af530d258a6f17d27b,0x00368250
0x001D35D0,GridCellArray::UpdateManagedNodes,221-PDB-bytesig-port,488015e2010308bfa164d3720cb618deea7e1c098b1d61af530d258a6f17d27b,0x00368A30
0x001E33B0,RagDollData::Compare,221-PDB-bytesig-port,488015e2010308bfa164d3720cb618deea7e1c098b1d61af530d258a6f17d27b,0x00374C90
0x001E8220,VatsEffectControl::Enable,AE-bytesig-port,e555c6c0e7aba3e9e4801c2e5e11e3a76b42ce080683b4b9c1cf074c2030b737,0x00378A30
0x001EEC50,Workshop::IsTurret,221-PDB-bytesig-port,488015e2010308bfa164d3720cb618deea7e1c098b1d61af530d258a6f17d27b,0x0037D910
0x001EEC50,Workshop::IsTurret,AE-bytesig-port,e555c6c0e7aba3e9e4801c2e5e11e3a76b42ce080683b4b9c1cf074c2030b737,0x0037D900
0x001EECF0,Workshop::IsMannequin,221-PDB-bytesig-port,488015e2010308bfa164d3720cb618deea7e1c098b1d61af530d258a6f17d27b,0x0037D9B0
0x001F4780,Workshop::HasRecipe,221-PDB-bytesig-port,488015e2010308bfa164d3720cb618deea7e1c098b1d61af530d258a6f17d27b,0x00384170
0x001F4A60,Workshop::WorkshopCanScrapRef,221-PDB-bytesig-port,488015e2010308bfa164d3720cb618deea7e1c098b1d61af530d258a6f17d27b,0x003845F0
0x001F5770,Workshop::SetIsWorkshopItem,221-PDB-bytesig-port,488015e2010308bfa164d3720cb618deea7e1c098b1d61af530d258a6f17d27b,0x003856D0
0x001F5CF0,Workshop::IsRecalculateResourcesProcessing,221-PDB-bytesig-port,488015e2010308bfa164d3720cb618deea7e1c098b1d61af530d258a6f17d27b,0x00385ED0
0x001F6890,Workshop::ExtraData::AddItem,AE-bytesig-port,e555c6c0e7aba3e9e4801c2e5e11e3a76b42ce080683b4b9c1cf074c2030b737,0x00386D60
0x001F7440,Workshop::ExtraData::RemoveConnection,AE-bytesig-port,e555c6c0e7aba3e9e4801c2e5e11e3a76b42ce080683b4b9c1cf074c2030b737,0x003878A0
0x001FB730,Workshop::ItemNeedsRepair,AE-bytesig-port,e555c6c0e7aba3e9e4801c2e5e11e3a76b42ce080683b4b9c1cf074c2030b737,0x0038C430
0x001FC360,PowerUtils::ItemInterruptsPower,221-PDB-bytesig-port,488015e2010308bfa164d3720cb618deea7e1c098b1d61af530d258a6f17d27b,0x0038CFE0
0x001FC360,PowerUtils::ItemInterruptsPower,AE-bytesig-port,e555c6c0e7aba3e9e4801c2e5e11e3a76b42ce080683b4b9c1cf074c2030b737,0x0038CFD0
0x002038F0,PowerUtils::UpdateReferencePower,AE-bytesig-port,e555c6c0e7aba3e9e4801c2e5e11e3a76b42ce080683b4b9c1cf074c2030b737,0x0038ED70
0x00203C80,PowerUtils::ConnectToRadiator,AE-bytesig-port,e555c6c0e7aba3e9e4801c2e5e11e3a76b42ce080683b4b9c1cf074c2030b737,0x0038EF90
0x002058D0,Workshop::GetGroundInfo,221-PDB-bytesig-port,488015e2010308bfa164d3720cb618deea7e1c098b1d61af530d258a6f17d27b,0x003909A0
0x002100F0,Workshop::IsMovingItem,221-PDB-bytesig-port,488015e2010308bfa164d3720cb618deea7e1c098b1d61af530d258a6f17d27b,0x0039CDF0
0x00212C30,Workshop::ClearItemRecipeMaps,221-PDB-bytesig-port,488015e2010308bfa164d3720cb618deea7e1c098b1d61af530d258a6f17d27b,0x00384090
0x00247F00,Workshop::MainStatusHandler::ProcessEvent,221-PDB-bytesig-port,488015e2010308bfa164d3720cb618deea7e1c098b1d61af530d258a6f17d27b,0x0037C920
0x002680C0,NVFlex::BeginFrame,AE-bytesig-port,e555c6c0e7aba3e9e4801c2e5e11e3a76b42ce080683b4b9c1cf074c2030b737,0x003D44F0
0x00280C00,MovementHandlerAgentAnimationDriven::Activate,221-PDB-bytesig-port,488015e2010308bfa164d3720cb618deea7e1c098b1d61af530d258a6f17d27b,0x003E4F60
0x00280CB0,MovementHandlerAgentAnimationDriven::Deactivate,221-PDB-bytesig-port,488015e2010308bfa164d3720cb618deea7e1c098b1d61af530d258a6f17d27b,0x003E5000
0x00281230,MovementHandlerAgentAnimationDriven::SaveGame,221-PDB-bytesig-port,488015e2010308bfa164d3720cb618deea7e1c098b1d61af530d258a6f17d27b,0x003E55E0
0x002812C0,MovementHandlerAgentAnimationDriven::LoadGame,221-PDB-bytesig-port,488015e2010308bfa164d3720cb618deea7e1c098b1d61af530d258a6f17d27b,0x003E5670
0x00282B80,MovementHandlerAgentGraphDrivenAnimationDriven::Activate,221-PDB-bytesig-port,488015e2010308bfa164d3720cb618deea7e1c098b1d61af530d258a6f17d27b,0x003E5E00
0x00282C30,MovementHandlerAgentGraphDrivenAnimationDriven::Deactivate,221-PDB-bytesig-port,488015e2010308bfa164d3720cb618deea7e1c098b1d61af530d258a6f17d27b,0x003E5EA0
0x00282ED0,MovementHandlerAgentGraphDrivenAnimationDriven::LoadGame,221-PDB-bytesig-port,488015e2010308bfa164d3720cb618deea7e1c098b1d61af530d258a6f17d27b,0x003E6180
0x002839C0,MovementHandlerAgentPlayerControls::Init,221-PDB-bytesig-port,488015e2010308bfa164d3720cb618deea7e1c098b1d61af530d258a6f17d27b,0x003E6850
0x002845C0,MovementHandlerAgentPlayerControls::SaveGame,221-PDB-bytesig-port,488015e2010308bfa164d3720cb618deea7e1c098b1d61af530d258a6f17d27b,0x003E7430
0x00284600,MovementHandlerAgentPlayerControls::LoadGame,221-PDB-bytesig-port,488015e2010308bfa164d3720cb618deea7e1c098b1d61af530d258a6f17d27b,0x003E7470
0x0028B810,TESRegion::SelectWeather,221-PDB-bytesig-port,488015e2010308bfa164d3720cb618deea7e1c098b1d61af530d258a6f17d27b,0x003EB840
0x0028BA10,TESRegion::Validate,221-PDB-bytesig-port,488015e2010308bfa164d3720cb618deea7e1c098b1d61af530d258a6f17d27b,0x003EBA40
0x0028DA80,TESRegionDataList::Find,221-PDB-bytesig-port,488015e2010308bfa164d3720cb618deea7e1c098b1d61af530d258a6f17d27b,0x003ED3B0
0x0028E220,TESRegionDataManager::IsRegionDataObjects,221-PDB-bytesig-port,488015e2010308bfa164d3720cb618deea7e1c098b1d61af530d258a6f17d27b,0x003ED800
0x0028E260,TESRegionDataManager::IsRegionDataWeather,221-PDB-bytesig-port,488015e2010308bfa164d3720cb618deea7e1c098b1d61af530d258a6f17d27b,0x003ED840
0x0028E2A0,TESRegionDataManager::IsRegionDataMap,221-PDB-bytesig-port,488015e2010308bfa164d3720cb618deea7e1c098b1d61af530d258a6f17d27b,0x003ED880
0x0028E2E0,TESRegionDataManager::IsRegionDataLandscape,221-PDB-bytesig-port,488015e2010308bfa164d3720cb618deea7e1c098b1d61af530d258a6f17d27b,0x003ED8C0
0x0028E320,TESRegionDataManager::IsRegionDataGrass,221-PDB-bytesig-port,488015e2010308bfa164d3720cb618deea7e1c098b1d61af530d258a6f17d27b,0x003ED900
0x0028E360,TESRegionDataManager::IsRegionDataSound,221-PDB-bytesig-port,488015e2010308bfa164d3720cb618deea7e1c098b1d61af530d258a6f17d27b,0x003ED940
0x0029A720,BSDismember::ExtractVertexData,AE-bytesig-port,e555c6c0e7aba3e9e4801c2e5e11e3a76b42ce080683b4b9c1cf074c2030b737,0x003F8AA0
0x002A5690,BGSCharacterTint::Entry::CopyData,221-PDB-bytesig-port,488015e2010308bfa164d3720cb618deea7e1c098b1d61af530d258a6f17d27b,0x003FF730
0x002A5950,BGSCharacterTint::PaletteEntry::CopyData,221-PDB-bytesig-port,488015e2010308bfa164d3720cb618deea7e1c098b1d61af530d258a6f17d27b,0x003FFA00
0x002A59D0,BGSCharacterTint::PaletteEntry::SetFromTemplateDefault,221-PDB-bytesig-port,488015e2010308bfa164d3720cb618deea7e1c098b1d61af530d258a6f17d27b,0x003FFA80
0x002A5FB0,BGSCharacterTint::Template::Entry::CopyData,221-PDB-bytesig-port,488015e2010308bfa164d3720cb618deea7e1c098b1d61af530d258a6f17d27b,0x00400260
0x002C2610,BGSScene::SetLastTarget,AE-bytesig-port,e555c6c0e7aba3e9e4801c2e5e11e3a76b42ce080683b4b9c1cf074c2030b737,0x00416870
0x002C2A70,BGSSceneActionNPCResponseDialogue::Load,221-PDB-bytesig-port,488015e2010308bfa164d3720cb618deea7e1c098b1d61af530d258a6f17d27b,0x00412F60
0x002C44A0,BGSSceneActionPlayerDialogue::Copy,221-PDB-bytesig-port,488015e2010308bfa164d3720cb618deea7e1c098b1d61af530d258a6f17d27b,0x004143F0
0x002C5CC0,BGSSceneActionPlayerDialogue::ResetSpeechChallengeInfo,221-PDB-bytesig-port,488015e2010308bfa164d3720cb618deea7e1c098b1d61af530d258a6f17d27b,0x00415DD0
0x002C5DC0,BGSSceneActionPlayerDialogue::Revert,221-PDB-bytesig-port,488015e2010308bfa164d3720cb618deea7e1c098b1d61af530d258a6f17d27b,0x00415ED0
0x002C6170,BGSSceneActionNPCResponseDialogue::GetCurrentTopicInfo,AE-bytesig-port,e555c6c0e7aba3e9e4801c2e5e11e3a76b42ce080683b4b9c1cf074c2030b737,0x004162D0
0x002C63C0,BGSSceneActionPlayerDialogue::GetActionPercentDone,221-PDB-bytesig-port,488015e2010308bfa164d3720cb618deea7e1c098b1d61af530d258a6f17d27b,0x00416520
0x002C7000,BGSSceneActionRadio::Load,221-PDB-bytesig-port,488015e2010308bfa164d3720cb618deea7e1c098b1d61af530d258a6f17d27b,0x00416920
0x002C72A0,BGSSceneActionRadio::Copy,221-PDB-bytesig-port,488015e2010308bfa164d3720cb618deea7e1c098b1d61af530d258a6f17d27b,0x00416C00
0x002CBB00,BGSAutoWeaponSoundDef::DoAudibilityTest,221-PDB-bytesig-port,488015e2010308bfa164d3720cb618deea7e1c098b1d61af530d258a6f17d27b,0x0041A040
0x002D3420,BGSInstanceNamingRules::SaveGame,221-PDB-bytesig-port,488015e2010308bfa164d3720cb618deea7e1c098b1d61af530d258a6f17d27b,0x0041F1B0
0x002ED140,BGSExplosion::BGSExplosion,221-PDB-bytesig-port,488015e2010308bfa164d3720cb618deea7e1c098b1d61af530d258a6f17d27b,0x0042F050
0x002ED960,BGSExplosion::Clone3D,221-PDB-bytesig-port,488015e2010308bfa164d3720cb618deea7e1c098b1d61af530d258a6f17d27b,0x0042F8E0
0x002EFB50,BGSLensFlare::InitItemImpl,221-PDB-bytesig-port,488015e2010308bfa164d3720cb618deea7e1c098b1d61af530d258a6f17d27b,0x004313B0
0x002FAB60,BGSProjectile::UnClone3D,221-PDB-bytesig-port,488015e2010308bfa164d3720cb618deea7e1c098b1d61af530d258a6f17d27b,0x00439300
0x002FB090,BGSProjectile::GetActivateText,221-PDB-bytesig-port,488015e2010308bfa164d3720cb618deea7e1c098b1d61af530d258a6f17d27b,0x00439930
0x00306040,BGSTalkingActivator::InitItemImpl,221-PDB-bytesig-port,488015e2010308bfa164d3720cb618deea7e1c098b1d61af530d258a6f17d27b,0x00440370
0x00306390,BGSTalkingActivator::SaveGame,221-PDB-bytesig-port,488015e2010308bfa164d3720cb618deea7e1c098b1d61af530d258a6f17d27b,0x00440760
0x00306460,BGSTalkingActivator::Revert,221-PDB-bytesig-port,488015e2010308bfa164d3720cb618deea7e1c098b1d61af530d258a6f17d27b,0x00440830
0x0030ADC0,Actor::CanUseIdle,AE-bytesig-port,e555c6c0e7aba3e9e4801c2e5e11e3a76b42ce080683b4b9c1cf074c2030b737,0x00C5A0B0
0x0030EFE0,TESCombatStyle::InitializeData,221-PDB-bytesig-port,488015e2010308bfa164d3720cb618deea7e1c098b1d61af530d258a6f17d27b,0x00446EB0
0x00313900,TESFlora::GetActivateText,221-PDB-bytesig-port,488015e2010308bfa164d3720cb618deea7e1c098b1d61af530d258a6f17d27b,0x0044A700
0x003151F0,TESFurniture::IsWorkbench,221-PDB-bytesig-port,488015e2010308bfa164d3720cb618deea7e1c098b1d61af530d258a6f17d27b,0x0044C310
0x003151F0,TESFurniture::IsWorkbench,AE-bytesig-port,e555c6c0e7aba3e9e4801c2e5e11e3a76b42ce080683b4b9c1cf074c2030b737,0x0044C300
0x003155D0,TESFurniture::LoopingActivate,221-PDB-bytesig-port,488015e2010308bfa164d3720cb618deea7e1c098b1d61af530d258a6f17d27b,0x0044C6E0
0x003208C0,TESObjectLIGH::UnClone3D,221-PDB-bytesig-port,488015e2010308bfa164d3720cb618deea7e1c098b1d61af530d258a6f17d27b,0x004543C0
0x00320970,TESObjectLIGH::SwitchLight,221-PDB-bytesig-port,488015e2010308bfa164d3720cb618deea7e1c098b1d61af530d258a6f17d27b,0x00454470
0x00323750,TESObject::ReplaceModel,221-PDB-bytesig-port,488015e2010308bfa164d3720cb618deea7e1c098b1d61af530d258a6f17d27b,0x004564A0
0x00324960,TESBoundObject::CalcBoundingBox,221-PDB-bytesig-port,488015e2010308bfa164d3720cb618deea7e1c098b1d61af530d258a6f17d27b,0x004576C0
0x003252B0,TESBoundObject::Clone3DMarker,221-PDB-bytesig-port,488015e2010308bfa164d3720cb618deea7e1c098b1d61af530d258a6f17d27b,0x004580D0
0x003256D0,TESBoundObject::GetActivateText,221-PDB-bytesig-port,488015e2010308bfa164d3720cb618deea7e1c098b1d61af530d258a6f17d27b,0x004584F0
0x00327B50,TESObjectACTI::TESObjectACTI,221-PDB-bytesig-port,488015e2010308bfa164d3720cb618deea7e1c098b1d61af530d258a6f17d27b,0x0045A0E0
0x00328840,TESObjectACTI::InitItemImpl,221-PDB-bytesig-port,488015e2010308bfa164d3720cb618deea7e1c098b1d61af530d258a6f17d27b,0x0045AD90
0x00328A80,TESObjectACTI::IsSwitch,AE-bytesig-port,e555c6c0e7aba3e9e4801c2e5e11e3a76b42ce080683b4b9c1cf074c2030b737,0x0045AFF0
0x00328D50,TESObjectACTI::Activate,221-PDB-bytesig-port,488015e2010308bfa164d3720cb618deea7e1c098b1d61af530d258a6f17d27b,0x0045B2E0
0x003292B0,TESObjectACTI::SaveGame,221-PDB-bytesig-port,488015e2010308bfa164d3720cb618deea7e1c098b1d61af530d258a6f17d27b,0x0045B910
0x0032DC70,TESObjectANIO::GetFormEditorID,221-PDB-bytesig-port,488015e2010308bfa164d3720cb618deea7e1c098b1d61af530d258a6f17d27b,0x0045DBD0
0x0032E160,TESObjectARMA::ClearData,221-PDB-bytesig-port,488015e2010308bfa164d3720cb618deea7e1c098b1d61af530d258a6f17d27b,0x0045E350
0x0032F190,TESObjectARMA::GetFacebonesTESModel,AE-bytesig-port,e555c6c0e7aba3e9e4801c2e5e11e3a76b42ce080683b4b9c1cf074c2030b737,0x0045F380
0x00331B70,TESObjectARMO::InitializeData,221-PDB-bytesig-port,488015e2010308bfa164d3720cb618deea7e1c098b1d61af530d258a6f17d27b,0x00461520
0x00331C10,TESObjectARMO::ClearData,221-PDB-bytesig-port,488015e2010308bfa164d3720cb618deea7e1c098b1d61af530d258a6f17d27b,0x004615B0
0x00336B00,TESObjectBOOK::Activate,221-PDB-bytesig-port,488015e2010308bfa164d3720cb618deea7e1c098b1d61af530d258a6f17d27b,0x00465300
0x003371B0,TESObjectBOOK::LoadGame,221-PDB-bytesig-port,488015e2010308bfa164d3720cb618deea7e1c098b1d61af530d258a6f17d27b,0x00465940
0x0033D010,TESObjectDOOR::CalculateDoFavor,221-PDB-bytesig-port,488015e2010308bfa164d3720cb618deea7e1c098b1d61af530d258a6f17d27b,0x0046AA00
0x00344640,TESObjectMISC::ClearData,221-PDB-bytesig-port,488015e2010308bfa164d3720cb618deea7e1c098b1d61af530d258a6f17d27b,0x0046FFB0
0x00346900,TESObjectSTAT::Clone3D,221-PDB-bytesig-port,488015e2010308bfa164d3720cb618deea7e1c098b1d61af530d258a6f17d27b,0x00471AD0
0x003476D0,TESObjectTREE::GetActivateText,221-PDB-bytesig-port,488015e2010308bfa164d3720cb618deea7e1c098b1d61af530d258a6f17d27b,0x00472780
0x00349740,TESObjectWEAP::InstanceData::PostAttach3D,221-PDB-bytesig-port,488015e2010308bfa164d3720cb618deea7e1c098b1d61af530d258a6f17d27b,0x00474AA0
0x0035DBC0,BGSCombinedCellGeometryDB::PurgeCache,221-PDB-bytesig-port,488015e2010308bfa164d3720cb618deea7e1c098b1d61af530d258a6f17d27b,0x004846E0
0x00372D70,BGSEncounterZone::GetCalcedZoneLevel,221-PDB-bytesig-port,488015e2010308bfa164d3720cb618deea7e1c098b1d61af530d258a6f17d27b,0x00494BA0
0x00372D70,BGSEncounterZone::GetCalcedZoneLevel,AE-bytesig-port,e555c6c0e7aba3e9e4801c2e5e11e3a76b42ce080683b4b9c1cf074c2030b737,0x00494B90
0x0037A320,BGSLoadedReferenceCollection::RemoveReference,221-PDB-bytesig-port,488015e2010308bfa164d3720cb618deea7e1c098b1d61af530d258a6f17d27b,0x00499BD0
0x0037EFF0,BGSLocation::FindInFileFast,221-PDB-bytesig-port,488015e2010308bfa164d3720cb618deea7e1c098b1d61af530d258a6f17d27b,0x0049D350
0x0037FFC0,BGSLocation::CheckLocationCleared,221-PDB-bytesig-port,488015e2010308bfa164d3720cb618deea7e1c098b1d61af530d258a6f17d27b,0x0049E680
0x00380EE0,BGSLocation::GetUnreportedCrimeFactionForRef,AE-bytesig-port,e555c6c0e7aba3e9e4801c2e5e11e3a76b42ce080683b4b9c1cf074c2030b737,0x0049F810
0x0038EBC0,BGSShaderParticleGeometryData::InitializeData,221-PDB-bytesig-port,488015e2010308bfa164d3720cb618deea7e1c098b1d61af530d258a6f17d27b,0x004A7400
0x003995E0,TESImageSpace::TESImageSpace,221-PDB-bytesig-port,488015e2010308bfa164d3720cb618deea7e1c098b1d61af530d258a6f17d27b,0x004AF130
0x0039C450,TESObjectLAND::TESObjectLAND,AE-bytesig-port,e555c6c0e7aba3e9e4801c2e5e11e3a76b42ce080683b4b9c1cf074c2030b737,0x004B1DF0
0x0039CF00,TESObjectLAND::SetFormID,221-PDB-bytesig-port,488015e2010308bfa164d3720cb618deea7e1c098b1d61af530d258a6f17d27b,0x004B2960
0x0039CFF0,TESObjectLAND::SetAltered,221-PDB-bytesig-port,488015e2010308bfa164d3720cb618deea7e1c098b1d61af530d258a6f17d27b,0x004B2A50
0x0039D030,TESObjectLAND::BelongsInGroup,221-PDB-bytesig-port,488015e2010308bfa164d3720cb618deea7e1c098b1d61af530d258a6f17d27b,0x004B2A90
0x003A0730,TESObjectLAND::GetWorldCellX,AE-bytesig-port,e555c6c0e7aba3e9e4801c2e5e11e3a76b42ce080683b4b9c1cf074c2030b737,0x004B6890
0x003A0790,TESObjectLAND::GetWorldCellY,AE-bytesig-port,e555c6c0e7aba3e9e4801c2e5e11e3a76b42ce080683b4b9c1cf074c2030b737,0x004B68F0
0x003A7D70,TESObjectLAND::LoadedLandData::LoadedLandData,221-PDB-bytesig-port,488015e2010308bfa164d3720cb618deea7e1c098b1d61af530d258a6f17d27b,0x004BE310
0x003ACBD0,TESObjectCELL::TESObjectCELL,221-PDB-bytesig-port,488015e2010308bfa164d3720cb618deea7e1c098b1d61af530d258a6f17d27b,0x004C1E40
0x003AE440,TESObjectCELL::BelongsInGroup,221-PDB-bytesig-port,488015e2010308bfa164d3720cb618deea7e1c098b1d61af530d258a6f17d27b,0x004C39C0
0x003AF3F0,TESObjectCELL::GetFormEditorID,221-PDB-bytesig-port,488015e2010308bfa164d3720cb618deea7e1c098b1d61af530d258a6f17d27b,0x004C4A60
0x003AF4D0,TESObjectCELL::GetLocation,221-PDB-bytesig-port,488015e2010308bfa164d3720cb618deea7e1c098b1d61af530d258a6f17d27b,0x004C4B60
0x003AF4D0,TESObjectCELL::GetLocation,AE-bytesig-port,e555c6c0e7aba3e9e4801c2e5e11e3a76b42ce080683b4b9c1cf074c2030b737,0x004C4B50
0x003B00D0,TESObjectCELL::GetDataAmbientColor,221-PDB-bytesig-port,488015e2010308bfa164d3720cb618deea7e1c098b1d61af530d258a6f17d27b,0x004C5B40
0x003B01C0,TESObjectCELL::GetDataDirectionalColor,221-PDB-bytesig-port,488015e2010308bfa164d3720cb618deea7e1c098b1d61af530d258a6f17d27b,0x004C5C30
0x003B3220,TESObjectCELL::GetOwner,221-PDB-bytesig-port,488015e2010308bfa164d3720cb618deea7e1c098b1d61af530d258a6f17d27b,0x004C8F60
0x003B3220,TESObjectCELL::GetOwner,AE-bytesig-port,e555c6c0e7aba3e9e4801c2e5e11e3a76b42ce080683b4b9c1cf074c2030b737,0x004C8F50
0x003B32D0,TESObjectCELL::SetDetachTime,AE-bytesig-port,e555c6c0e7aba3e9e4801c2e5e11e3a76b42ce080683b4b9c1cf074c2030b737,0x004C9000
0x003B3420,TESObjectCELL::CalculateEncounterZone,221-PDB-bytesig-port,488015e2010308bfa164d3720cb618deea7e1c098b1d61af530d258a6f17d27b,0x004C9160
0x003B3420,TESObjectCELL::CalculateEncounterZone,AE-bytesig-port,e555c6c0e7aba3e9e4801c2e5e11e3a76b42ce080683b4b9c1cf074c2030b737,0x004C9150
0x003B3600,TESObjectCELL::ReAddCombinedObjectRefs,221-PDB-bytesig-port,488015e2010308bfa164d3720cb618deea7e1c098b1d61af530d258a6f17d27b,0x004C9340
0x003B3600,TESObjectCELL::ReAddCombinedObjectRefs,AE-bytesig-port,e555c6c0e7aba3e9e4801c2e5e11e3a76b42ce080683b4b9c1cf074c2030b737,0x004C9330
0x003B3890,TESObjectCELL::GetHasLockList,221-PDB-bytesig-port,488015e2010308bfa164d3720cb618deea7e1c098b1d61af530d258a6f17d27b,0x004C95C0
0x003B39A0,TESObjectCELL::IsLastLockListActorLeaving,221-PDB-bytesig-port,488015e2010308bfa164d3720cb618deea7e1c098b1d61af530d258a6f17d27b,0x004C96C0
0x003B49C0,TESObjectCELL::SetupCellHfCollision,221-PDB-bytesig-port,488015e2010308bfa164d3720cb618deea7e1c098b1d61af530d258a6f17d27b,0x004CA760
0x003B5390,TESObjectCELL::GetGodRays,221-PDB-bytesig-port,488015e2010308bfa164d3720cb618deea7e1c098b1d61af530d258a6f17d27b,0x004CB160
0x003B53D0,TESObjectCELL::GetWaterType,221-PDB-bytesig-port,488015e2010308bfa164d3720cb618deea7e1c098b1d61af530d258a6f17d27b,0x004CB1A0
0x003B53D0,TESObjectCELL::GetWaterType,AE-bytesig-port,e555c6c0e7aba3e9e4801c2e5e11e3a76b42ce080683b4b9c1cf074c2030b737,0x004CB190
0x003BAFB0,TESObjectCELL::GetCOCPlacementInfo,AE-bytesig-port,e555c6c0e7aba3e9e4801c2e5e11e3a76b42ce080683b4b9c1cf074c2030b737,0x004D1730
0x003BCF70,TESObjectCELL::SetAltered,221-PDB-bytesig-port,488015e2010308bfa164d3720cb618deea7e1c098b1d61af530d258a6f17d27b,0x004D3A60
0x003C2010,TESObjectCELL::UpdateAllRefsLoaded,AE-bytesig-port,e555c6c0e7aba3e9e4801c2e5e11e3a76b42ce080683b4b9c1cf074c2030b737,0x004D8D00
0x003C2290,TESObjectCELL::IncQueuedDistantRefCount,221-PDB-bytesig-port,488015e2010308bfa164d3720cb618deea7e1c098b1d61af530d258a6f17d27b,0x004D8F90
0x003C2310,TESObjectCELL::DecQueuedDistantRefCount,221-PDB-bytesig-port,488015e2010308bfa164d3720cb618deea7e1c098b1d61af530d258a6f17d27b,0x004D9010
0x003C4720,TESObjectCELL::CellRefLockEnter,221-PDB-bytesig-port,488015e2010308bfa164d3720cb618deea7e1c098b1d61af530d258a6f17d27b,0x004DBC70
0x003C4720,TESObjectCELL::CellRefLockEnter,AE-bytesig-port,e555c6c0e7aba3e9e4801c2e5e11e3a76b42ce080683b4b9c1cf074c2030b737,0x004DBC60
0x003C51B0,TESObjectCELL::KillStatics,221-PDB-bytesig-port,488015e2010308bfa164d3720cb618deea7e1c098b1d61af530d258a6f17d27b,0x004DC6E0
0x003C55D0,TESObjectCELL::MoveExteriorWorld,221-PDB-bytesig-port,488015e2010308bfa164d3720cb618deea7e1c098b1d61af530d258a6f17d27b,0x004DCAD0
0x003E11B0,TESObjectCELL::DispatchQueuedChildAttachesToJobs,221-PDB-bytesig-port,488015e2010308bfa164d3720cb618deea7e1c098b1d61af530d258a6f17d27b,0x004EA770
0x003EB590,TESObjectREFR::TESObjectREFR,AE-bytesig-port,e555c6c0e7aba3e9e4801c2e5e11e3a76b42ce080683b4b9c1cf074c2030b737,0x004F1160
0x003ED9E0,TESObjectREFR::BelongsInGroup,221-PDB-bytesig-port,488015e2010308bfa164d3720cb618deea7e1c098b1d61af530d258a6f17d27b,0x004F3A00
0x003EDD20,TESObjectREFR::SetLastFinishedSequence,AE-bytesig-port,e555c6c0e7aba3e9e4801c2e5e11e3a76b42ce080683b4b9c1cf074c2030b737,0x004F3E00
0x003EE420,TESObjectREFR::GetVoiceType,AE-bytesig-port,e555c6c0e7aba3e9e4801c2e5e11e3a76b42ce080683b4b9c1cf074c2030b737,0x004F4520
0x003EF360,TESObjectREFR::CheckSaveGame,221-PDB-bytesig-port,488015e2010308bfa164d3720cb618deea7e1c098b1d61af530d258a6f17d27b,0x004F56D0
0x003F2800,TESObjectREFR::ResetAnimation,221-PDB-bytesig-port,488015e2010308bfa164d3720cb618deea7e1c098b1d61af530d258a6f17d27b,0x004F8F50
0x003F3CB0,TESObjectREFR::GetObstacle,221-PDB-bytesig-port,488015e2010308bfa164d3720cb618deea7e1c098b1d61af530d258a6f17d27b,0x004FA780
0x003F3FF0,TESObjectREFR::GetSequencer,221-PDB-bytesig-port,488015e2010308bfa164d3720cb618deea7e1c098b1d61af530d258a6f17d27b,0x004FA980
0x003F4A10,TESObjectREFR::GetOnLocalMap,221-PDB-bytesig-port,488015e2010308bfa164d3720cb618deea7e1c098b1d61af530d258a6f17d27b,0x004FB500
0x003F4B40,TESObjectREFR::GetIgnoredBySandbox,221-PDB-bytesig-port,488015e2010308bfa164d3720cb618deea7e1c098b1d61af530d258a6f17d27b,0x004FB630
0x003F4EE0,TESObjectREFR::MustRefPersist,221-PDB-bytesig-port,488015e2010308bfa164d3720cb618deea7e1c098b1d61af530d258a6f17d27b,0x004FBA10
0x003F51D0,TESObjectREFR::IsPromoted,AE-bytesig-port,e555c6c0e7aba3e9e4801c2e5e11e3a76b42ce080683b4b9c1cf074c2030b737,0x004FBE80
0x003F5E90,TESObjectREFR::HasNonStartsEnabledAlias,AE-bytesig-port,e555c6c0e7aba3e9e4801c2e5e11e3a76b42ce080683b4b9c1cf074c2030b737,0x004FCAE0
0x003F5FA0,TESObjectREFR::AddAddonNodes,221-PDB-bytesig-port,488015e2010308bfa164d3720cb618deea7e1c098b1d61af530d258a6f17d27b,0x004FCC20
0x003F5FA0,TESObjectREFR::AddAddonNodes,AE-bytesig-port,e555c6c0e7aba3e9e4801c2e5e11e3a76b42ce080683b4b9c1cf074c2030b737,0x004FCC10
0x003F6440,TESObjectREFR::RemoveMasterParticleAddonNodes,221-PDB-bytesig-port,488015e2010308bfa164d3720cb618deea7e1c098b1d61af530d258a6f17d27b,0x004FD0D0
0x003F6B30,TESObjectREFR::GetOriginalOpenByDefaultState,221-PDB-bytesig-port,488015e2010308bfa164d3720cb618deea7e1c098b1d61af530d258a6f17d27b,0x004FD790
0x003F6B30,TESObjectREFR::GetOriginalOpenByDefaultState,AE-bytesig-port,e555c6c0e7aba3e9e4801c2e5e11e3a76b42ce080683b4b9c1cf074c2030b737,0x004FD780
0x003F7750,TESObjectREFR::SaveRagDollData,221-PDB-bytesig-port,488015e2010308bfa164d3720cb618deea7e1c098b1d61af530d258a6f17d27b,0x004FE5F0
0x003F7830,TESObjectREFR::AddQuestAlias,221-PDB-bytesig-port,488015e2010308bfa164d3720cb618deea7e1c098b1d61af530d258a6f17d27b,0x004FE6D0
0x003F79A0,TESObjectREFR::SetCurrentScene,221-PDB-bytesig-port,488015e2010308bfa164d3720cb618deea7e1c098b1d61af530d258a6f17d27b,0x004FE8C0
0x003F7A40,TESObjectREFR::SetCurrentSceneActionComplete,221-PDB-bytesig-port,488015e2010308bfa164d3720cb618deea7e1c098b1d61af530d258a6f17d27b,0x004FE960
0x003F8A40,TESObjectREFR::IsDynamic,221-PDB-bytesig-port,488015e2010308bfa164d3720cb618deea7e1c098b1d61af530d258a6f17d27b,0x004FFAA0
0x003F8B40,TESObjectREFR::HasLight,221-PDB-bytesig-port,488015e2010308bfa164d3720cb618deea7e1c098b1d61af530d258a6f17d27b,0x004FFBA0
0x003FAF70,TESObjectREFR::AddWornItem,221-PDB-bytesig-port,488015e2010308bfa164d3720cb618deea7e1c098b1d61af530d258a6f17d27b,0x00501EF0
0x003FB480,TESObjectREFR::GetInventoryObjectCount,221-PDB-bytesig-port,488015e2010308bfa164d3720cb618deea7e1c098b1d61af530d258a6f17d27b,0x00502290
0x003FB480,TESObjectREFR::GetInventoryObjectCount,AE-bytesig-port,e555c6c0e7aba3e9e4801c2e5e11e3a76b42ce080683b4b9c1cf074c2030b737,0x00502280
0x003FB990,TESObjectREFR::SendContainerChangedEvent,221-PDB-bytesig-port,488015e2010308bfa164d3720cb618deea7e1c098b1d61af530d258a6f17d27b,0x005027F0
0x003FC990,TESObjectREFR::MakeInventoryChanges,221-PDB-bytesig-port,488015e2010308bfa164d3720cb618deea7e1c098b1d61af530d258a6f17d27b,0x00503960
0x003FC990,TESObjectREFR::MakeInventoryChanges,AE-bytesig-port,e555c6c0e7aba3e9e4801c2e5e11e3a76b42ce080683b4b9c1cf074c2030b737,0x00503950
0x003FDC80,TESObjectREFR::InitFromContainerExtra,221-PDB-bytesig-port,488015e2010308bfa164d3720cb618deea7e1c098b1d61af530d258a6f17d27b,0x00504FD0
0x003FDF70,TESObjectREFR::GetInventoryItem,221-PDB-bytesig-port,488015e2010308bfa164d3720cb618deea7e1c098b1d61af530d258a6f17d27b,0x005052A0
0x003FDF70,TESObjectREFR::GetInventoryItem,AE-bytesig-port,e555c6c0e7aba3e9e4801c2e5e11e3a76b42ce080683b4b9c1cf074c2030b737,0x00505290
0x00401DF0,TESObjectREFR::GetLookingAtLocation,221-PDB-bytesig-port,488015e2010308bfa164d3720cb618deea7e1c098b1d61af530d258a6f17d27b,0x00509570
0x004081D0,TESObjectREFR::UpdateReference3DStencilRef,221-PDB-bytesig-port,488015e2010308bfa164d3720cb618deea7e1c098b1d61af530d258a6f17d27b,0x0050FDC0
0x004081D0,TESObjectREFR::UpdateReference3DStencilRef,AE-bytesig-port,e555c6c0e7aba3e9e4801c2e5e11e3a76b42ce080683b4b9c1cf074c2030b737,0x0050FDB0
0x004082E0,TESObjectREFR::GetHasMandatoryAnimUpdate,221-PDB-bytesig-port,488015e2010308bfa164d3720cb618deea7e1c098b1d61af530d258a6f17d27b,0x0050FED0
0x00408360,TESObjectREFR::GetModel,221-PDB-bytesig-port,488015e2010308bfa164d3720cb618deea7e1c098b1d61af530d258a6f17d27b,0x0050FF50
0x00408360,TESObjectREFR::GetModel,AE-bytesig-port,e555c6c0e7aba3e9e4801c2e5e11e3a76b42ce080683b4b9c1cf074c2030b737,0x0050FF40
0x00408580,TESObjectREFR::FindReferenceFor3D,221-PDB-bytesig-port,488015e2010308bfa164d3720cb618deea7e1c098b1d61af530d258a6f17d27b,0x00510170
0x00408580,TESObjectREFR::FindReferenceFor3D,AE-bytesig-port,e555c6c0e7aba3e9e4801c2e5e11e3a76b42ce080683b4b9c1cf074c2030b737,0x00510160
0x00408660,TESObjectREFR::ShouldAttachLightsFor3D,221-PDB-bytesig-port,488015e2010308bfa164d3720cb618deea7e1c098b1d61af530d258a6f17d27b,0x00510250
0x00408850,TESObjectREFR::GetTransform,221-PDB-bytesig-port,488015e2010308bfa164d3720cb618deea7e1c098b1d61af530d258a6f17d27b,0x00510430
0x00408850,TESObjectREFR::GetTransform,AE-bytesig-port,e555c6c0e7aba3e9e4801c2e5e11e3a76b42ce080683b4b9c1cf074c2030b737,0x00510420
0x004088A0,TESObjectREFR::GetPhysicsTransform,221-PDB-bytesig-port,488015e2010308bfa164d3720cb618deea7e1c098b1d61af530d258a6f17d27b,0x00510480
0x00408B40,TESObjectREFR::GetBoundCenter,221-PDB-bytesig-port,488015e2010308bfa164d3720cb618deea7e1c098b1d61af530d258a6f17d27b,0x00510740
0x004095A0,TESObjectREFR::TalkingSequenceUpdate,221-PDB-bytesig-port,488015e2010308bfa164d3720cb618deea7e1c098b1d61af530d258a6f17d27b,0x005111E0
0x004097B0,TESObjectREFR::TalkingSequenceStop,221-PDB-bytesig-port,488015e2010308bfa164d3720cb618deea7e1c098b1d61af530d258a6f17d27b,0x00511430
0x00409990,TESObjectREFR::SetLimbRemoved,221-PDB-bytesig-port,488015e2010308bfa164d3720cb618deea7e1c098b1d61af530d258a6f17d27b,0x00511640
0x0040B510,TESObjectREFR::GetFormEditorID,221-PDB-bytesig-port,488015e2010308bfa164d3720cb618deea7e1c098b1d61af530d258a6f17d27b,0x005130C0
0x0040E9E0,TESObjectREFR::GetDistant3DDataFromFile,221-PDB-bytesig-port,488015e2010308bfa164d3720cb618deea7e1c098b1d61af530d258a6f17d27b,0x00516700
0x0040EE00,TESObjectREFR::MarkAsDeleted,221-PDB-bytesig-port,488015e2010308bfa164d3720cb618deea7e1c098b1d61af530d258a6f17d27b,0x00516B20
0x0040EE00,TESObjectREFR::MarkAsDeleted,AE-bytesig-port,e555c6c0e7aba3e9e4801c2e5e11e3a76b42ce080683b4b9c1cf074c2030b737,0x00516B10
0x0040EE40,TESObjectREFR::IsMarker,221-PDB-bytesig-port,488015e2010308bfa164d3720cb618deea7e1c098b1d61af530d258a6f17d27b,0x00516B60
0x0040EE40,TESObjectREFR::IsMarker,AE-bytesig-port,e555c6c0e7aba3e9e4801c2e5e11e3a76b42ce080683b4b9c1cf074c2030b737,0x00516B50
0x0040EF00,TESObjectREFR::MoveToStartingLocation,221-PDB-bytesig-port,488015e2010308bfa164d3720cb618deea7e1c098b1d61af530d258a6f17d27b,0x00516C20
0x0040EF00,TESObjectREFR::MoveToStartingLocation,AE-bytesig-port,e555c6c0e7aba3e9e4801c2e5e11e3a76b42ce080683b4b9c1cf074c2030b737,0x00516C10
0x0040EF80,TESObjectREFR::GetStartingPosition,221-PDB-bytesig-port,488015e2010308bfa164d3720cb618deea7e1c098b1d61af530d258a6f17d27b,0x00516CA0
0x0040EFF0,TESObjectREFR::GetCurrentLocation,221-PDB-bytesig-port,488015e2010308bfa164d3720cb618deea7e1c098b1d61af530d258a6f17d27b,0x00516D10
0x0040EFF0,TESObjectREFR::GetCurrentLocation,AE-bytesig-port,e555c6c0e7aba3e9e4801c2e5e11e3a76b42ce080683b4b9c1cf074c2030b737,0x00516D00
0x0040F230,TESObjectREFR::GetInterior,221-PDB-bytesig-port,488015e2010308bfa164d3720cb618deea7e1c098b1d61af530d258a6f17d27b,0x00516F60
0x0040F290,TESObjectREFR::GetWorldSpace,221-PDB-bytesig-port,488015e2010308bfa164d3720cb618deea7e1c098b1d61af530d258a6f17d27b,0x00516FC0
0x0040F290,TESObjectREFR::GetWorldSpace,AE-bytesig-port,e555c6c0e7aba3e9e4801c2e5e11e3a76b42ce080683b4b9c1cf074c2030b737,0x00516FB0
0x0040F310,TESObjectREFR::SetParentCell,221-PDB-bytesig-port,488015e2010308bfa164d3720cb618deea7e1c098b1d61af530d258a6f17d27b,0x00517030
0x004109B0,TESObjectREFR::AddWaterRefToWaterSystem,221-PDB-bytesig-port,488015e2010308bfa164d3720cb618deea7e1c098b1d61af530d258a6f17d27b,0x005186B0
0x00410AF0,TESObjectREFR::RemoveWaterRefFromWaterSystem,221-PDB-bytesig-port,488015e2010308bfa164d3720cb618deea7e1c098b1d61af530d258a6f17d27b,0x005187F0
0x00411460,TESObjectREFR::CullOrShowReferencesFunctor::operator,221-PDB-bytesig-port,488015e2010308bfa164d3720cb618deea7e1c098b1d61af530d258a6f17d27b,0x005191F0
0x00411890,TESObjectREFR::UpdateDynamicNavmesh,AE-bytesig-port,e555c6c0e7aba3e9e4801c2e5e11e3a76b42ce080683b4b9c1cf074c2030b737,0x005196E0
0x004120B0,TESObjectREFR::HasKeywordHelper,221-PDB-bytesig-port,488015e2010308bfa164d3720cb618deea7e1c098b1d61af530d258a6f17d27b,0x00519F20
0x00412400,TESObjectREFR::RemoveAnimSound,221-PDB-bytesig-port,488015e2010308bfa164d3720cb618deea7e1c098b1d61af530d258a6f17d27b,0x00560DE0
0x0042AB00,GetBestArmorFunctor::EvaluateObject,221-PDB-bytesig-port,488015e2010308bfa164d3720cb618deea7e1c098b1d61af530d258a6f17d27b,0x005248D0
0x0042AB80,GetBestWeaponFunctor::EvaluateObject,221-PDB-bytesig-port,488015e2010308bfa164d3720cb618deea7e1c098b1d61af530d258a6f17d27b,0x00524950
0x0042AC00,InventoryScoringFunctor::EvaluateObject,221-PDB-bytesig-port,488015e2010308bfa164d3720cb618deea7e1c098b1d61af530d258a6f17d27b,0x005249D0
0x0042BBA0,GetBestArmorFunctor::ItemQualifies,221-PDB-bytesig-port,488015e2010308bfa164d3720cb618deea7e1c098b1d61af530d258a6f17d27b,0x005250C0
0x00437290,TESObjectREFR_Events::SendScene,221-PDB-bytesig-port,488015e2010308bfa164d3720cb618deea7e1c098b1d61af530d258a6f17d27b,0x0052DE70
0x00437290,TESObjectREFR_Events::SendScene,AE-bytesig-port,e555c6c0e7aba3e9e4801c2e5e11e3a76b42ce080683b4b9c1cf074c2030b737,0x0052DE60
0x0047BBD0,TESObjectREFR::HasUsedMarker,221-PDB-bytesig-port,488015e2010308bfa164d3720cb618deea7e1c098b1d61af530d258a6f17d27b,0x0055E560
0x0047BC70,TESObjectREFR::GetMarkerUsed,221-PDB-bytesig-port,488015e2010308bfa164d3720cb618deea7e1c098b1d61af530d258a6f17d27b,0x0055E600
0x0047BD90,TESObjectREFR::GetMarkerUser,221-PDB-bytesig-port,488015e2010308bfa164d3720cb618deea7e1c098b1d61af530d258a6f17d27b,0x0055E720
0x0047BD90,TESObjectREFR::GetMarkerUser,AE-bytesig-port,e555c6c0e7aba3e9e4801c2e5e11e3a76b42ce080683b4b9c1cf074c2030b737,0x0055E710
0x0047BEC0,TESObjectREFR::SetMarkerUsed,221-PDB-bytesig-port,488015e2010308bfa164d3720cb618deea7e1c098b1d61af530d258a6f17d27b,0x0055E850
0x0047BEC0,TESObjectREFR::SetMarkerUsed,AE-bytesig-port,e555c6c0e7aba3e9e4801c2e5e11e3a76b42ce080683b4b9c1cf074c2030b737,0x0055E840
0x0047CA00,TESObjectREFR::SetRadioStation,221-PDB-bytesig-port,488015e2010308bfa164d3720cb618deea7e1c098b1d61af530d258a6f17d27b,0x0055F6A0
0x0047CBC0,TESObjectREFR::SetRadioIgnoreDistance,221-PDB-bytesig-port,488015e2010308bfa164d3720cb618deea7e1c098b1d61af530d258a6f17d27b,0x0055F860
0x0047D3B0,TESObjectREFR::GetCurrentReceiverData,221-PDB-bytesig-port,488015e2010308bfa164d3720cb618deea7e1c098b1d61af530d258a6f17d27b,0x00560070
0x0047D4A0,TESObjectREFR::GetBaseReceiverData,221-PDB-bytesig-port,488015e2010308bfa164d3720cb618deea7e1c098b1d61af530d258a6f17d27b,0x00560160
0x0047E290,TESObjectREFR::StartSavedAnimSounds,221-PDB-bytesig-port,488015e2010308bfa164d3720cb618deea7e1c098b1d61af530d258a6f17d27b,0x00560F30
0x0047E410,TESObjectREFR::GetCurrentCharge,221-PDB-bytesig-port,488015e2010308bfa164d3720cb618deea7e1c098b1d61af530d258a6f17d27b,0x005611C0
0x0047E560,TESObjectREFR::GetHealth,221-PDB-bytesig-port,488015e2010308bfa164d3720cb618deea7e1c098b1d61af530d258a6f17d27b,0x00561310
0x0047E920,TESObjectREFR::GetFade,221-PDB-bytesig-port,488015e2010308bfa164d3720cb618deea7e1c098b1d61af530d258a6f17d27b,0x00561710
0x0047ED20,TESObjectREFR::GetOwner,221-PDB-bytesig-port,488015e2010308bfa164d3720cb618deea7e1c098b1d61af530d258a6f17d27b,0x00561B00
0x0047ED20,TESObjectREFR::GetOwner,AE-bytesig-port,e555c6c0e7aba3e9e4801c2e5e11e3a76b42ce080683b4b9c1cf074c2030b737,0x00561AF0
0x0047F420,TESObjectREFR::GetEncounterZone,221-PDB-bytesig-port,488015e2010308bfa164d3720cb618deea7e1c098b1d61af530d258a6f17d27b,0x00562630
0x0047F420,TESObjectREFR::GetEncounterZone,AE-bytesig-port,e555c6c0e7aba3e9e4801c2e5e11e3a76b42ce080683b4b9c1cf074c2030b737,0x00562620
0x0047F500,TESObjectREFR::GetLocationEncounterZone,221-PDB-bytesig-port,488015e2010308bfa164d3720cb618deea7e1c098b1d61af530d258a6f17d27b,0x00562710
0x0047FBC0,TESObjectREFR::RemoveTeleport,221-PDB-bytesig-port,488015e2010308bfa164d3720cb618deea7e1c098b1d61af530d258a6f17d27b,0x00562DD0
0x0047FFE0,TESObjectREFR::UnLock,221-PDB-bytesig-port,488015e2010308bfa164d3720cb618deea7e1c098b1d61af530d258a6f17d27b,0x00563330
0x00480020,TESObjectREFR::Lock,221-PDB-bytesig-port,488015e2010308bfa164d3720cb618deea7e1c098b1d61af530d258a6f17d27b,0x00563370
0x00480020,TESObjectREFR::Lock,AE-bytesig-port,e555c6c0e7aba3e9e4801c2e5e11e3a76b42ce080683b4b9c1cf074c2030b737,0x00563360
0x00480130,TESObjectREFR::IsLeveledCreature,221-PDB-bytesig-port,488015e2010308bfa164d3720cb618deea7e1c098b1d61af530d258a6f17d27b,0x00563630
0x00480130,TESObjectREFR::IsLeveledCreature,AE-bytesig-port,e555c6c0e7aba3e9e4801c2e5e11e3a76b42ce080683b4b9c1cf074c2030b737,0x00563620
0x004805D0,TESObjectREFR::QBoundInsideMultibound,221-PDB-bytesig-port,488015e2010308bfa164d3720cb618deea7e1c098b1d61af530d258a6f17d27b,0x00563B80
0x00480D80,TESObjectREFR::GetLocRefTypeArray,221-PDB-bytesig-port,488015e2010308bfa164d3720cb618deea7e1c098b1d61af530d258a6f17d27b,0x00564310
0x00480E80,TESObjectREFR::CheckUsesExternalEmittance,221-PDB-bytesig-port,488015e2010308bfa164d3720cb618deea7e1c098b1d61af530d258a6f17d27b,0x00564410
0x00482E70,TESObjectREFR::GetPackageStartLocationCoord,221-PDB-bytesig-port,488015e2010308bfa164d3720cb618deea7e1c098b1d61af530d258a6f17d27b,0x00566960
0x004834A0,FindEmittanceProperty,221-PDB-bytesig-port,488015e2010308bfa164d3720cb618deea7e1c098b1d61af530d258a6f17d27b,0x005669F0
0x0048B110,TESWaterForm::Activate,221-PDB-bytesig-port,488015e2010308bfa164d3720cb618deea7e1c098b1d61af530d258a6f17d27b,0x0056C660
0x0048F3C0,TESWeatherList::TESWeatherList,221-PDB-bytesig-port,488015e2010308bfa164d3720cb618deea7e1c098b1d61af530d258a6f17d27b,0x0056FB70
0x00491910,TESWorldSpace::InitItemImpl,221-PDB-bytesig-port,488015e2010308bfa164d3720cb618deea7e1c098b1d61af530d258a6f17d27b,0x00572180
0x004924D0,TESWorldSpace::FindInFileFast,221-PDB-bytesig-port,488015e2010308bfa164d3720cb618deea7e1c098b1d61af530d258a6f17d27b,0x00572E60
0x00493070,TESWorldSpace::GetTerrainManager,221-PDB-bytesig-port,488015e2010308bfa164d3720cb618deea7e1c098b1d61af530d258a6f17d27b,0x005739F0
0x00493450,TESWorldSpace::GetEncounterZone,221-PDB-bytesig-port,488015e2010308bfa164d3720cb618deea7e1c098b1d61af530d258a6f17d27b,0x00573E60
0x00493450,TESWorldSpace::GetEncounterZone,AE-bytesig-port,e555c6c0e7aba3e9e4801c2e5e11e3a76b42ce080683b4b9c1cf074c2030b737,0x00573E50
0x00493890,TESWorldSpace::GetLocation,221-PDB-bytesig-port,488015e2010308bfa164d3720cb618deea7e1c098b1d61af530d258a6f17d27b,0x005743A0
0x00493890,TESWorldSpace::GetLocation,AE-bytesig-port,e555c6c0e7aba3e9e4801c2e5e11e3a76b42ce080683b4b9c1cf074c2030b737,0x00574390
0x00494370,TESWorldSpace::GetOverlappedMultiBoundRefs,221-PDB-bytesig-port,488015e2010308bfa164d3720cb618deea7e1c098b1d61af530d258a6f17d27b,0x00574F70
0x00494F90,TESWorldSpace::AttachPortalGraph,221-PDB-bytesig-port,488015e2010308bfa164d3720cb618deea7e1c098b1d61af530d258a6f17d27b,0x00575BC0
0x00494FF0,TESWorldSpace::DetachPortalGraph,221-PDB-bytesig-port,488015e2010308bfa164d3720cb618deea7e1c098b1d61af530d258a6f17d27b,0x00575C20
0x004A2E40,BGSCameraShot::InitItemImpl,221-PDB-bytesig-port,488015e2010308bfa164d3720cb618deea7e1c098b1d61af530d258a6f17d27b,0x0057F600
0x004A8840,BGSColorForm::InitItemImpl,221-PDB-bytesig-port,488015e2010308bfa164d3720cb618deea7e1c098b1d61af530d258a6f17d27b,0x005837F0
0x004AA060,BGSFootstep::InitializeData,221-PDB-bytesig-port,488015e2010308bfa164d3720cb618deea7e1c098b1d61af530d258a6f17d27b,0x00584A40
0x004AC860,BGSImpactDataSet::CreateDefaultImpactDataSet,221-PDB-bytesig-port,488015e2010308bfa164d3720cb618deea7e1c098b1d61af530d258a6f17d27b,0x00586800
0x004B6F00,BGSMusicPaletteTrack::DoPause,221-PDB-bytesig-port,488015e2010308bfa164d3720cb618deea7e1c098b1d61af530d258a6f17d27b,0x0058DF40
0x004B9350,BGSMusicSingleTrack::DoUpdate,221-PDB-bytesig-port,488015e2010308bfa164d3720cb618deea7e1c098b1d61af530d258a6f17d27b,0x0058F3F0
0x004BA9D0,BGSMusicTrackFormWrapper::InitItemImpl,221-PDB-bytesig-port,488015e2010308bfa164d3720cb618deea7e1c098b1d61af530d258a6f17d27b,0x00590330
0x004BB700,BGSMusicType::DoPause,221-PDB-bytesig-port,488015e2010308bfa164d3720cb618deea7e1c098b1d61af530d258a6f17d27b,0x00590E00
0x004BB750,BGSMusicType::DoFinish,221-PDB-bytesig-port,488015e2010308bfa164d3720cb618deea7e1c098b1d61af530d258a6f17d27b,0x00590E50
0x004BB930,BGSMusicType::ClearData,221-PDB-bytesig-port,488015e2010308bfa164d3720cb618deea7e1c098b1d61af530d258a6f17d27b,0x00591060
0x004BEB20,BGSSoundDescriptorForm::InitItemImpl,221-PDB-bytesig-port,488015e2010308bfa164d3720cb618deea7e1c098b1d61af530d258a6f17d27b,0x005939B0
0x004BF080,BGSSoundDescriptorForm::GetIsLoop,AE-bytesig-port,e555c6c0e7aba3e9e4801c2e5e11e3a76b42ce080683b4b9c1cf074c2030b737,0x00593DF0
0x004C2020,BGSStandardSoundDef::DoAudibilityTest,221-PDB-bytesig-port,488015e2010308bfa164d3720cb618deea7e1c098b1d61af530d258a6f17d27b,0x00595D50
0x004C2D70,BGSTextureSet::BGSTextureSet,221-PDB-bytesig-port,488015e2010308bfa164d3720cb618deea7e1c098b1d61af530d258a6f17d27b,0x005963C0
0x004C3560,BGSTextureSet::UnClone3D,221-PDB-bytesig-port,488015e2010308bfa164d3720cb618deea7e1c098b1d61af530d258a6f17d27b,0x00596D90
0x004C35D0,BGSTextureSet::GetBGSTextureFilename,221-PDB-bytesig-port,488015e2010308bfa164d3720cb618deea7e1c098b1d61af530d258a6f17d27b,0x00596E00
0x004F3EC0,Script::SetRigidBodyMassBase,AE-bytesig-port,e555c6c0e7aba3e9e4801c2e5e11e3a76b42ce080683b4b9c1cf074c2030b737,0x005C1D40
0x00535860,_Script::ResetDialogueFlags_::_2_::MobDialogueFlagResetter::Operate,221-PDB-bytesig-port,488015e2010308bfa164d3720cb618deea7e1c098b1d61af530d258a6f17d27b,0x0060C240
0x0055B0E0,BGSAssociationType::InitializeData,221-PDB-bytesig-port,488015e2010308bfa164d3720cb618deea7e1c098b1d61af530d258a6f17d27b,0x00613D40
0x0055D460,BGSBodyPart::TestHavokLayer,221-PDB-bytesig-port,488015e2010308bfa164d3720cb618deea7e1c098b1d61af530d258a6f17d27b,0x00616140
0x0055F570,BGSBodyPartData::ClearParts,221-PDB-bytesig-port,488015e2010308bfa164d3720cb618deea7e1c098b1d61af530d258a6f17d27b,0x006177B0
0x0055F660,BGSBodyPartData::GetBodyPart,221-PDB-bytesig-port,488015e2010308bfa164d3720cb618deea7e1c098b1d61af530d258a6f17d27b,0x00617880
0x005623C0,BGSEntryPointFunctionDataTwoValue::CheckConvert,221-PDB-bytesig-port,488015e2010308bfa164d3720cb618deea7e1c098b1d61af530d258a6f17d27b,0x00619910
0x00566300,BGSHeadPart::ClearData,221-PDB-bytesig-port,488015e2010308bfa164d3720cb618deea7e1c098b1d61af530d258a6f17d27b,0x0061C050
0x005675C0,BGSHeadPart::GetFormEditorID,221-PDB-bytesig-port,488015e2010308bfa164d3720cb618deea7e1c098b1d61af530d258a6f17d27b,0x0061CF00
0x00567EE0,BGSIdleMarker::InitItemImpl,221-PDB-bytesig-port,488015e2010308bfa164d3720cb618deea7e1c098b1d61af530d258a6f17d27b,0x0061D920
0x005687D0,BGSKeyword::KillSDM,221-PDB-bytesig-port,488015e2010308bfa164d3720cb618deea7e1c098b1d61af530d258a6f17d27b,0x0061E130
0x0056AFF0,BGSLocAlias::UpdateFromExternalAlias,221-PDB-bytesig-port,488015e2010308bfa164d3720cb618deea7e1c098b1d61af530d258a6f17d27b,0x0061F960
0x0056B090,BGSLocAlias::GetLinkedAlias,221-PDB-bytesig-port,488015e2010308bfa164d3720cb618deea7e1c098b1d61af530d258a6f17d27b,0x0061FA00
0x0056CF30,BGSMovementType::GetMovementTypeFromID,AE-bytesig-port,e555c6c0e7aba3e9e4801c2e5e11e3a76b42ce080683b4b9c1cf074c2030b737,0x006210F0
0x00571770,BGSPerk::AddPerkVisitor::operator,221-PDB-bytesig-port,488015e2010308bfa164d3720cb618deea7e1c098b1d61af530d258a6f17d27b,0x00625480
0x0057E0F0,BGSRefAlias::UpdateFromExternalAlias,221-PDB-bytesig-port,488015e2010308bfa164d3720cb618deea7e1c098b1d61af530d258a6f17d27b,0x0062E4C0
0x00588C50,BGSRelationship::GetRelationshipLevelValue,AE-bytesig-port,e555c6c0e7aba3e9e4801c2e5e11e3a76b42ce080683b4b9c1cf074c2030b737,0x00632690
0x00588CA0,BGSRelationship::GetRelationshipFavorPointsValue,AE-bytesig-port,e555c6c0e7aba3e9e4801c2e5e11e3a76b42ce080683b4b9c1cf074c2030b737,0x006326E0
0x00588D50,BGSRelationship::SaveGame,221-PDB-bytesig-port,488015e2010308bfa164d3720cb618deea7e1c098b1d61af530d258a6f17d27b,0x006327B0
0x005891A0,BGSRelationship::GetRelationship,AE-bytesig-port,e555c6c0e7aba3e9e4801c2e5e11e3a76b42ce080683b4b9c1cf074c2030b737,0x00632AF0
0x0058C6C0,BGSScene::GetSceneProgressionType,AE-bytesig-port,e555c6c0e7aba3e9e4801c2e5e11e3a76b42ce080683b4b9c1cf074c2030b737,0x006359C0
0x0058CB60,BGSScene::GetActorCount,221-PDB-bytesig-port,488015e2010308bfa164d3720cb618deea7e1c098b1d61af530d258a6f17d27b,0x00636040
0x0058E4F0,BGSScene::GetSceneActionPercent,221-PDB-bytesig-port,488015e2010308bfa164d3720cb618deea7e1c098b1d61af530d258a6f17d27b,0x00637EB0
0x0058E560,BGSScene::GetLastSpeaker,221-PDB-bytesig-port,488015e2010308bfa164d3720cb618deea7e1c098b1d61af530d258a6f17d27b,0x00637F20
0x0058E5B0,BGSScene::SetLastSpeakerID,221-PDB-bytesig-port,488015e2010308bfa164d3720cb618deea7e1c098b1d61af530d258a6f17d27b,0x00637F70
0x0058E5B0,BGSScene::SetLastSpeakerID,AE-bytesig-port,e555c6c0e7aba3e9e4801c2e5e11e3a76b42ce080683b4b9c1cf074c2030b737,0x00637F50
0x0058ED30,BGSScene::InitLoadGame,221-PDB-bytesig-port,488015e2010308bfa164d3720cb618deea7e1c098b1d61af530d258a6f17d27b,0x006386A0
0x0058ED90,BGSScene::SetPlayerWalkAway,221-PDB-bytesig-port,488015e2010308bfa164d3720cb618deea7e1c098b1d61af530d258a6f17d27b,0x00638700
0x0058FFA0,BGSScene::RestartAllCurrentPhaseActionsFunctor::operator,221-PDB-bytesig-port,488015e2010308bfa164d3720cb618deea7e1c098b1d61af530d258a6f17d27b,0x00639BD0
0x00590010,BGSScene::ResetAllSceneActionsFunctor::operator,221-PDB-bytesig-port,488015e2010308bfa164d3720cb618deea7e1c098b1d61af530d258a6f17d27b,0x00639C40
0x00595DE0,PlayerCharacter::QSceneAllowsDialogueCamera,221-PDB-bytesig-port,488015e2010308bfa164d3720cb618deea7e1c098b1d61af530d258a6f17d27b,0x0063C160
0x005975E0,BGSSceneAction::Load,221-PDB-bytesig-port,488015e2010308bfa164d3720cb618deea7e1c098b1d61af530d258a6f17d27b,0x0063CE30
0x0059A1B0,BGSSceneActionDialogue::LoadGame,221-PDB-bytesig-port,488015e2010308bfa164d3720cb618deea7e1c098b1d61af530d258a6f17d27b,0x0063F360
0x0059C1D0,BGSSceneActionPackage::LoadGame,221-PDB-bytesig-port,488015e2010308bfa164d3720cb618deea7e1c098b1d61af530d258a6f17d27b,0x00640760
0x0059F440,BGSScenePhase::StartPhase,221-PDB-bytesig-port,488015e2010308bfa164d3720cb618deea7e1c098b1d61af530d258a6f17d27b,0x00642920
0x0059F6E0,BGSScenePhase::ScriptCallback,221-PDB-bytesig-port,488015e2010308bfa164d3720cb618deea7e1c098b1d61af530d258a6f17d27b,0x00642D00
0x0059F720,BGSScenePhase::CheckStartConditions,221-PDB-bytesig-port,488015e2010308bfa164d3720cb618deea7e1c098b1d61af530d258a6f17d27b,0x00642D40
0x005A1A90,CreatureSounds::Copy,221-PDB-bytesig-port,488015e2010308bfa164d3720cb618deea7e1c098b1d61af530d258a6f17d27b,0x00644060
0x005A25D0,TESActorBase::GetActorValue,221-PDB-bytesig-port,488015e2010308bfa164d3720cb618deea7e1c098b1d61af530d258a6f17d27b,0x00644600
0x005A2A40,TESActorBase::SaveGame,221-PDB-bytesig-port,488015e2010308bfa164d3720cb618deea7e1c098b1d61af530d258a6f17d27b,0x00644A30
0x005A2AC0,TESActorBase::LoadGame,221-PDB-bytesig-port,488015e2010308bfa164d3720cb618deea7e1c098b1d61af530d258a6f17d27b,0x00644AB0
0x005AB520,NiOBBLeaf::FindCollisions,221-PDB-bytesig-port,488015e2010308bfa164d3720cb618deea7e1c098b1d61af530d258a6f17d27b,0x0171F2A0
0x005B1810,TESNPC::ScaleFaceBones,AE-bytesig-port,e555c6c0e7aba3e9e4801c2e5e11e3a76b42ce080683b4b9c1cf074c2030b737,0x006516A0
0x005B40B0,TESNPC::GetShortName,AE-bytesig-port,e555c6c0e7aba3e9e4801c2e5e11e3a76b42ce080683b4b9c1cf074c2030b737,0x00653F60
0x005B74A0,TESNPC::CalculateDoFavor,221-PDB-bytesig-port,488015e2010308bfa164d3720cb618deea7e1c098b1d61af530d258a6f17d27b,0x00656F50
0x005B8D90,TESNPC::InitParts,221-PDB-bytesig-port,488015e2010308bfa164d3720cb618deea7e1c098b1d61af530d258a6f17d27b,0x00658930
0x005B8D90,TESNPC::InitParts,AE-bytesig-port,e555c6c0e7aba3e9e4801c2e5e11e3a76b42ce080683b4b9c1cf074c2030b737,0x00658910
0x005BAD60,TESNPC::GetObjectVoiceType,221-PDB-bytesig-port,488015e2010308bfa164d3720cb618deea7e1c098b1d61af530d258a6f17d27b,0x0065A870
0x005BDA10,TESNPC::FindInFileFast,221-PDB-bytesig-port,488015e2010308bfa164d3720cb618deea7e1c098b1d61af530d258a6f17d27b,0x0065D770
0x005C0700,TESNPC::BakeChargenMorphs,AE-bytesig-port,e555c6c0e7aba3e9e4801c2e5e11e3a76b42ce080683b4b9c1cf074c2030b737,0x0065F000
0x005D4A70,TESQuest::InitSDM,221-PDB-bytesig-port,488015e2010308bfa164d3720cb618deea7e1c098b1d61af530d258a6f17d27b,0x006688F0
0x005D4A70,TESQuest::InitSDM,AE-bytesig-port,e555c6c0e7aba3e9e4801c2e5e11e3a76b42ce080683b4b9c1cf074c2030b737,0x006688D0
0x005D5560,TESQuest::LoadPartial,221-PDB-bytesig-port,488015e2010308bfa164d3720cb618deea7e1c098b1d61af530d258a6f17d27b,0x00669410
0x005D6DC0,TESQuest::GetStageIndexForStageItem,221-PDB-bytesig-port,488015e2010308bfa164d3720cb618deea7e1c098b1d61af530d258a6f17d27b,0x0066ADF0
0x005D7BE0,TESQuest::ResetAllSpeechChallengesFunctor::operator,221-PDB-bytesig-port,488015e2010308bfa164d3720cb618deea7e1c098b1d61af530d258a6f17d27b,0x0066BD10
0x005D7C30,TESQuest::OnStartUpShutDownFunctor::operator,221-PDB-bytesig-port,488015e2010308bfa164d3720cb618deea7e1c098b1d61af530d258a6f17d27b,0x0066BD60
0x005D7C70,TESQuest::RunActiveSceneFunctor::operator,221-PDB-bytesig-port,488015e2010308bfa164d3720cb618deea7e1c098b1d61af530d258a6f17d27b,0x0066BDA0
0x005D98E0,TESQuest::GetAlias,221-PDB-bytesig-port,488015e2010308bfa164d3720cb618deea7e1c098b1d61af530d258a6f17d27b,0x0066DD20
0x005D98E0,TESQuest::GetAlias,AE-bytesig-port,e555c6c0e7aba3e9e4801c2e5e11e3a76b42ce080683b4b9c1cf074c2030b737,0x0066DD00
0x005D9980,TESQuest::GetRefAlias,221-PDB-bytesig-port,488015e2010308bfa164d3720cb618deea7e1c098b1d61af530d258a6f17d27b,0x0066DDB0
0x005D9A10,TESQuest::GetLocAlias,221-PDB-bytesig-port,488015e2010308bfa164d3720cb618deea7e1c098b1d61af530d258a6f17d27b,0x0066DE40
0x005DAF40,TESQuest::ClearRefAlias,221-PDB-bytesig-port,488015e2010308bfa164d3720cb618deea7e1c098b1d61af530d258a6f17d27b,0x0066FA30
0x005DBBA0,TESQuest::CanLocBeAlias,221-PDB-bytesig-port,488015e2010308bfa164d3720cb618deea7e1c098b1d61af530d258a6f17d27b,0x006704E0
0x005DBD90,TESQuest::IsFormReserved,221-PDB-bytesig-port,488015e2010308bfa164d3720cb618deea7e1c098b1d61af530d258a6f17d27b,0x006706D0
0x005DD1D0,TESQuest::GetAliasTestCharacter,221-PDB-bytesig-port,488015e2010308bfa164d3720cb618deea7e1c098b1d61af530d258a6f17d27b,0x00671F40
0x005DD3B0,TESQuest::GetAliasTestCharacterHandle,221-PDB-bytesig-port,488015e2010308bfa164d3720cb618deea7e1c098b1d61af530d258a6f17d27b,0x00672120
0x005DD3F0,TESQuest::DestroyAliasTestCharacter,221-PDB-bytesig-port,488015e2010308bfa164d3720cb618deea7e1c098b1d61af530d258a6f17d27b,0x00672160
0x005DD490,TESQuest::ClearConditionalAliasStateData,221-PDB-bytesig-port,488015e2010308bfa164d3720cb618deea7e1c098b1d61af530d258a6f17d27b,0x00672200
0x005DD640,TESQuest::HasJournalEntry,221-PDB-bytesig-port,488015e2010308bfa164d3720cb618deea7e1c098b1d61af530d258a6f17d27b,0x006723B0
0x005DD970,TESQuest::GetAllMatchingInfosFunctor::operator,221-PDB-bytesig-port,488015e2010308bfa164d3720cb618deea7e1c098b1d61af530d258a6f17d27b,0x00672640
0x00603A60,TESRace::GetMeatCapTextureSet,AE-bytesig-port,e555c6c0e7aba3e9e4801c2e5e11e3a76b42ce080683b4b9c1cf074c2030b737,0x0068C290
0x00603AD0,TESRace::GetMeatCollarTextureSet,AE-bytesig-port,e555c6c0e7aba3e9e4801c2e5e11e3a76b42ce080683b4b9c1cf074c2030b737,0x0068C300
0x0060F5A0,TESRace::GetFormEditorID,221-PDB-bytesig-port,488015e2010308bfa164d3720cb618deea7e1c098b1d61af530d258a6f17d27b,0x00691ED0
0x006189C0,TESTopic::TESTopic,AE-bytesig-port,e555c6c0e7aba3e9e4801c2e5e11e3a76b42ce080683b4b9c1cf074c2030b737,0x00696BF0
0x0061A310,TESTopic::InitDialogueItem,221-PDB-bytesig-port,488015e2010308bfa164d3720cb618deea7e1c098b1d61af530d258a6f17d27b,0x00698600
0x0061A310,TESTopic::InitDialogueItem,AE-bytesig-port,e555c6c0e7aba3e9e4801c2e5e11e3a76b42ce080683b4b9c1cf074c2030b737,0x006985E0
0x0061ABB0,TESTopic::GetFormEditorID,221-PDB-bytesig-port,488015e2010308bfa164d3720cb618deea7e1c098b1d61af530d258a6f17d27b,0x00698EB0
0x0061ABF0,TESTopic::SetFormEditorID,221-PDB-bytesig-port,488015e2010308bfa164d3720cb618deea7e1c098b1d61af530d258a6f17d27b,0x00698EF0
0x00633270,HavokSystem::Init,221-PDB-bytesig-port,488015e2010308bfa164d3720cb618deea7e1c098b1d61af530d258a6f17d27b,0x006A75A0
0x00633270,HavokSystem::Init,AE-bytesig-port,e555c6c0e7aba3e9e4801c2e5e11e3a76b42ce080683b4b9c1cf074c2030b737,0x006A7580
0x006333F0,HavokSystem::Kill,221-PDB-bytesig-port,488015e2010308bfa164d3720cb618deea7e1c098b1d61af530d258a6f17d27b,0x006A7720
0x0063BBE0,TESHavokUtilities::NotifyReferenceOfDynamicMovement,221-PDB-bytesig-port,488015e2010308bfa164d3720cb618deea7e1c098b1d61af530d258a6f17d27b,0x006AD0C0
0x0063BCD0,TESHavokUtilities::CheckTransChangeCallback,221-PDB-bytesig-port,488015e2010308bfa164d3720cb618deea7e1c098b1d61af530d258a6f17d27b,0x006AD1D0
0x0063BDC0,TESHavokUtilities::Should3DRagDoll,221-PDB-bytesig-port,488015e2010308bfa164d3720cb618deea7e1c098b1d61af530d258a6f17d27b,0x006AD2C0
0x00646F20,Moon::Moon,221-PDB-bytesig-port,488015e2010308bfa164d3720cb618deea7e1c098b1d61af530d258a6f17d27b,0x006B5970
0x00648DF0,Precipitation::RenderOcclusionMap,221-PDB-bytesig-port,488015e2010308bfa164d3720cb618deea7e1c098b1d61af530d258a6f17d27b,0x006B7040
0x00651AE0,Sky::ResetWeather,221-PDB-bytesig-port,488015e2010308bfa164d3720cb618deea7e1c098b1d61af530d258a6f17d27b,0x006BF8C0
0x00651AE0,Sky::ResetWeather,AE-bytesig-port,e555c6c0e7aba3e9e4801c2e5e11e3a76b42ce080683b4b9c1cf074c2030b737,0x006BF8A0
0x00652B00,Sky::UpdateFogFromTemplate,221-PDB-bytesig-port,488015e2010308bfa164d3720cb618deea7e1c098b1d61af530d258a6f17d27b,0x006C0610
0x00653760,Sky::FindWeatherOfType,221-PDB-bytesig-port,488015e2010308bfa164d3720cb618deea7e1c098b1d61af530d258a6f17d27b,0x006C1200
0x006541A0,Sky::UnloadAllTextures,221-PDB-bytesig-port,488015e2010308bfa164d3720cb618deea7e1c098b1d61af530d258a6f17d27b,0x006C1C30
0x00659480,Stars::UnloadGeometry,221-PDB-bytesig-port,488015e2010308bfa164d3720cb618deea7e1c098b1d61af530d258a6f17d27b,0x006C5A20
0x0065F2F0,CombatFormulas::CalcWeaponDamagePerSecond,221-PDB-bytesig-port,488015e2010308bfa164d3720cb618deea7e1c098b1d61af530d258a6f17d27b,0x006CA5D0
0x0065F920,CombatFormulas::CalcCombatWeaponDPS,221-PDB-bytesig-port,488015e2010308bfa164d3720cb618deea7e1c098b1d61af530d258a6f17d27b,0x006CACF0
0x00660980,CombatFormulas::GetCriticalChance,221-PDB-bytesig-port,488015e2010308bfa164d3720cb618deea7e1c098b1d61af530d258a6f17d27b,0x006CBFC0
0x00660C80,CombatFormulas::GetScreenSplatterCount,221-PDB-bytesig-port,488015e2010308bfa164d3720cb618deea7e1c098b1d61af530d258a6f17d27b,0x006CC2D0
0x0066A330,BSResourceFaceGenBinaryFile::seek,221-PDB-bytesig-port,488015e2010308bfa164d3720cb618deea7e1c098b1d61af530d258a6f17d27b,0x006D2D60
0x006856D0,BSFaceGenNiNode::UpdateDownwardPass,221-PDB-bytesig-port,488015e2010308bfa164d3720cb618deea7e1c098b1d61af530d258a6f17d27b,0x006E7FC0
0x0068C7E0,BSFaceGenUtils::RemoveHeadPartOnActor,AE-bytesig-port,e555c6c0e7aba3e9e4801c2e5e11e3a76b42ce080683b4b9c1cf074c2030b737,0x006EF040
0x006A7740,BGSPackageDataList::RemapInterruptData,221-PDB-bytesig-port,488015e2010308bfa164d3720cb618deea7e1c098b1d61af530d258a6f17d27b,0x00701760
0x006A7740,BGSPackageDataList::RemapInterruptData,AE-bytesig-port,e555c6c0e7aba3e9e4801c2e5e11e3a76b42ce080683b4b9c1cf074c2030b737,0x00701730
0x006A9D30,BGSPackageDataLocation::IsRefAtLocation,221-PDB-bytesig-port,488015e2010308bfa164d3720cb618deea7e1c098b1d61af530d258a6f17d27b,0x00703AA0
0x006AE7F0,ObjectListItem::GetObjectA,221-PDB-bytesig-port,488015e2010308bfa164d3720cb618deea7e1c098b1d61af530d258a6f17d27b,0x007065D0
0x006AF300,BGSPackageDataObjectList::IsRefAtLocation,221-PDB-bytesig-port,488015e2010308bfa164d3720cb618deea7e1c098b1d61af530d258a6f17d27b,0x007073E0
0x006B24B0,BGSPackageDataTopic::Validate,221-PDB-bytesig-port,488015e2010308bfa164d3720cb618deea7e1c098b1d61af530d258a6f17d27b,0x00709AC0
0x006C2B90,BGSProcedureAcquireExecState::LoadGame,221-PDB-bytesig-port,488015e2010308bfa164d3720cb618deea7e1c098b1d61af530d258a6f17d27b,0x00713270
0x006C3B20,BGSProcedureActivate::Process,221-PDB-bytesig-port,488015e2010308bfa164d3720cb618deea7e1c098b1d61af530d258a6f17d27b,0x00713A10
0x006CD410,BGSProcedureEscort::InitExecState,221-PDB-bytesig-port,488015e2010308bfa164d3720cb618deea7e1c098b1d61af530d258a6f17d27b,0x0071B730
0x006CD600,BGSProcedureEscort::Process,221-PDB-bytesig-port,488015e2010308bfa164d3720cb618deea7e1c098b1d61af530d258a6f17d27b,0x0071B920
0x006D3D30,BGSProcedureFlee::Process,221-PDB-bytesig-port,488015e2010308bfa164d3720cb618deea7e1c098b1d61af530d258a6f17d27b,0x00720A10
0x006D8880,BGSProcedureFlightGrab::InitActorLocation,221-PDB-bytesig-port,488015e2010308bfa164d3720cb618deea7e1c098b1d61af530d258a6f17d27b,0x00724E80
0x006D95E0,BGSProcedureFlightGrabExecState::CleanUp,221-PDB-bytesig-port,488015e2010308bfa164d3720cb618deea7e1c098b1d61af530d258a6f17d27b,0x00725C00
0x006DB3E0,BGSProcedureFollowExecState::RecycleChildren,221-PDB-bytesig-port,488015e2010308bfa164d3720cb618deea7e1c098b1d61af530d258a6f17d27b,0x00727540
0x006E1C40,BGSProcedureGuard::InitExecState,221-PDB-bytesig-port,488015e2010308bfa164d3720cb618deea7e1c098b1d61af530d258a6f17d27b,0x0072CC60
0x006E20E0,BGSProcedureGuardArea::InitExecState,221-PDB-bytesig-port,488015e2010308bfa164d3720cb618deea7e1c098b1d61af530d258a6f17d27b,0x0072D0C0
0x006E5180,BGSProcedureHover::InitExecState,221-PDB-bytesig-port,488015e2010308bfa164d3720cb618deea7e1c098b1d61af530d258a6f17d27b,0x0072F1B0
0x006E6F90,BGSProcedureKeepAnEyeOn::Process,221-PDB-bytesig-port,488015e2010308bfa164d3720cb618deea7e1c098b1d61af530d258a6f17d27b,0x00730860
0x006E8370,BGSProcedureLock::InitActorLocation,221-PDB-bytesig-port,488015e2010308bfa164d3720cb618deea7e1c098b1d61af530d258a6f17d27b,0x00731540
0x006EA220,BGSProcedureOrbit::InitExecState,221-PDB-bytesig-port,488015e2010308bfa164d3720cb618deea7e1c098b1d61af530d258a6f17d27b,0x007329F0
0x006EA500,BGSProcedureOrbit::Process,221-PDB-bytesig-port,488015e2010308bfa164d3720cb618deea7e1c098b1d61af530d258a6f17d27b,0x00732CE0
0x006EB3B0,BGSProcedureOrbitExecState::CleanUp,221-PDB-bytesig-port,488015e2010308bfa164d3720cb618deea7e1c098b1d61af530d258a6f17d27b,0x00733C50
0x006F0370,BGSProcedurePatrolExecState::RecycleChildren,221-PDB-bytesig-port,488015e2010308bfa164d3720cb618deea7e1c098b1d61af530d258a6f17d27b,0x00738AF0
0x006F0450,BGSProcedurePatrolExecState::CleanUp,221-PDB-bytesig-port,488015e2010308bfa164d3720cb618deea7e1c098b1d61af530d258a6f17d27b,0x00738BD0
0x006F44F0,BGSProcedureSandboxExecState::RecycleChildren,221-PDB-bytesig-port,488015e2010308bfa164d3720cb618deea7e1c098b1d61af530d258a6f17d27b,0x0073B8A0
0x006FF200,BGSProcedureSit::InitExecState,221-PDB-bytesig-port,488015e2010308bfa164d3720cb618deea7e1c098b1d61af530d258a6f17d27b,0x00744530
0x006FFB30,BGSProcedureSleep::InitExecState,221-PDB-bytesig-port,488015e2010308bfa164d3720cb618deea7e1c098b1d61af530d258a6f17d27b,0x00744DF0
0x007022F0,BGSProcedureTravel::InitExecState,221-PDB-bytesig-port,488015e2010308bfa164d3720cb618deea7e1c098b1d61af530d258a6f17d27b,0x00746C00
0x00702470,BGSProcedureTravel::InitActorAnimPose,221-PDB-bytesig-port,488015e2010308bfa164d3720cb618deea7e1c098b1d61af530d258a6f17d27b,0x00746D90
0x00705D50,BGSProcedureTreeProcedure::GetCanSucceed,221-PDB-bytesig-port,488015e2010308bfa164d3720cb618deea7e1c098b1d61af530d258a6f17d27b,0x00749C40
0x00705D80,BGSProcedureTreeProcedure::GetAllowPreferredSpeed,221-PDB-bytesig-port,488015e2010308bfa164d3720cb618deea7e1c098b1d61af530d258a6f17d27b,0x00749C70
0x00705DB0,BGSProcedureTreeProcedure::ReceiveVisitor,221-PDB-bytesig-port,488015e2010308bfa164d3720cb618deea7e1c098b1d61af530d258a6f17d27b,0x00749CA0
0x00705E40,BGSProcedureTreeProcedure::GetSuccessCompletesPackage,221-PDB-bytesig-port,488015e2010308bfa164d3720cb618deea7e1c098b1d61af530d258a6f17d27b,0x00749D30
0x00705E70,BGSProcedureTreeProcedure::GetCombatProcedure,221-PDB-bytesig-port,488015e2010308bfa164d3720cb618deea7e1c098b1d61af530d258a6f17d27b,0x00749D60
0x007063E0,BGSProcedureTreeBranch::SetParameterListToPointerMode,221-PDB-bytesig-port,488015e2010308bfa164d3720cb618deea7e1c098b1d61af530d258a6f17d27b,0x0074A3B0
0x00706560,BGSProcedureTreeBranch::ReceiveVisitor,221-PDB-bytesig-port,488015e2010308bfa164d3720cb618deea7e1c098b1d61af530d258a6f17d27b,0x0074A540
0x00707BE0,BGSProcedureTreeRandom::CreateExecState,221-PDB-bytesig-port,488015e2010308bfa164d3720cb618deea7e1c098b1d61af530d258a6f17d27b,0x0074BE60
0x0070D000,BGSProcedureUseMagicExecState::RecycleChildren,221-PDB-bytesig-port,488015e2010308bfa164d3720cb618deea7e1c098b1d61af530d258a6f17d27b,0x00750190
0x0070F110,BGSProcedureUseWeapon::InitActorLocation,221-PDB-bytesig-port,488015e2010308bfa164d3720cb618deea7e1c098b1d61af530d258a6f17d27b,0x00751700
0x00711A40,BGSProcedureUseWeaponExecState::RecycleChildren,221-PDB-bytesig-port,488015e2010308bfa164d3720cb618deea7e1c098b1d61af530d258a6f17d27b,0x007543C0
0x00714000,BGSProcedureWait::Process,221-PDB-bytesig-port,488015e2010308bfa164d3720cb618deea7e1c098b1d61af530d258a6f17d27b,0x007557B0
0x00714E90,BGSProcedureWander::InitExecState,221-PDB-bytesig-port,488015e2010308bfa164d3720cb618deea7e1c098b1d61af530d258a6f17d27b,0x00755EF0
0x00716DB0,BGSVisitProceduresProcess::Visit,221-PDB-bytesig-port,488015e2010308bfa164d3720cb618deea7e1c098b1d61af530d258a6f17d27b,0x00757620
0x00716E90,BGSVisitProceduresInitActorLocation::Visit,221-PDB-bytesig-port,488015e2010308bfa164d3720cb618deea7e1c098b1d61af530d258a6f17d27b,0x007576C0
0x00718C80,TESPackage::SetDialogueTopic,221-PDB-bytesig-port,488015e2010308bfa164d3720cb618deea7e1c098b1d61af530d258a6f17d27b,0x00759330
0x007190D0,TESPackage::ClearData,221-PDB-bytesig-port,488015e2010308bfa164d3720cb618deea7e1c098b1d61af530d258a6f17d27b,0x00759740
0x0071A150,TESPackage::GetLocationWorld,221-PDB-bytesig-port,488015e2010308bfa164d3720cb618deea7e1c098b1d61af530d258a6f17d27b,0x0075A8B0
0x0071A3C0,TESPackage::GetLocationCell,221-PDB-bytesig-port,488015e2010308bfa164d3720cb618deea7e1c098b1d61af530d258a6f17d27b,0x0075AB00
0x0071AA30,TESPackage::GetLocationReference,221-PDB-bytesig-port,488015e2010308bfa164d3720cb618deea7e1c098b1d61af530d258a6f17d27b,0x0075B170
0x0071B530,TESPackage::GetSearchLocationCell,221-PDB-bytesig-port,488015e2010308bfa164d3720cb618deea7e1c098b1d61af530d258a6f17d27b,0x0075BDC0
0x0071B580,TESPackage::GetSearchLocationCoord,221-PDB-bytesig-port,488015e2010308bfa164d3720cb618deea7e1c098b1d61af530d258a6f17d27b,0x0075BE10
0x0071B5F0,TESPackage::GetSearchLocationRadius,221-PDB-bytesig-port,488015e2010308bfa164d3720cb618deea7e1c098b1d61af530d258a6f17d27b,0x0075BE80
0x0071C730,TESPackage::GetInitialTargetCount,221-PDB-bytesig-port,488015e2010308bfa164d3720cb618deea7e1c098b1d61af530d258a6f17d27b,0x0075CFA0
0x0071D690,TESPackage::IsTargetAnActor,221-PDB-bytesig-port,488015e2010308bfa164d3720cb618deea7e1c098b1d61af530d258a6f17d27b,0x0075DE80
0x007296A0,PackageTarget::SetTargReference,AE-bytesig-port,e555c6c0e7aba3e9e4801c2e5e11e3a76b42ce080683b4b9c1cf074c2030b737,0x00767510
0x0072AAE0,TESCondition::InitItem,221-PDB-bytesig-port,488015e2010308bfa164d3720cb618deea7e1c098b1d61af530d258a6f17d27b,0x00768690
0x0072AE10,TESCondition::MoveConditionItem,221-PDB-bytesig-port,488015e2010308bfa164d3720cb618deea7e1c098b1d61af530d258a6f17d27b,0x007689C0
0x0072BC70,CONDITION_ITEM_DATA::Compare,221-PDB-bytesig-port,488015e2010308bfa164d3720cb618deea7e1c098b1d61af530d258a6f17d27b,0x00769530
0x0072C0D0,TESConditionItem::Compare,221-PDB-bytesig-port,488015e2010308bfa164d3720cb618deea7e1c098b1d61af530d258a6f17d27b,0x00769990
0x0072C0D0,TESConditionItem::Compare,AE-bytesig-port,e555c6c0e7aba3e9e4801c2e5e11e3a76b42ce080683b4b9c1cf074c2030b737,0x00769960
0x0072D830,TESParameters::Copy,221-PDB-bytesig-port,488015e2010308bfa164d3720cb618deea7e1c098b1d61af530d258a6f17d27b,0x0076AC60
0x0072F880,BSTempEffectDebris::Update,221-PDB-bytesig-port,488015e2010308bfa164d3720cb618deea7e1c098b1d61af530d258a6f17d27b,0x0076C840
0x0073B2C0,BSTerrainEffect::SetupTerrainEffect,221-PDB-bytesig-port,488015e2010308bfa164d3720cb618deea7e1c098b1d61af530d258a6f17d27b,0x00774F80
0x0073D9D0,NavMesh::NavMesh,AE-bytesig-port,e555c6c0e7aba3e9e4801c2e5e11e3a76b42ce080683b4b9c1cf074c2030b737,0x00776A10
0x00749D70,NavMesh::SetAltered,221-PDB-bytesig-port,488015e2010308bfa164d3720cb618deea7e1c098b1d61af530d258a6f17d27b,0x0077F6A0
0x00749DF0,NavMesh::BelongsInGroup,221-PDB-bytesig-port,488015e2010308bfa164d3720cb618deea7e1c098b1d61af530d258a6f17d27b,0x0077F720
0x0074A340,NavMesh::GetFormDetailedString,221-PDB-bytesig-port,488015e2010308bfa164d3720cb618deea7e1c098b1d61af530d258a6f17d27b,0x0077FC60
0x007571C0,NavMeshObstacleManager::AddObstacleForReference,AE-bytesig-port,e555c6c0e7aba3e9e4801c2e5e11e3a76b42ce080683b4b9c1cf074c2030b737,0x00787980
0x00758BF0,NavMeshObstacleManager::GatherObstaclesForReferenceID,221-PDB-bytesig-port,488015e2010308bfa164d3720cb618deea7e1c098b1d61af530d258a6f17d27b,0x00789910
0x00776230,PathingCell::Write,221-PDB-bytesig-port,488015e2010308bfa164d3720cb618deea7e1c098b1d61af530d258a6f17d27b,0x0079E0D0
0x00776520,PathingCell::GetCell,AE-bytesig-port,e555c6c0e7aba3e9e4801c2e5e11e3a76b42ce080683b4b9c1cf074c2030b737,0x0079E390
0x007765A0,PathingCell::IsEqual,221-PDB-bytesig-port,488015e2010308bfa164d3720cb618deea7e1c098b1d61af530d258a6f17d27b,0x0079E440
0x00776730,PathingCell::QAttached,221-PDB-bytesig-port,488015e2010308bfa164d3720cb618deea7e1c098b1d61af530d258a6f17d27b,0x0079E5D0
0x00776760,PathingCell::QLoaded,221-PDB-bytesig-port,488015e2010308bfa164d3720cb618deea7e1c098b1d61af530d258a6f17d27b,0x0079E600
0x0077D090,TeleportDoorSearch::IsGoalNode,221-PDB-bytesig-port,488015e2010308bfa164d3720cb618deea7e1c098b1d61af530d258a6f17d27b,0x007A3310
0x00780110,TeleportPath::Clear,AE-bytesig-port,e555c6c0e7aba3e9e4801c2e5e11e3a76b42ce080683b4b9c1cf074c2030b737,0x007A4F30
0x00781560,NavMeshSearchClosePoint::IsGoalNode,221-PDB-bytesig-port,488015e2010308bfa164d3720cb618deea7e1c098b1d61af530d258a6f17d27b,0x007A6400
0x0078E700,PathingRequestClosePoint::CopyTo,221-PDB-bytesig-port,488015e2010308bfa164d3720cb618deea7e1c098b1d61af530d258a6f17d27b,0x007B00C0
0x00792090,PathingRequestFlee::Read,221-PDB-bytesig-port,488015e2010308bfa164d3720cb618deea7e1c098b1d61af530d258a6f17d27b,0x007B2820
0x00792820,PathingRequestFly::Read,221-PDB-bytesig-port,488015e2010308bfa164d3720cb618deea7e1c098b1d61af530d258a6f17d27b,0x007B2DB0
0x00795C60,PathingRequestFlyOrbit::Read,221-PDB-bytesig-port,488015e2010308bfa164d3720cb618deea7e1c098b1d61af530d258a6f17d27b,0x007B4DB0
0x007966C0,PathingRequestHide::CopyTo,221-PDB-bytesig-port,488015e2010308bfa164d3720cb618deea7e1c098b1d61af530d258a6f17d27b,0x007B5360
0x00796790,PathingRequestHide::Write,221-PDB-bytesig-port,488015e2010308bfa164d3720cb618deea7e1c098b1d61af530d258a6f17d27b,0x007B5430
0x007967E0,PathingRequestHide::Read,221-PDB-bytesig-port,488015e2010308bfa164d3720cb618deea7e1c098b1d61af530d258a6f17d27b,0x007B5480
0x00796DE0,PathingRequestLOS::CopyTo,221-PDB-bytesig-port,488015e2010308bfa164d3720cb618deea7e1c098b1d61af530d258a6f17d27b,0x007B5820
0x00797BB0,PathingRequestOptimalLocation::Read,221-PDB-bytesig-port,488015e2010308bfa164d3720cb618deea7e1c098b1d61af530d258a6f17d27b,0x007B6230
0x007AFA20,BGSDistantTreeBlock::BGSDistantTreeBlock,221-PDB-bytesig-port,488015e2010308bfa164d3720cb618deea7e1c098b1d61af530d258a6f17d27b,0x007C9130
0x007B0040,BGSDistantTreeBlock::OnLoadFinished,221-PDB-bytesig-port,488015e2010308bfa164d3720cb618deea7e1c098b1d61af530d258a6f17d27b,0x007C9770
0x007B03B0,BGSDistantTreeBlock::CompressInstance,221-PDB-bytesig-port,488015e2010308bfa164d3720cb618deea7e1c098b1d61af530d258a6f17d27b,0x007C9B00
0x007B0B50,BGSDistantTreeBlock::CullTrees,221-PDB-bytesig-port,488015e2010308bfa164d3720cb618deea7e1c098b1d61af530d258a6f17d27b,0x007CA290
0x007B0FD0,BGSDistantTreeBlock::AllocateStaticDataForTreeType,221-PDB-bytesig-port,488015e2010308bfa164d3720cb618deea7e1c098b1d61af530d258a6f17d27b,0x007CA730
0x007B87E0,BGSBtrDB::DBTraits::ArgsType::ArgsType,221-PDB-bytesig-port,488015e2010308bfa164d3720cb618deea7e1c098b1d61af530d258a6f17d27b,0x007CF610
0x007B98A0,BGSTerrainChunk::GetTexture,221-PDB-bytesig-port,488015e2010308bfa164d3720cb618deea7e1c098b1d61af530d258a6f17d27b,0x007D0880
0x007B9C30,BGSTerrainChunk::Hide,221-PDB-bytesig-port,488015e2010308bfa164d3720cb618deea7e1c098b1d61af530d258a6f17d27b,0x007D0C00
0x007B9C80,BGSTerrainChunk::Show,221-PDB-bytesig-port,488015e2010308bfa164d3720cb618deea7e1c098b1d61af530d258a6f17d27b,0x007D0C50
0x007C2180,BGSTerrainManager::GetNormalTextureForPoint,221-PDB-bytesig-port,488015e2010308bfa164d3720cb618deea7e1c098b1d61af530d258a6f17d27b,0x007D7440
0x007C2690,BGSTerrainManager::Show,221-PDB-bytesig-port,488015e2010308bfa164d3720cb618deea7e1c098b1d61af530d258a6f17d27b,0x007D7A70
0x007C26D0,BGSTerrainManager::Hide,221-PDB-bytesig-port,488015e2010308bfa164d3720cb618deea7e1c098b1d61af530d258a6f17d27b,0x007D7AB0
0x007C2770,BGSTerrainManager::GetCurrentWorldHasLOD,221-PDB-bytesig-port,488015e2010308bfa164d3720cb618deea7e1c098b1d61af530d258a6f17d27b,0x007D7B50
0x007C29F0,BGSTerrainManager::FinishAllLoads,221-PDB-bytesig-port,488015e2010308bfa164d3720cb618deea7e1c098b1d61af530d258a6f17d27b,0x007D7DA0
0x007C2E00,BGSTerrainManager::GetLODWorld,221-PDB-bytesig-port,488015e2010308bfa164d3720cb618deea7e1c098b1d61af530d258a6f17d27b,0x007D8100
0x007C2E90,BGSTerrainManager::SetClipVolume,221-PDB-bytesig-port,488015e2010308bfa164d3720cb618deea7e1c098b1d61af530d258a6f17d27b,0x007D8190
0x007C3A80,BGSTerrainManager::SetupActiveCullState,221-PDB-bytesig-port,488015e2010308bfa164d3720cb618deea7e1c098b1d61af530d258a6f17d27b,0x007D8C00
0x007C3B00,BGSTerrainManager::GetActiveOffset,221-PDB-bytesig-port,488015e2010308bfa164d3720cb618deea7e1c098b1d61af530d258a6f17d27b,0x007D8C80
0x007C3C00,BGSTerrainManager::RunUpdate_CellGridShift,221-PDB-bytesig-port,488015e2010308bfa164d3720cb618deea7e1c098b1d61af530d258a6f17d27b,0x007D8D80
0x007C5F20,BGSTerrainNode::UnloadDataRecurse,221-PDB-bytesig-port,488015e2010308bfa164d3720cb618deea7e1c098b1d61af530d258a6f17d27b,0x007DAB20
0x007C6100,BGSTerrainNode::GetChunkForPoint,221-PDB-bytesig-port,488015e2010308bfa164d3720cb618deea7e1c098b1d61af530d258a6f17d27b,0x007DAD10
0x007C8F70,BGSQueuedObjectDowngrade::Perform,221-PDB-bytesig-port,488015e2010308bfa164d3720cb618deea7e1c098b1d61af530d258a6f17d27b,0x007DD0A0
0x007C90B0,BGSQueuedObjectInitialLoad::Perform,221-PDB-bytesig-port,488015e2010308bfa164d3720cb618deea7e1c098b1d61af530d258a6f17d27b,0x007DD1E0
0x007C92D0,BGSTerrainUpdateManager::CancelAllUpdates,221-PDB-bytesig-port,488015e2010308bfa164d3720cb618deea7e1c098b1d61af530d258a6f17d27b,0x007DD3F0
0x007D8660,BGSWaterCollisionManager::bhkPlaceableWater::GetWaterHeight,221-PDB-bytesig-port,488015e2010308bfa164d3720cb618deea7e1c098b1d61af530d258a6f17d27b,0x007E8B40
0x007E7250,BGSScriptEvent::BGSScriptEvent,221-PDB-bytesig-port,488015e2010308bfa164d3720cb618deea7e1c098b1d61af530d258a6f17d27b,0x007F4270
0x007E7420,BGSFavorEvent::BGSFavorEvent,221-PDB-bytesig-port,488015e2010308bfa164d3720cb618deea7e1c098b1d61af530d258a6f17d27b,0x007F4440
0x007F1400,BGSStoryManagerBranchNode::GetQuestsStarted,221-PDB-bytesig-port,488015e2010308bfa164d3720cb618deea7e1c098b1d61af530d258a6f17d27b,0x007F9CC0
0x007F18D0,BGSStoryManagerEventNode::Load,221-PDB-bytesig-port,488015e2010308bfa164d3720cb618deea7e1c098b1d61af530d258a6f17d27b,0x007FA1A0
0x007F8DE0,BGSStoryTeller::FindQuestsForEventsAndUpdate,AE-bytesig-port,e555c6c0e7aba3e9e4801c2e5e11e3a76b42ce080683b4b9c1cf074c2030b737,0x007FE7A0
0x00801A40,AnimationSystemUtils::GetAnimationEndpoint,AE-bytesig-port,e555c6c0e7aba3e9e4801c2e5e11e3a76b42ce080683b4b9c1cf074c2030b737,0x00805170
0x008029F0,AnimationSystemUtils::RetrieveBehaviorGraphDataFrom3D,221-PDB-bytesig-port,488015e2010308bfa164d3720cb618deea7e1c098b1d61af530d258a6f17d27b,0x00806330
0x008029F0,AnimationSystemUtils::RetrieveBehaviorGraphDataFrom3D,AE-bytesig-port,e555c6c0e7aba3e9e4801c2e5e11e3a76b42ce080683b4b9c1cf074c2030b737,0x008062F0
0x00803620,AnimationSystemUtils::IsFileInHkxDB,221-PDB-bytesig-port,488015e2010308bfa164d3720cb618deea7e1c098b1d61af530d258a6f17d27b,0x008072A0
0x0080B000,BGSGamebryoSequenceGeneratorHolderSingleton::UpdateSequenceImpl,221-PDB-bytesig-port,488015e2010308bfa164d3720cb618deea7e1c098b1d61af530d258a6f17d27b,0x0080B170
0x0081CDB0,IAnimationGraphManagerHolder::HasAnimationGraphManager,221-PDB-bytesig-port,488015e2010308bfa164d3720cb618deea7e1c098b1d61af530d258a6f17d27b,0x008186E0
0x0081CDB0,IAnimationGraphManagerHolder::HasAnimationGraphManager,AE-bytesig-port,e555c6c0e7aba3e9e4801c2e5e11e3a76b42ce080683b4b9c1cf074c2030b737,0x008186A0
0x00822350,SimpleAnimationGraphManagerLoadingTask::ReportTaskFinished,221-PDB-bytesig-port,488015e2010308bfa164d3720cb618deea7e1c098b1d61af530d258a6f17d27b,0x0081C4C0
0x0083FA20,VATSCamera::ActorLookCameraState::PreUpdate,221-PDB-bytesig-port,488015e2010308bfa164d3720cb618deea7e1c098b1d61af530d258a6f17d27b,0x00834670
0x0084FF80,CombatBehaviorTreeChargingCloseMovement::Initialize,221-PDB-bytesig-port,488015e2010308bfa164d3720cb618deea7e1c098b1d61af530d258a6f17d27b,0x008451D0
0x00882DA0,CombatMovementRequestFollowActor::SaveGame,221-PDB-bytesig-port,488015e2010308bfa164d3720cb618deea7e1c098b1d61af530d258a6f17d27b,0x00865910
0x00882EC0,CombatMovementRequestFollowActor::LoadGame,221-PDB-bytesig-port,488015e2010308bfa164d3720cb618deea7e1c098b1d61af530d258a6f17d27b,0x00865A30
0x00883110,CombatBehaviorTreeThrow::Initialize,221-PDB-bytesig-port,488015e2010308bfa164d3720cb618deea7e1c098b1d61af530d258a6f17d27b,0x00877150
0x00888760,CombatBehaviorTreeBlock::Initialize,221-PDB-bytesig-port,488015e2010308bfa164d3720cb618deea7e1c098b1d61af530d258a6f17d27b,0x00F24200
0x008AB620,CombatCoveredPath::Queue,221-PDB-bytesig-port,488015e2010308bfa164d3720cb618deea7e1c098b1d61af530d258a6f17d27b,0x00884EE0
0x008ABC70,CombatCoveredPath::SaveGame,221-PDB-bytesig-port,488015e2010308bfa164d3720cb618deea7e1c098b1d61af530d258a6f17d27b,0x00885590
0x008ADD10,CombatPathingRequestCovered::LoadGame,221-PDB-bytesig-port,488015e2010308bfa164d3720cb618deea7e1c098b1d61af530d258a6f17d27b,0x00887B90
0x008C0200,CombatGroup::CheckSplitGroupForTarget,AE-bytesig-port,e555c6c0e7aba3e9e4801c2e5e11e3a76b42ce080683b4b9c1cf074c2030b737,0x00E924A0
0x008C2110,CombatPositionTracker::LoadGame,221-PDB-bytesig-port,488015e2010308bfa164d3720cb618deea7e1c098b1d61af530d258a6f17d27b,0x00896590
0x009B5490,CombatSuppressiveFireBehavior::LoadGame,221-PDB-bytesig-port,488015e2010308bfa164d3720cb618deea7e1c098b1d61af530d258a6f17d27b,0x00976490
0x009CB2F0,PowerArmor::IsPowerArmorBattery,AE-bytesig-port,e555c6c0e7aba3e9e4801c2e5e11e3a76b42ce080683b4b9c1cf074c2030b737,0x00987AA0
0x009CC980,PowerArmor::QActorInPowerArmor,221-PDB-bytesig-port,488015e2010308bfa164d3720cb618deea7e1c098b1d61af530d258a6f17d27b,0x009890E0
0x009D3650,UnloadPowerArmorPreloadData,AE-bytesig-port,e555c6c0e7aba3e9e4801c2e5e11e3a76b42ce080683b4b9c1cf074c2030b737,0x00993760
0x009E60C0,BSIdleInputWatcher::PerformInputProcessing,221-PDB-bytesig-port,488015e2010308bfa164d3720cb618deea7e1c098b1d61af530d258a6f17d27b,0x0099A5E0
0x009F7CE0,ClearIdleCommand::DoExecute,221-PDB-bytesig-port,488015e2010308bfa164d3720cb618deea7e1c098b1d61af530d258a6f17d27b,0x009A4720
0x009F8DA0,FastTravelCommandResult::Serialize,221-PDB-bytesig-port,488015e2010308bfa164d3720cb618deea7e1c098b1d61af530d258a6f17d27b,0x009A4FF0
0x009F90E0,LocalMapSnapshotCommand::DoExecute,221-PDB-bytesig-port,488015e2010308bfa164d3720cb618deea7e1c098b1d61af530d258a6f17d27b,0x009A51B0
0x009F9BA0,RemoveCustomMapMarkerCommand::DoExecute,221-PDB-bytesig-port,488015e2010308bfa164d3720cb618deea7e1c098b1d61af530d258a6f17d27b,0x009A5550
0x009FA080,SetCustomMapMarkerCommand::DoExecute,221-PDB-bytesig-port,488015e2010308bfa164d3720cb618deea7e1c098b1d61af530d258a6f17d27b,0x009A56B0
0x009FAE30,SortInventoryCommand::DoExecute,221-PDB-bytesig-port,488015e2010308bfa164d3720cb618deea7e1c098b1d61af530d258a6f17d27b,0x009A5CA0
0x009FB2E0,ToggleComponentFavoriteCommand::DoValidate,221-PDB-bytesig-port,488015e2010308bfa164d3720cb618deea7e1c098b1d61af530d258a6f17d27b,0x009A5DD0
0x009FB370,ToggleComponentFavoriteCommand::DoExecute,221-PDB-bytesig-port,488015e2010308bfa164d3720cb618deea7e1c098b1d61af530d258a6f17d27b,0x009A5E60
0x009FB790,ToggleQuestActiveStatusCommand::DoValidate,221-PDB-bytesig-port,488015e2010308bfa164d3720cb618deea7e1c098b1d61af530d258a6f17d27b,0x009A5FB0
0x00A039B0,HUDActionPointMeter::CanPlaySoundEffects,221-PDB-bytesig-port,488015e2010308bfa164d3720cb618deea7e1c098b1d61af530d258a6f17d27b,0x009AB350
0x00A03A20,HUDActionPointMeter::SetPercent,221-PDB-bytesig-port,488015e2010308bfa164d3720cb618deea7e1c098b1d61af530d258a6f17d27b,0x009AB3C0
0x00A1B760,HUDCompassBase::HUDCompassBase,AE-bytesig-port,e555c6c0e7aba3e9e4801c2e5e11e3a76b42ce080683b4b9c1cf074c2030b737,0x009B7EF0
0x00A22DB0,HUDComponentBase::CanBeVisible,221-PDB-bytesig-port,488015e2010308bfa164d3720cb618deea7e1c098b1d61af530d258a6f17d27b,0x009BC4C0
0x00A2DF00,ShowHUDMessageEvent::ShowHUDMessageEvent,221-PDB-bytesig-port,488015e2010308bfa164d3720cb618deea7e1c098b1d61af530d258a6f17d27b,0x009C2F20
0x00A2DF00,ShowHUDMessageEvent::ShowHUDMessageEvent,AE-bytesig-port,e555c6c0e7aba3e9e4801c2e5e11e3a76b42ce080683b4b9c1cf074c2030b737,0x009C2EE0
0x00A36D50,HUDFloatingQuestMarkers::UpdateDisplayObject,221-PDB-bytesig-port,488015e2010308bfa164d3720cb618deea7e1c098b1d61af530d258a6f17d27b,0x009C7EF0
0x00A4E680,HUDMeter::SetPercent,221-PDB-bytesig-port,488015e2010308bfa164d3720cb618deea7e1c098b1d61af530d258a6f17d27b,0x009DC430
0x00A4E730,HUDMeter::ProcessHUDMessage,221-PDB-bytesig-port,488015e2010308bfa164d3720cb618deea7e1c098b1d61af530d258a6f17d27b,0x009DC4E0
0x00AE6390,Interface3D::Renderer::SupportsScreenAttached3DMasking,AE-bytesig-port,e555c6c0e7aba3e9e4801c2e5e11e3a76b42ce080683b4b9c1cf074c2030b737,0x00A3AAC0
0x00AE6420,Interface3D::Renderer::Offscreen_SetDisplayMode,AE-bytesig-port,e555c6c0e7aba3e9e4801c2e5e11e3a76b42ce080683b4b9c1cf074c2030b737,0x00A3AB50
0x00AE6480,Interface3D::Renderer::Offscreen_Set3D,AE-bytesig-port,e555c6c0e7aba3e9e4801c2e5e11e3a76b42ce080683b4b9c1cf074c2030b737,0x00A3ABB0
0x00AE6A50,Interface3D::Renderer::Highlight_SetElement,AE-bytesig-port,e555c6c0e7aba3e9e4801c2e5e11e3a76b42ce080683b4b9c1cf074c2030b737,0x00A3B0E0
0x00AE9E10,Interface3D::Renderer::DisableDisplays,221-PDB-bytesig-port,488015e2010308bfa164d3720cb618deea7e1c098b1d61af530d258a6f17d27b,0x00A3E920
0x00AE9E10,Interface3D::Renderer::DisableDisplays,AE-bytesig-port,e555c6c0e7aba3e9e4801c2e5e11e3a76b42ce080683b4b9c1cf074c2030b737,0x00A3E8E0
0x00AE9F00,Interface3D::Renderer::ClearFXInfoArrays,221-PDB-bytesig-port,488015e2010308bfa164d3720cb618deea7e1c098b1d61af530d258a6f17d27b,0x00A3EA10
0x00AE9F50,Interface3D::Renderer::CloseOffScreenDebugMode,221-PDB-bytesig-port,488015e2010308bfa164d3720cb618deea7e1c098b1d61af530d258a6f17d27b,0x00A3EA60
0x00B0BB80,ContainerMenuBase::GetItemValue,221-PDB-bytesig-port,488015e2010308bfa164d3720cb618deea7e1c098b1d61af530d258a6f17d27b,0x00A55DC0
0x00B11010,CookingMenu::CreateModdedInventoryItem,221-PDB-bytesig-port,488015e2010308bfa164d3720cb618deea7e1c098b1d61af530d258a6f17d27b,0x00A58250
0x00B17FE0,ExamineMenu::AdvanceMovie,221-PDB-bytesig-port,488015e2010308bfa164d3720cb618deea7e1c098b1d61af530d258a6f17d27b,0x00A5DF10
0x00B1C160,ExamineMenu::NextItemPart,221-PDB-bytesig-port,488015e2010308bfa164d3720cb618deea7e1c098b1d61af530d258a6f17d27b,0x00A62780
0x00B1C300,ExamineMenu::PreviousItemPart,221-PDB-bytesig-port,488015e2010308bfa164d3720cb618deea7e1c098b1d61af530d258a6f17d27b,0x00A62930
0x00B1C4B0,ExamineMenu::AttachModToPreview,221-PDB-bytesig-port,488015e2010308bfa164d3720cb618deea7e1c098b1d61af530d258a6f17d27b,0x00A62AE0
0x00B1D840,ExamineMenu::RevertToInventoryItem,221-PDB-bytesig-port,488015e2010308bfa164d3720cb618deea7e1c098b1d61af530d258a6f17d27b,0x00A63F10
0x00B1D8E0,ExamineMenu::RenameCurrent,221-PDB-bytesig-port,488015e2010308bfa164d3720cb618deea7e1c098b1d61af530d258a6f17d27b,0x00A63FC0
0x00B327C0,GameMenuBase::SetMenuHUDMode,221-PDB-bytesig-port,488015e2010308bfa164d3720cb618deea7e1c098b1d61af530d258a6f17d27b,0x00A72680
0x00B32820,GameMenuBase::ClearMenuHUDMode,221-PDB-bytesig-port,488015e2010308bfa164d3720cb618deea7e1c098b1d61af530d258a6f17d27b,0x00A726E0
0x00B32870,GameMenuBase::CacheShaderFXQuadsForRenderer_Impl,221-PDB-bytesig-port,488015e2010308bfa164d3720cb618deea7e1c098b1d61af530d258a6f17d27b,0x00A72730
0x00B32870,GameMenuBase::CacheShaderFXQuadsForRenderer_Impl,AE-bytesig-port,e555c6c0e7aba3e9e4801c2e5e11e3a76b42ce080683b4b9c1cf074c2030b737,0x00A726F0
0x00B32970,GameMenuBase::SetViewportRect,221-PDB-bytesig-port,488015e2010308bfa164d3720cb618deea7e1c098b1d61af530d258a6f17d27b,0x00A72830
0x00B32970,GameMenuBase::SetViewportRect,AE-bytesig-port,e555c6c0e7aba3e9e4801c2e5e11e3a76b42ce080683b4b9c1cf074c2030b737,0x00A727F0
0x00B346F0,FlashHitIndicator::ProcessHUDMessage,221-PDB-bytesig-port,488015e2010308bfa164d3720cb618deea7e1c098b1d61af530d258a6f17d27b,0x00A73F00
0x00B349B0,FlashLocationText::UpdateDisplayObject,221-PDB-bytesig-port,488015e2010308bfa164d3720cb618deea7e1c098b1d61af530d258a6f17d27b,0x00A741A0
0x00B38730,LevelUpMenu::AdvanceMovie,221-PDB-bytesig-port,488015e2010308bfa164d3720cb618deea7e1c098b1d61af530d258a6f17d27b,0x00A76F70
0x00B39340,LevelUpMenu::PopulateGrid,AE-bytesig-port,e555c6c0e7aba3e9e4801c2e5e11e3a76b42ce080683b4b9c1cf074c2030b737,0x00A77FB0
0x00B3A570,nsLevelUpMenu::TickLevelUpReminder,221-PDB-bytesig-port,488015e2010308bfa164d3720cb618deea7e1c098b1d61af530d258a6f17d27b,0x00A79380
0x00B3BE60,LooksInputRepeatHandler::ShouldHandleEvent,221-PDB-bytesig-port,488015e2010308bfa164d3720cb618deea7e1c098b1d61af530d258a6f17d27b,0x00A7EE00
0x00B44460,LooksMenuUtils::ExitConfirmCallback::operator,221-PDB-bytesig-port,488015e2010308bfa164d3720cb618deea7e1c098b1d61af530d258a6f17d27b,0x00A867A0
0x00B67BC0,ModManager::AddDataEntries,221-PDB-bytesig-port,488015e2010308bfa164d3720cb618deea7e1c098b1d61af530d258a6f17d27b,0x00A8BBF0
0x00B7ABF0,MultiActivateManager::ProcessEvent,221-PDB-bytesig-port,488015e2010308bfa164d3720cb618deea7e1c098b1d61af530d258a6f17d27b,0x00ACD450
0x00B7B9C0,MultiActivateMenu::ProcessMessage,221-PDB-bytesig-port,488015e2010308bfa164d3720cb618deea7e1c098b1d61af530d258a6f17d27b,0x00ACE460
0x00B8EF30,PipboyInventoryMenu::SetQuickkey,AE-bytesig-port,e555c6c0e7aba3e9e4801c2e5e11e3a76b42ce080683b4b9c1cf074c2030b737,0x00AE0D30
0x00B90B60,PipboyInventoryMenu::PlayHolotape,AE-bytesig-port,e555c6c0e7aba3e9e4801c2e5e11e3a76b42ce080683b4b9c1cf074c2030b737,0x00AE2A30
0x00B93C10,PipboyMenu::PreDisplay,221-PDB-bytesig-port,488015e2010308bfa164d3720cb618deea7e1c098b1d61af530d258a6f17d27b,0x00AE49B0
0x00BA0450,PipboyWorkshopMenu::UpdateData,221-PDB-bytesig-port,488015e2010308bfa164d3720cb618deea7e1c098b1d61af530d258a6f17d27b,0x00AEDAB0
0x00BA0450,PipboyWorkshopMenu::UpdateData,AE-bytesig-port,e555c6c0e7aba3e9e4801c2e5e11e3a76b42ce080683b4b9c1cf074c2030b737,0x00AEDC40
0x00BA1810,PlayBinkMenu::HandleEvent,221-PDB-bytesig-port,488015e2010308bfa164d3720cb618deea7e1c098b1d61af530d258a6f17d27b,0x00AEED30
0x00BA3920,PowerArmorModMenu::RegisterMenuComponents,221-PDB-bytesig-port,488015e2010308bfa164d3720cb618deea7e1c098b1d61af530d258a6f17d27b,0x00AF0500
0x00BA3F70,PowerArmorModMenu::ToggleItemEquipped,221-PDB-bytesig-port,488015e2010308bfa164d3720cb618deea7e1c098b1d61af530d258a6f17d27b,0x00AF0C30
0x00BA3FE0,PowerArmorModMenu::UpdateModChoiceList,221-PDB-bytesig-port,488015e2010308bfa164d3720cb618deea7e1c098b1d61af530d258a6f17d27b,0x00AF0CA0
0x00BA91F0,PromptMenu::Call,221-PDB-bytesig-port,488015e2010308bfa164d3720cb618deea7e1c098b1d61af530d258a6f17d27b,0x00AF31C0
0x00BAB530,RobotModMenu::AdvanceMovie,221-PDB-bytesig-port,488015e2010308bfa164d3720cb618deea7e1c098b1d61af530d258a6f17d27b,0x00AF50F0
0x00BABDC0,RobotModMenu::UpdateModChoiceList,221-PDB-bytesig-port,488015e2010308bfa164d3720cb618deea7e1c098b1d61af530d258a6f17d27b,0x00AF5820
0x00BABE10,RobotModMenu::RegisterMenuComponents,221-PDB-bytesig-port,488015e2010308bfa164d3720cb618deea7e1c098b1d61af530d258a6f17d27b,0x00AF5870
0x00BAC620,RobotModMenu::ShowCurrent3D,221-PDB-bytesig-port,488015e2010308bfa164d3720cb618deea7e1c098b1d61af530d258a6f17d27b,0x00AF6050
0x00BCB1D0,TerminalMenuButtons::Call,221-PDB-bytesig-port,488015e2010308bfa164d3720cb618deea7e1c098b1d61af530d258a6f17d27b,0x00B0FB80
0x00BEC230,WorkbenchMenuBase::UpdateOptimizedAutoBuildInv,AE-bytesig-port,e555c6c0e7aba3e9e4801c2e5e11e3a76b42ce080683b4b9c1cf074c2030b737,0x00B29690
0x00BF19D0,WorkshopMenu::PassesRenderConditionText,221-PDB-bytesig-port,488015e2010308bfa164d3720cb618deea7e1c098b1d61af530d258a6f17d27b,0x00B2E270
0x00BF2130,WorkshopMenu::CheckAndSetItemForPlacement,AE-bytesig-port,e555c6c0e7aba3e9e4801c2e5e11e3a76b42ce080683b4b9c1cf074c2030b737,0x00B2EB50
0x00BF54E0,NVGodrays::ApplyLighting,221-PDB-bytesig-port,488015e2010308bfa164d3720cb618deea7e1c098b1d61af530d258a6f17d27b,0x02212B90
0x00C008F0,nsWorkshopMenu::WorkshopMenuPromptRequest::onPromptPressed,221-PDB-bytesig-port,488015e2010308bfa164d3720cb618deea7e1c098b1d61af530d258a6f17d27b,0x00B39730
0x00C04470,PipboyArray::SerializeChanges,221-PDB-bytesig-port,488015e2010308bfa164d3720cb618deea7e1c098b1d61af530d258a6f17d27b,0x00B3C580
0x00C0F7C0,PipboyInventoryData::BaseAddItemCardInfoEntry,AE-bytesig-port,e555c6c0e7aba3e9e4801c2e5e11e3a76b42ce080683b4b9c1cf074c2030b737,0x00B44F30
0x00C1EEF0,PipboyManager::PipboyManager_dtor,AE-bytesig-port,e555c6c0e7aba3e9e4801c2e5e11e3a76b42ce080683b4b9c1cf074c2030b737,0x00B4FA70
0x00C1F290,PipboyManager::PlayPipboyGenericOpenAnim,AE-bytesig-port,e555c6c0e7aba3e9e4801c2e5e11e3a76b42ce080683b4b9c1cf074c2030b737,0x00B50020
0x00C1F720,PipboyManager::StopExamineMenu,AE-bytesig-port,e555c6c0e7aba3e9e4801c2e5e11e3a76b42ce080683b4b9c1cf074c2030b737,0x00B50450
0x00C1F7B0,PipboyManager::AddMenuToPipboy,AE-bytesig-port,e555c6c0e7aba3e9e4801c2e5e11e3a76b42ce080683b4b9c1cf074c2030b737,0x00B504E0
0x00C1F810,PipboyManager::LowerPipboy,AE-bytesig-port,e555c6c0e7aba3e9e4801c2e5e11e3a76b42ce080683b4b9c1cf074c2030b737,0x00B50540
0x00C1F950,PipboyManager::RaisePipboy,AE-bytesig-port,e555c6c0e7aba3e9e4801c2e5e11e3a76b42ce080683b4b9c1cf074c2030b737,0x00B50680
0x00C20040,PipboyManager::PlayItemAnimOnClose,AE-bytesig-port,e555c6c0e7aba3e9e4801c2e5e11e3a76b42ce080683b4b9c1cf074c2030b737,0x00B50ED0
0x00C20130,PipboyManager::ShouldHandleEvent,AE-bytesig-port,e555c6c0e7aba3e9e4801c2e5e11e3a76b42ce080683b4b9c1cf074c2030b737,0x00B50FC0
0x00C205E0,PipboyManager::EnableRenderer,AE-bytesig-port,e555c6c0e7aba3e9e4801c2e5e11e3a76b42ce080683b4b9c1cf074c2030b737,0x00B51480
0x00C214C0,PipboyManager::ProcessLoweringReason,AE-bytesig-port,e555c6c0e7aba3e9e4801c2e5e11e3a76b42ce080683b4b9c1cf074c2030b737,0x00B52400
0x00C21630,PipboyManager::UpdateCursorConstraint,AE-bytesig-port,e555c6c0e7aba3e9e4801c2e5e11e3a76b42ce080683b4b9c1cf074c2030b737,0x00B52570
0x00C33620,PipboyPerksData::DoClearData,221-PDB-bytesig-port,488015e2010308bfa164d3720cb618deea7e1c098b1d61af530d258a6f17d27b,0x00B5EEE0
0x00C40A40,PipboyStatsData::DoClearData,221-PDB-bytesig-port,488015e2010308bfa164d3720cb618deea7e1c098b1d61af530d258a6f17d27b,0x00B68D90
0x00C47B20,PipboyValue::SerializeChanges,221-PDB-bytesig-port,488015e2010308bfa164d3720cb618deea7e1c098b1d61af530d258a6f17d27b,0x00B6DA10
0x00C48730,PipboyWorkshopData::DoClearData,221-PDB-bytesig-port,488015e2010308bfa164d3720cb618deea7e1c098b1d61af530d258a6f17d27b,0x00B6E590
0x00C4D6D0,AccumulatingValueModifierEffect::ShouldModifyOnStart,221-PDB-bytesig-port,488015e2010308bfa164d3720cb618deea7e1c098b1d61af530d258a6f17d27b,0x00B734C0
0x00C4D710,AccumulatingValueModifierEffect::ShouldModifyOnUpdate,221-PDB-bytesig-port,488015e2010308bfa164d3720cb618deea7e1c098b1d61af530d258a6f17d27b,0x00B73500
0x00C4FA00,ActiveEffect::FinishLoadGame,221-PDB-bytesig-port,488015e2010308bfa164d3720cb618deea7e1c098b1d61af530d258a6f17d27b,0x00B752F0
0x00C50150,ActiveEffect::CanFinish,221-PDB-bytesig-port,488015e2010308bfa164d3720cb618deea7e1c098b1d61af530d258a6f17d27b,0x00B75B70
0x00C52B10,ActorMagicCaster::FinishCastImpl,221-PDB-bytesig-port,488015e2010308bfa164d3720cb618deea7e1c098b1d61af530d258a6f17d27b,0x00B77E70
0x00C52B70,ActorMagicCaster::GetMagicNode,221-PDB-bytesig-port,488015e2010308bfa164d3720cb618deea7e1c098b1d61af530d258a6f17d27b,0x00B77ED0
0x00C57240,CloakEffect::Update,221-PDB-bytesig-port,488015e2010308bfa164d3720cb618deea7e1c098b1d61af530d258a6f17d27b,0x00B7B510
0x00C59C40,DamageEffect::AdjustForPerks,221-PDB-bytesig-port,488015e2010308bfa164d3720cb618deea7e1c098b1d61af530d258a6f17d27b,0x00B7CAC0
0x00C5A150,DarknessEffect::Start,221-PDB-bytesig-port,488015e2010308bfa164d3720cb618deea7e1c098b1d61af530d258a6f17d27b,0x00B7CF60
0x00C5B0D0,DisarmEffect::Start,221-PDB-bytesig-port,488015e2010308bfa164d3720cb618deea7e1c098b1d61af530d258a6f17d27b,0x00B7D260
0x00C5B2A0,DisguiseEffect::EvaluateActiveStatus,221-PDB-bytesig-port,488015e2010308bfa164d3720cb618deea7e1c098b1d61af530d258a6f17d27b,0x00B7D480
0x00C5CAC0,DualValueModifierEffect::AdjustForPerks,221-PDB-bytesig-port,488015e2010308bfa164d3720cb618deea7e1c098b1d61af530d258a6f17d27b,0x00B7E0D0
0x00C5CDC0,DualValueModifierEffect::IsCausingHealthDamage,221-PDB-bytesig-port,488015e2010308bfa164d3720cb618deea7e1c098b1d61af530d258a6f17d27b,0x00B7E440
0x00C5CE90,DualValueModifierEffect::IsCausingRadDamage,221-PDB-bytesig-port,488015e2010308bfa164d3720cb618deea7e1c098b1d61af530d258a6f17d27b,0x00B7E510
0x00C60EB0,JetpackEffect::Update,221-PDB-bytesig-port,488015e2010308bfa164d3720cb618deea7e1c098b1d61af530d258a6f17d27b,0x00B80A90
0x00C61C00,LightEffect::Finish,221-PDB-bytesig-port,488015e2010308bfa164d3720cb618deea7e1c098b1d61af530d258a6f17d27b,0x00B81480
0x00C62880,LockEffect::Start,221-PDB-bytesig-port,488015e2010308bfa164d3720cb618deea7e1c098b1d61af530d258a6f17d27b,0x00B81D20
0x00C66170,MagicCaster::GetCasterObjectReference,221-PDB-bytesig-port,488015e2010308bfa164d3720cb618deea7e1c098b1d61af530d258a6f17d27b,0x00B856F0
0x00C66440,MagicCaster::SetCastingTimerForCharge,221-PDB-bytesig-port,488015e2010308bfa164d3720cb618deea7e1c098b1d61af530d258a6f17d27b,0x00B859A0
0x00C66980,MagicCaster::PrepareSound,221-PDB-bytesig-port,488015e2010308bfa164d3720cb618deea7e1c098b1d61af530d258a6f17d27b,0x00B85F40
0x00C66DD0,MagicCaster::GetDefaultProjectileOrigin,221-PDB-bytesig-port,488015e2010308bfa164d3720cb618deea7e1c098b1d61af530d258a6f17d27b,0x00B86370
0x00C6ADD0,ActiveEffectList::Save,221-PDB-bytesig-port,488015e2010308bfa164d3720cb618deea7e1c098b1d61af530d258a6f17d27b,0x00B896C0
0x00C6CC60,MagicTarget::GetTargetAsActor,AE-bytesig-port,e555c6c0e7aba3e9e4801c2e5e11e3a76b42ce080683b4b9c1cf074c2030b737,0x00B8BF60
0x00C6D260,MagicTarget::GetMagicTargetFormID,AE-bytesig-port,e555c6c0e7aba3e9e4801c2e5e11e3a76b42ce080683b4b9c1cf074c2030b737,0x00B8C810
0x00C74950,ModelReferenceEffect::ModelReferenceEffect,221-PDB-bytesig-port,488015e2010308bfa164d3720cb618deea7e1c098b1d61af530d258a6f17d27b,0x00B8F340
0x00C75AE0,ModelReferenceEffect::DetachImpl,221-PDB-bytesig-port,488015e2010308bfa164d3720cb618deea7e1c098b1d61af530d258a6f17d27b,0x00B90780
0x00C76F00,NightEyeEffect::Start,221-PDB-bytesig-port,488015e2010308bfa164d3720cb618deea7e1c098b1d61af530d258a6f17d27b,0x00B91990
0x00C76F50,NightEyeEffect::Finish,221-PDB-bytesig-port,488015e2010308bfa164d3720cb618deea7e1c098b1d61af530d258a6f17d27b,0x00B919E0
0x00C789E0,OpenEffect::Start,221-PDB-bytesig-port,488015e2010308bfa164d3720cb618deea7e1c098b1d61af530d258a6f17d27b,0x00B92880
0x00C79140,ParalysisEffect::Update,221-PDB-bytesig-port,488015e2010308bfa164d3720cb618deea7e1c098b1d61af530d258a6f17d27b,0x00B92B10
0x00C79190,ParalysisEffect::Finish,221-PDB-bytesig-port,488015e2010308bfa164d3720cb618deea7e1c098b1d61af530d258a6f17d27b,0x00B92B60
0x00C7C020,ReferenceEffect::Detach,221-PDB-bytesig-port,488015e2010308bfa164d3720cb618deea7e1c098b1d61af530d258a6f17d27b,0x00B94860
0x00C7CFF0,ReferenceEffectController::GetAttachRoot,221-PDB-bytesig-port,488015e2010308bfa164d3720cb618deea7e1c098b1d61af530d258a6f17d27b,0x00B95470
0x00C7D070,ReferenceEffectController::GetIsRootActor,221-PDB-bytesig-port,488015e2010308bfa164d3720cb618deea7e1c098b1d61af530d258a6f17d27b,0x00B954F0
0x00C7D270,OwnedController::GetAttachRoot,221-PDB-bytesig-port,488015e2010308bfa164d3720cb618deea7e1c098b1d61af530d258a6f17d27b,0x00B956F0
0x00C7D810,ActiveEffectReferenceEffectController::GetScale,221-PDB-bytesig-port,488015e2010308bfa164d3720cb618deea7e1c098b1d61af530d258a6f17d27b,0x00B95C90
0x00C7D8B0,ActiveEffectReferenceEffectController::GetUseSourcePosition,221-PDB-bytesig-port,488015e2010308bfa164d3720cb618deea7e1c098b1d61af530d258a6f17d27b,0x00B95D30
0x00C7DA30,ActiveEffectReferenceEffectController::GetHitEffectArt,221-PDB-bytesig-port,488015e2010308bfa164d3720cb618deea7e1c098b1d61af530d258a6f17d27b,0x00B95EE0
0x00C7DAE0,ActiveEffectReferenceEffectController::EffectShouldFaceTarget,221-PDB-bytesig-port,488015e2010308bfa164d3720cb618deea7e1c098b1d61af530d258a6f17d27b,0x00B95F90
0x00C7DBF0,ActiveEffectReferenceEffectController::GetAllowNo3D,221-PDB-bytesig-port,488015e2010308bfa164d3720cb618deea7e1c098b1d61af530d258a6f17d27b,0x00B96110
0x00C7E070,WeaponEnchantmentController::IsReadyForAttach,221-PDB-bytesig-port,488015e2010308bfa164d3720cb618deea7e1c098b1d61af530d258a6f17d27b,0x00B96580
0x00C7EDC0,ScriptEffect::Finish,221-PDB-bytesig-port,488015e2010308bfa164d3720cb618deea7e1c098b1d61af530d258a6f17d27b,0x00B96C40
0x00C80AE0,ShaderReferenceEffect::Suspend,221-PDB-bytesig-port,488015e2010308bfa164d3720cb618deea7e1c098b1d61af530d258a6f17d27b,0x00B983B0
0x00C80F80,ShaderReferenceEffect::GetAttachRoot,221-PDB-bytesig-port,488015e2010308bfa164d3720cb618deea7e1c098b1d61af530d258a6f17d27b,0x00B98970
0x00C81140,ShaderReferenceEffect::LoadGame,221-PDB-bytesig-port,488015e2010308bfa164d3720cb618deea7e1c098b1d61af530d258a6f17d27b,0x00B98B50
0x00C81400,ShaderReferenceEffect::GetStackableMatch,221-PDB-bytesig-port,488015e2010308bfa164d3720cb618deea7e1c098b1d61af530d258a6f17d27b,0x00B98F20
0x00C83190,SlowTimeEffect::Update,221-PDB-bytesig-port,488015e2010308bfa164d3720cb618deea7e1c098b1d61af530d258a6f17d27b,0x00B9A270
0x00C852C0,SummonCreatureEffect::ClearTargetImpl,221-PDB-bytesig-port,488015e2010308bfa164d3720cb618deea7e1c098b1d61af530d258a6f17d27b,0x00B9B620
0x00C86AD0,SummonPlacementEffect::Init,221-PDB-bytesig-port,488015e2010308bfa164d3720cb618deea7e1c098b1d61af530d258a6f17d27b,0x00B9D300
0x00C86EE0,SummonPlacementEffect::FinishLoadGame,221-PDB-bytesig-port,488015e2010308bfa164d3720cb618deea7e1c098b1d61af530d258a6f17d27b,0x00B9D700
0x00C88290,BanishEffect::Start,221-PDB-bytesig-port,488015e2010308bfa164d3720cb618deea7e1c098b1d61af530d258a6f17d27b,0x00B9E250
0x00C883B0,FrenzyEffect::Start,221-PDB-bytesig-port,488015e2010308bfa164d3720cb618deea7e1c098b1d61af530d258a6f17d27b,0x00B9E370
0x00C8A900,ValueModifierEffect::ClearTargetImpl,221-PDB-bytesig-port,488015e2010308bfa164d3720cb618deea7e1c098b1d61af530d258a6f17d27b,0x00B9FB80
0x00C8AAB0,ValueModifierEffect::IsCausingHealthDamage,221-PDB-bytesig-port,488015e2010308bfa164d3720cb618deea7e1c098b1d61af530d258a6f17d27b,0x00B9FD30
0x00C8AB10,ValueModifierEffect::IsCausingRadDamage,221-PDB-bytesig-port,488015e2010308bfa164d3720cb618deea7e1c098b1d61af530d258a6f17d27b,0x00B9FD90
0x00C8AC70,ValueModifierEffect::ShouldModifyOnStart,221-PDB-bytesig-port,488015e2010308bfa164d3720cb618deea7e1c098b1d61af530d258a6f17d27b,0x00B9FEF0
0x00C8ADE0,ValueModifierEffect::Start,221-PDB-bytesig-port,488015e2010308bfa164d3720cb618deea7e1c098b1d61af530d258a6f17d27b,0x00BA0060
0x00C8AE20,ValueModifierEffect::ShouldModifyOnUpdate,221-PDB-bytesig-port,488015e2010308bfa164d3720cb618deea7e1c098b1d61af530d258a6f17d27b,0x00BA00A0
0x00C8B5E0,ValueModifierEffect::CheckCustomSkillUseConditions,221-PDB-bytesig-port,488015e2010308bfa164d3720cb618deea7e1c098b1d61af530d258a6f17d27b,0x00BA0940
0x00CA07D0,DialogueItem::DialogueItem,AE-bytesig-port,e555c6c0e7aba3e9e4801c2e5e11e3a76b42ce080683b4b9c1cf074c2030b737,0x00BADB20
0x00CA0E60,DialogueItem::SaveGame,221-PDB-bytesig-port,488015e2010308bfa164d3720cb618deea7e1c098b1d61af530d258a6f17d27b,0x00BAE0C0
0x00CA5AC0,ActorUtils::GetBodyPart3D,AE-bytesig-port,e555c6c0e7aba3e9e4801c2e5e11e3a76b42ce080683b4b9c1cf074c2030b737,0x00BB1B10
0x00CA67A0,ActorUtils::ApplyActorRotation,221-PDB-bytesig-port,488015e2010308bfa164d3720cb618deea7e1c098b1d61af530d258a6f17d27b,0x00BB2A40
0x00CAAE00,BGSGameWarningsHandler::GameWarningsSink::ProcessEvent,221-PDB-bytesig-port,488015e2010308bfa164d3720cb618deea7e1c098b1d61af530d258a6f17d27b,0x00BB4D40
0x00CBE130,JobListManager::FinishClothStep,221-PDB-bytesig-port,488015e2010308bfa164d3720cb618deea7e1c098b1d61af530d258a6f17d27b,0x00BD6080
0x00CBE1B0,JobListManager::UpdatePartialBGSTerrainManager,221-PDB-bytesig-port,488015e2010308bfa164d3720cb618deea7e1c098b1d61af530d258a6f17d27b,0x00BD6100
0x00CC1CF0,RadioManager::GetPlayerRadioEnabled,AE-bytesig-port,e555c6c0e7aba3e9e4801c2e5e11e3a76b42ce080683b4b9c1cf074c2030b737,0x00BDAB60
0x00CC2830,RadioManager::StopSceneSounds,221-PDB-bytesig-port,488015e2010308bfa164d3720cb618deea7e1c098b1d61af530d258a6f17d27b,0x00BDB640
0x00CDA3E0,BGSSaveLoadFile::Read,221-PDB-bytesig-port,488015e2010308bfa164d3720cb618deea7e1c098b1d61af530d258a6f17d27b,0x00BE9A30
0x00CDD1C0,BGSSaveLoadGame::RevertAllChanges,221-PDB-bytesig-port,488015e2010308bfa164d3720cb618deea7e1c098b1d61af530d258a6f17d27b,0x00BEC990
0x00CF1220,BGSSaveLoadManager::QueueSaveLoadTask,AE-bytesig-port,e555c6c0e7aba3e9e4801c2e5e11e3a76b42ce080683b4b9c1cf074c2030b737,0x00BFE4C0
0x00CF14C0,BGSSaveLoadManager::UpdateQueuedTasks,AE-bytesig-port,e555c6c0e7aba3e9e4801c2e5e11e3a76b42ce080683b4b9c1cf074c2030b737,0x00BFE820
0x00D069D0,BGSLoadGameBuffer::BGSLoadGameBuffer_dtor,AE-bytesig-port,e555c6c0e7aba3e9e4801c2e5e11e3a76b42ce080683b4b9c1cf074c2030b737,0x00C0F2C0
0x00D09300,BGSSaveFormBuffer::BGSSaveFormBuffer,AE-bytesig-port,e555c6c0e7aba3e9e4801c2e5e11e3a76b42ce080683b4b9c1cf074c2030b737,0x00C11240
0x00D09560,BGSSaveFormBuffer::GetReference,221-PDB-bytesig-port,488015e2010308bfa164d3720cb618deea7e1c098b1d61af530d258a6f17d27b,0x00C11630
0x00D09590,BGSSaveFormBuffer::GetActor,221-PDB-bytesig-port,488015e2010308bfa164d3720cb618deea7e1c098b1d61af530d258a6f17d27b,0x00C11660
0x00D098D0,BGSSaveGameBuffer::BGSSaveGameBuffer_dtor,AE-bytesig-port,e555c6c0e7aba3e9e4801c2e5e11e3a76b42ce080683b4b9c1cf074c2030b737,0x00C11590
0x00D09C10,BGSSaveGameBuffer::StartVariableSizedValue,221-PDB-bytesig-port,488015e2010308bfa164d3720cb618deea7e1c098b1d61af530d258a6f17d27b,0x00C11A40
0x00D09C70,BGSSaveGameBuffer::SaveVariableSizedValue,AE-bytesig-port,e555c6c0e7aba3e9e4801c2e5e11e3a76b42ce080683b4b9c1cf074c2030b737,0x00C11910
0x00D0A510,SaveStorageWrapper::GetPosition,221-PDB-bytesig-port,488015e2010308bfa164d3720cb618deea7e1c098b1d61af530d258a6f17d27b,0x00C12350
0x00D139B0,BGSCreatedObjectManager::BGSCreatedObjectManager,221-PDB-bytesig-port,488015e2010308bfa164d3720cb618deea7e1c098b1d61af530d258a6f17d27b,0x00C17BB0
0x00D1D010,PlayOneShot,AE-bytesig-port,e555c6c0e7aba3e9e4801c2e5e11e3a76b42ce080683b4b9c1cf074c2030b737,0x00C1E6F0
0x00D1D3F0,BGSMoviePlayer::Destroy,221-PDB-bytesig-port,488015e2010308bfa164d3720cb618deea7e1c098b1d61af530d258a6f17d27b,0x00C1EC10
0x00D1D780,Calendar::Calendar,AE-bytesig-port,e555c6c0e7aba3e9e4801c2e5e11e3a76b42ce080683b4b9c1cf074c2030b737,0x00C1EDE0
0x00D24810,DeferredDeleter::Shutdown,221-PDB-bytesig-port,488015e2010308bfa164d3720cb618deea7e1c098b1d61af530d258a6f17d27b,0x00C252A0
0x00D379E0,Main::InitTES,221-PDB-bytesig-port,488015e2010308bfa164d3720cb618deea7e1c098b1d61af530d258a6f17d27b,0x00C32060
0x00D379E0,Main::InitTES,AE-bytesig-port,e555c6c0e7aba3e9e4801c2e5e11e3a76b42ce080683b4b9c1cf074c2030b737,0x00C31ED0
0x00D398C0,Main::OnIdle_TreeUpdate,AE-bytesig-port,e555c6c0e7aba3e9e4801c2e5e11e3a76b42ce080683b4b9c1cf074c2030b737,0x00C34520
0x00D39910,Main::OnIdle_AI,AE-bytesig-port,e555c6c0e7aba3e9e4801c2e5e11e3a76b42ce080683b4b9c1cf074c2030b737,0x00C34570
0x00D3D540,Main::SetCameraFOV,AE-bytesig-port,e555c6c0e7aba3e9e4801c2e5e11e3a76b42ce080683b4b9c1cf074c2030b737,0x00C388C0
0x00D51810,MovementAvoidBoxEventAdapter::ProcessEvent,221-PDB-bytesig-port,488015e2010308bfa164d3720cb618deea7e1c098b1d61af530d258a6f17d27b,0x00C2ED80
0x00D51870,PathManagerPositionPlayerAdapter::ProcessEvent,221-PDB-bytesig-port,488015e2010308bfa164d3720cb618deea7e1c098b1d61af530d258a6f17d27b,0x00C2EED0
0x00D53D10,InitGameDataThread::WaitFinished,AE-bytesig-port,e555c6c0e7aba3e9e4801c2e5e11e3a76b42ce080683b4b9c1cf074c2030b737,0x00C41F50
0x00D55E60,SceneGraph::GetFarDistance,221-PDB-bytesig-port,488015e2010308bfa164d3720cb618deea7e1c098b1d61af530d258a6f17d27b,0x00C43630
0x00D57E30,SpawnHazardEffect::Start,221-PDB-bytesig-port,488015e2010308bfa164d3720cb618deea7e1c098b1d61af530d258a6f17d27b,0x00C44900
0x00D58C80,TaskQueueInterface::QueueBiped3DDetach,AE-bytesig-port,e555c6c0e7aba3e9e4801c2e5e11e3a76b42ce080683b4b9c1cf074c2030b737,0x00C456E0
0x00D5A190,TaskQueueInterface::QueueHavokRemove,AE-bytesig-port,e555c6c0e7aba3e9e4801c2e5e11e3a76b42ce080683b4b9c1cf074c2030b737,0x00C46BB0
0x00D5A260,TaskQueueInterface::QueueHavokMotionChange,221-PDB-bytesig-port,488015e2010308bfa164d3720cb618deea7e1c098b1d61af530d258a6f17d27b,0x00C46E10
0x00D5A260,TaskQueueInterface::QueueHavokMotionChange,AE-bytesig-port,e555c6c0e7aba3e9e4801c2e5e11e3a76b42ce080683b4b9c1cf074c2030b737,0x00C46C80
0x00D5A510,TaskQueueInterface::QueueHavokCollisionLayerGroupChange,221-PDB-bytesig-port,488015e2010308bfa164d3720cb618deea7e1c098b1d61af530d258a6f17d27b,0x00C470C0
0x00D5A510,TaskQueueInterface::QueueHavokCollisionLayerGroupChange,AE-bytesig-port,e555c6c0e7aba3e9e4801c2e5e11e3a76b42ce080683b4b9c1cf074c2030b737,0x00C46F30
0x00D6CDF0,ProcessObjectsGrass::Run,221-PDB-bytesig-port,488015e2010308bfa164d3720cb618deea7e1c098b1d61af530d258a6f17d27b,0x00C53E60
0x00D6D3C0,TextureUpdateStart::Update,221-PDB-bytesig-port,488015e2010308bfa164d3720cb618deea7e1c098b1d61af530d258a6f17d27b,0x00C53F40
0x00D6E9A0,Actor::Actor,221-PDB-bytesig-port,488015e2010308bfa164d3720cb618deea7e1c098b1d61af530d258a6f17d27b,0x00C577D0
0x00D6E9A0,Actor::Actor,AE-bytesig-port,e555c6c0e7aba3e9e4801c2e5e11e3a76b42ce080683b4b9c1cf074c2030b737,0x00C57640
0x00D6FDC0,Actor::GetBodyPartData,221-PDB-bytesig-port,488015e2010308bfa164d3720cb618deea7e1c098b1d61af530d258a6f17d27b,0x00C58E00
0x00D6FDC0,Actor::GetBodyPartData,AE-bytesig-port,e555c6c0e7aba3e9e4801c2e5e11e3a76b42ce080683b4b9c1cf074c2030b737,0x00C58C70
0x00D704E0,Actor::GetLocationOnActor,221-PDB-bytesig-port,488015e2010308bfa164d3720cb618deea7e1c098b1d61af530d258a6f17d27b,0x00C593F0
0x00D70870,Actor::InitLightingPropertyPtr,221-PDB-bytesig-port,488015e2010308bfa164d3720cb618deea7e1c098b1d61af530d258a6f17d27b,0x00C59780
0x00D70870,Actor::InitLightingPropertyPtr,AE-bytesig-port,e555c6c0e7aba3e9e4801c2e5e11e3a76b42ce080683b4b9c1cf074c2030b737,0x00C595F0
0x00D71C30,Actor::IsQuadruped,221-PDB-bytesig-port,488015e2010308bfa164d3720cb618deea7e1c098b1d61af530d258a6f17d27b,0x00C5ACF0
0x00D71C30,Actor::IsQuadruped,AE-bytesig-port,e555c6c0e7aba3e9e4801c2e5e11e3a76b42ce080683b4b9c1cf074c2030b737,0x00C5AB60
0x00D71C70,Actor::CanFly,221-PDB-bytesig-port,488015e2010308bfa164d3720cb618deea7e1c098b1d61af530d258a6f17d27b,0x00C5AD30
0x00D71DE0,Actor::HasNoRumors,221-PDB-bytesig-port,488015e2010308bfa164d3720cb618deea7e1c098b1d61af530d258a6f17d27b,0x00C5AEA0
0x00D72240,Actor::QDoubleGravity,221-PDB-bytesig-port,488015e2010308bfa164d3720cb618deea7e1c098b1d61af530d258a6f17d27b,0x00C5B2E0
0x00D72590,Actor::IsFightingOrAlarmed,221-PDB-bytesig-port,488015e2010308bfa164d3720cb618deea7e1c098b1d61af530d258a6f17d27b,0x00C5B650
0x00D72790,Actor::IsAllowedToFall,221-PDB-bytesig-port,488015e2010308bfa164d3720cb618deea7e1c098b1d61af530d258a6f17d27b,0x00C5B870
0x00D72820,Actor::IsWaiting,221-PDB-bytesig-port,488015e2010308bfa164d3720cb618deea7e1c098b1d61af530d258a6f17d27b,0x00C5B900
0x00D72820,Actor::IsWaiting,AE-bytesig-port,e555c6c0e7aba3e9e4801c2e5e11e3a76b42ce080683b4b9c1cf074c2030b737,0x00C5B770
0x00D73610,Actor::GetIntimidatedByPlayer,AE-bytesig-port,e555c6c0e7aba3e9e4801c2e5e11e3a76b42ce080683b4b9c1cf074c2030b737,0x00C5C450
0x00D73D80,Actor::Disable,221-PDB-bytesig-port,488015e2010308bfa164d3720cb618deea7e1c098b1d61af530d258a6f17d27b,0x00C5CD40
0x00D741E0,Actor::CanDrawWeapon,221-PDB-bytesig-port,488015e2010308bfa164d3720cb618deea7e1c098b1d61af530d258a6f17d27b,0x00C5D190
0x00D74630,Actor::GetAnimationSex,221-PDB-bytesig-port,488015e2010308bfa164d3720cb618deea7e1c098b1d61af530d258a6f17d27b,0x00C5D5C0
0x00D74630,Actor::GetAnimationSex,AE-bytesig-port,e555c6c0e7aba3e9e4801c2e5e11e3a76b42ce080683b4b9c1cf074c2030b737,0x00C5D430
0x00D75180,Actor::HandleCorpseClear,221-PDB-bytesig-port,488015e2010308bfa164d3720cb618deea7e1c098b1d61af530d258a6f17d27b,0x00C5E320
0x00D75180,Actor::HandleCorpseClear,AE-bytesig-port,e555c6c0e7aba3e9e4801c2e5e11e3a76b42ce080683b4b9c1cf074c2030b737,0x00C5E190
0x00D75410,Actor::GetRaceFullName,221-PDB-bytesig-port,488015e2010308bfa164d3720cb618deea7e1c098b1d61af530d258a6f17d27b,0x00C5E590
0x00D759B0,Actor::DetachCharController,221-PDB-bytesig-port,488015e2010308bfa164d3720cb618deea7e1c098b1d61af530d258a6f17d27b,0x00C5EB30
0x00D75B80,Actor::SetParentCell,221-PDB-bytesig-port,488015e2010308bfa164d3720cb618deea7e1c098b1d61af530d258a6f17d27b,0x00C5ED10
0x00D79250,Actor::RecalcLeveledActor,221-PDB-bytesig-port,488015e2010308bfa164d3720cb618deea7e1c098b1d61af530d258a6f17d27b,0x00C62380
0x00D7EB20,Actor::HandleItemEquip,AE-bytesig-port,e555c6c0e7aba3e9e4801c2e5e11e3a76b42ce080683b4b9c1cf074c2030b737,0x00C681B0
0x00D7F650,Actor::GetCurrentTarget,221-PDB-bytesig-port,488015e2010308bfa164d3720cb618deea7e1c098b1d61af530d258a6f17d27b,0x00C68F30
0x00D7F7F0,Actor::CheckForCurrentAliasPackage,221-PDB-bytesig-port,488015e2010308bfa164d3720cb618deea7e1c098b1d61af530d258a6f17d27b,0x00C690B0
0x00D87FE0,Actor::UpdatePickNodes,AE-bytesig-port,e555c6c0e7aba3e9e4801c2e5e11e3a76b42ce080683b4b9c1cf074c2030b737,0x00C71A60
0x00D89A10,Actor::GetReach,221-PDB-bytesig-port,488015e2010308bfa164d3720cb618deea7e1c098b1d61af530d258a6f17d27b,0x00C73760
0x00D89A10,Actor::GetReach,AE-bytesig-port,e555c6c0e7aba3e9e4801c2e5e11e3a76b42ce080683b4b9c1cf074c2030b737,0x00C735D0
0x00D89C60,Actor::CanMove,221-PDB-bytesig-port,488015e2010308bfa164d3720cb618deea7e1c098b1d61af530d258a6f17d27b,0x00C73990
0x00D89DD0,Actor::CanKnockDown,221-PDB-bytesig-port,488015e2010308bfa164d3720cb618deea7e1c098b1d61af530d258a6f17d27b,0x00C73B30
0x00D89E60,Actor::IsAnimationDriven,221-PDB-bytesig-port,488015e2010308bfa164d3720cb618deea7e1c098b1d61af530d258a6f17d27b,0x00C73BC0
0x00D89F00,Actor::IsMovementAnimationDriven,221-PDB-bytesig-port,488015e2010308bfa164d3720cb618deea7e1c098b1d61af530d258a6f17d27b,0x00C73C60
0x00D89F00,Actor::IsMovementAnimationDriven,AE-bytesig-port,e555c6c0e7aba3e9e4801c2e5e11e3a76b42ce080683b4b9c1cf074c2030b737,0x00C73AD0
0x00D8A370,Actor::SetActionComplete,221-PDB-bytesig-port,488015e2010308bfa164d3720cb618deea7e1c098b1d61af530d258a6f17d27b,0x00C74200
0x00D8E540,Actor::GetDesirability,221-PDB-bytesig-port,488015e2010308bfa164d3720cb618deea7e1c098b1d61af530d258a6f17d27b,0x00C78920
0x00D8E7D0,Actor::PostRemoveWornObject,221-PDB-bytesig-port,488015e2010308bfa164d3720cb618deea7e1c098b1d61af530d258a6f17d27b,0x00C78DC0
0x00D905C0,Actor::CombatStateActiveChange,AE-bytesig-port,e555c6c0e7aba3e9e4801c2e5e11e3a76b42ce080683b4b9c1cf074c2030b737,0x00C7AB80
0x00D91080,Actor::GetHostileToActor,AE-bytesig-port,e555c6c0e7aba3e9e4801c2e5e11e3a76b42ce080683b4b9c1cf074c2030b737,0x00C7B680
0x00D911D0,Actor::PopulateGraphProjectsToLoad,221-PDB-bytesig-port,488015e2010308bfa164d3720cb618deea7e1c098b1d61af530d258a6f17d27b,0x00C7B960
0x00D964B0,Actor::SetDelete,221-PDB-bytesig-port,488015e2010308bfa164d3720cb618deea7e1c098b1d61af530d258a6f17d27b,0x00C810C0
0x00D97220,Actor::IsFleeing,221-PDB-bytesig-port,488015e2010308bfa164d3720cb618deea7e1c098b1d61af530d258a6f17d27b,0x00C82050
0x00D97220,Actor::IsFleeing,AE-bytesig-port,e555c6c0e7aba3e9e4801c2e5e11e3a76b42ce080683b4b9c1cf074c2030b737,0x00C81EC0
0x00D97480,Actor::IsFollowing,AE-bytesig-port,e555c6c0e7aba3e9e4801c2e5e11e3a76b42ce080683b4b9c1cf074c2030b737,0x00C82140
0x00D98DA0,Actor::ApplyCriticalStage,221-PDB-bytesig-port,488015e2010308bfa164d3720cb618deea7e1c098b1d61af530d258a6f17d27b,0x00C83D30
0x00D9E3B0,Actor::HideDismemberedLimb,AE-bytesig-port,e555c6c0e7aba3e9e4801c2e5e11e3a76b42ce080683b4b9c1cf074c2030b737,0x00C89230
0x00D9E520,Actor::ProcessNonLethalDismemberment,AE-bytesig-port,e555c6c0e7aba3e9e4801c2e5e11e3a76b42ce080683b4b9c1cf074c2030b737,0x00C893A0
0x00DA21D0,Actor::GetFaceNodeSkinned,221-PDB-bytesig-port,488015e2010308bfa164d3720cb618deea7e1c098b1d61af530d258a6f17d27b,0x00C8D190
0x00DA3190,Actor::CalculateFactionFightReaction,AE-bytesig-port,e555c6c0e7aba3e9e4801c2e5e11e3a76b42ce080683b4b9c1cf074c2030b737,0x00C8DFF0
0x00DA4150,Actor::CalculateCrimeGold,AE-bytesig-port,e555c6c0e7aba3e9e4801c2e5e11e3a76b42ce080683b4b9c1cf074c2030b737,0x00C8F020
0x00DA42E0,Actor::HasFactionThatCaresAboutCrime,AE-bytesig-port,e555c6c0e7aba3e9e4801c2e5e11e3a76b42ce080683b4b9c1cf074c2030b737,0x00C8F1B0
0x00DA4430,Actor::QueueEquipObject,221-PDB-bytesig-port,488015e2010308bfa164d3720cb618deea7e1c098b1d61af530d258a6f17d27b,0x00C8F490
0x00DA4540,Actor::QueueUnequipObject,221-PDB-bytesig-port,488015e2010308bfa164d3720cb618deea7e1c098b1d61af530d258a6f17d27b,0x00C8F5A0
0x00DA67E0,Actor::ApplyPerksFromBase,221-PDB-bytesig-port,488015e2010308bfa164d3720cb618deea7e1c098b1d61af530d258a6f17d27b,0x00C922C0
0x00DA8870,Actor::DoDeathStuff,221-PDB-bytesig-port,488015e2010308bfa164d3720cb618deea7e1c098b1d61af530d258a6f17d27b,0x00C95030
0x00DA9880,Actor::SayToCallBack,AE-bytesig-port,e555c6c0e7aba3e9e4801c2e5e11e3a76b42ce080683b4b9c1cf074c2030b737,0x00C95E50
0x00DA9970,Actor::DialogueConversationCallBack,221-PDB-bytesig-port,488015e2010308bfa164d3720cb618deea7e1c098b1d61af530d258a6f17d27b,0x00C960C0
0x00DA9970,Actor::DialogueConversationCallBack,AE-bytesig-port,e555c6c0e7aba3e9e4801c2e5e11e3a76b42ce080683b4b9c1cf074c2030b737,0x00C95F30
0x00DAA580,Actor::RequestDetectionLevel,AE-bytesig-port,e555c6c0e7aba3e9e4801c2e5e11e3a76b42ce080683b4b9c1cf074c2030b737,0x00C96B40
0x00DAE080,Actor::ScaleSkinBones,AE-bytesig-port,e555c6c0e7aba3e9e4801c2e5e11e3a76b42ce080683b4b9c1cf074c2030b737,0x00C9AAC0
0x00DAEEC0,Actor::ClearPath,221-PDB-bytesig-port,488015e2010308bfa164d3720cb618deea7e1c098b1d61af530d258a6f17d27b,0x00C9BB10
0x00DAEEC0,Actor::ClearPath,AE-bytesig-port,e555c6c0e7aba3e9e4801c2e5e11e3a76b42ce080683b4b9c1cf074c2030b737,0x00C9B980
0x00DB5F60,Actor::UpdateExtraArrows3D,221-PDB-bytesig-port,488015e2010308bfa164d3720cb618deea7e1c098b1d61af530d258a6f17d27b,0x00CA3930
0x00DB60A0,Actor::CalculateCachedOwnerIsUndead,221-PDB-bytesig-port,488015e2010308bfa164d3720cb618deea7e1c098b1d61af530d258a6f17d27b,0x00CA3A70
0x00DB6120,Actor::CalculateCachedOwnerIsNPC,221-PDB-bytesig-port,488015e2010308bfa164d3720cb618deea7e1c098b1d61af530d258a6f17d27b,0x00CA3AF0
0x00DB86E0,Actor::GetMoving,AE-bytesig-port,e555c6c0e7aba3e9e4801c2e5e11e3a76b42ce080683b4b9c1cf074c2030b737,0x00CA6340
0x00DB8820,Actor::GetDesiredSpeed,AE-bytesig-port,e555c6c0e7aba3e9e4801c2e5e11e3a76b42ce080683b4b9c1cf074c2030b737,0x00CA6480
0x00DB8ED0,Actor::UnequipArmorFromSlot,221-PDB-bytesig-port,488015e2010308bfa164d3720cb618deea7e1c098b1d61af530d258a6f17d27b,0x00CA6C20
0x00DB9360,Actor::OnHeadInitialized,221-PDB-bytesig-port,488015e2010308bfa164d3720cb618deea7e1c098b1d61af530d258a6f17d27b,0x00CA7090
0x00DB9840,Actor::ResetHavokPhysics,221-PDB-bytesig-port,488015e2010308bfa164d3720cb618deea7e1c098b1d61af530d258a6f17d27b,0x00CA7570
0x00DBA8B0,Actor::HasKeywordHelper,221-PDB-bytesig-port,488015e2010308bfa164d3720cb618deea7e1c098b1d61af530d258a6f17d27b,0x00CA8750
0x00DBC9A0,Actor::GetAnimationCanBeInterpolated,221-PDB-bytesig-port,488015e2010308bfa164d3720cb618deea7e1c098b1d61af530d258a6f17d27b,0x00CAAB50
0x00DC1280,Actor::WornArmorChanged,221-PDB-bytesig-port,488015e2010308bfa164d3720cb618deea7e1c098b1d61af530d258a6f17d27b,0x00CAF710
0x00DC12D0,Actor::SendContainerChangedEvent,221-PDB-bytesig-port,488015e2010308bfa164d3720cb618deea7e1c098b1d61af530d258a6f17d27b,0x00CAF760
0x00DC24E0,Actor::CreateActorMover,221-PDB-bytesig-port,488015e2010308bfa164d3720cb618deea7e1c098b1d61af530d258a6f17d27b,0x00CB0A90
0x00DC24E0,Actor::CreateActorMover,AE-bytesig-port,e555c6c0e7aba3e9e4801c2e5e11e3a76b42ce080683b4b9c1cf074c2030b737,0x00CB0900
0x00DC2570,Actor::DestroyActorMover,221-PDB-bytesig-port,488015e2010308bfa164d3720cb618deea7e1c098b1d61af530d258a6f17d27b,0x00CB0B20
0x00DC4820,Actor::ShouldPerformRevert,221-PDB-bytesig-port,488015e2010308bfa164d3720cb618deea7e1c098b1d61af530d258a6f17d27b,0x00CB3030
0x00DC4940,Actor::GetBehaviorRootData,221-PDB-bytesig-port,488015e2010308bfa164d3720cb618deea7e1c098b1d61af530d258a6f17d27b,0x00CB3150
0x00DEB6B0,Calendar::GetPackedDate,AE-bytesig-port,e555c6c0e7aba3e9e4801c2e5e11e3a76b42ce080683b4b9c1cf074c2030b737,0x00CC0FD0
0x00DF8EF0,Actor::GetLocalModifiers,AE-bytesig-port,e555c6c0e7aba3e9e4801c2e5e11e3a76b42ce080683b4b9c1cf074c2030b737,0x00CCB960
0x00DFCB30,Actor::GetCombatStyle,221-PDB-bytesig-port,488015e2010308bfa164d3720cb618deea7e1c098b1d61af530d258a6f17d27b,0x00CCD510
0x00DFCB30,Actor::GetCombatStyle,AE-bytesig-port,e555c6c0e7aba3e9e4801c2e5e11e3a76b42ce080683b4b9c1cf074c2030b737,0x00CCD380
0x00DFED00,Actor::CheckValidTarget,221-PDB-bytesig-port,488015e2010308bfa164d3720cb618deea7e1c098b1d61af530d258a6f17d27b,0x00CCF940
0x00DFF2B0,Actor::IsInActiveCombat,221-PDB-bytesig-port,488015e2010308bfa164d3720cb618deea7e1c098b1d61af530d258a6f17d27b,0x00CCFF00
0x00DFF2B0,Actor::IsInActiveCombat,AE-bytesig-port,e555c6c0e7aba3e9e4801c2e5e11e3a76b42ce080683b4b9c1cf074c2030b737,0x00CCFD70
0x00DFF920,Actor::GetAttackDataMap,AE-bytesig-port,e555c6c0e7aba3e9e4801c2e5e11e3a76b42ce080683b4b9c1cf074c2030b737,0x00CD03E0
0x00DFF960,Actor::IsInCombatWithActor,221-PDB-bytesig-port,488015e2010308bfa164d3720cb618deea7e1c098b1d61af530d258a6f17d27b,0x00CD05B0
0x00DFF960,Actor::IsInCombatWithActor,AE-bytesig-port,e555c6c0e7aba3e9e4801c2e5e11e3a76b42ce080683b4b9c1cf074c2030b737,0x00CD0420
0x00DFFD80,Actor::GetUnarmedWeapon,221-PDB-bytesig-port,488015e2010308bfa164d3720cb618deea7e1c098b1d61af530d258a6f17d27b,0x00CD0BA0
0x00DFFD80,Actor::GetUnarmedWeapon,AE-bytesig-port,e555c6c0e7aba3e9e4801c2e5e11e3a76b42ce080683b4b9c1cf074c2030b737,0x00CD0A10
0x00E03CE0,Actor::StartKillMove,AE-bytesig-port,e555c6c0e7aba3e9e4801c2e5e11e3a76b42ce080683b4b9c1cf074c2030b737,0x00CD52D0
0x00E10890,Actor::AddSpell,221-PDB-bytesig-port,488015e2010308bfa164d3720cb618deea7e1c098b1d61af530d258a6f17d27b,0x00CDD6C0
0x00E10D40,Actor::SetAlpha,221-PDB-bytesig-port,488015e2010308bfa164d3720cb618deea7e1c098b1d61af530d258a6f17d27b,0x00CDDC80
0x00E10DD0,Actor::GetAlpha,221-PDB-bytesig-port,488015e2010308bfa164d3720cb618deea7e1c098b1d61af530d258a6f17d27b,0x00CDDD10
0x00E13BA0,Actor::ApplySpell,AE-bytesig-port,e555c6c0e7aba3e9e4801c2e5e11e3a76b42ce080683b4b9c1cf074c2030b737,0x00CE09B0
0x00E1C0B0,ActorEquipManager::UnequipObject,AE-bytesig-port,e555c6c0e7aba3e9e4801c2e5e11e3a76b42ce080683b4b9c1cf074c2030b737,0x00CE5DA0
0x00E1D100,ActorEquipManager::UseObject,AE-bytesig-port,e555c6c0e7aba3e9e4801c2e5e11e3a76b42ce080683b4b9c1cf074c2030b737,0x00CE6F40
0x00E260A0,ActorValueStorage::DeleteModifiers,AE-bytesig-port,e555c6c0e7aba3e9e4801c2e5e11e3a76b42ce080683b4b9c1cf074c2030b737,0x00CED480
0x00E27F60,AIProcessUtils::UnLockDoorsatLocation,221-PDB-bytesig-port,488015e2010308bfa164d3720cb618deea7e1c098b1d61af530d258a6f17d27b,0x00CEEA80
0x00E290B0,AIProcess::GetTimeDelta,221-PDB-bytesig-port,488015e2010308bfa164d3720cb618deea7e1c098b1d61af530d258a6f17d27b,0x00CEFC00
0x00E296F0,AIProcess::GetCurrentDestinationCoordinate,221-PDB-bytesig-port,488015e2010308bfa164d3720cb618deea7e1c098b1d61af530d258a6f17d27b,0x00CF0280
0x00E2A390,AIProcess::GetBoneScaleMap,221-PDB-bytesig-port,488015e2010308bfa164d3720cb618deea7e1c098b1d61af530d258a6f17d27b,0x00CF1040
0x00E2A390,AIProcess::GetBoneScaleMap,AE-bytesig-port,e555c6c0e7aba3e9e4801c2e5e11e3a76b42ce080683b4b9c1cf074c2030b737,0x00CF0EB0
0x00E2A5F0,AIProcess::SetCurrentPackage,221-PDB-bytesig-port,488015e2010308bfa164d3720cb618deea7e1c098b1d61af530d258a6f17d27b,0x00CF12C0
0x00E2A5F0,AIProcess::SetCurrentPackage,AE-bytesig-port,e555c6c0e7aba3e9e4801c2e5e11e3a76b42ce080683b4b9c1cf074c2030b737,0x00CF1130
0x00E2A770,AIProcess::SetProcedureIndexRunning,221-PDB-bytesig-port,488015e2010308bfa164d3720cb618deea7e1c098b1d61af530d258a6f17d27b,0x00CF1440
0x00E2A770,AIProcess::SetProcedureIndexRunning,AE-bytesig-port,e555c6c0e7aba3e9e4801c2e5e11e3a76b42ce080683b4b9c1cf074c2030b737,0x00CF12B0
0x00E2A800,AIProcess::AddToProcedureIndexRunning,221-PDB-bytesig-port,488015e2010308bfa164d3720cb618deea7e1c098b1d61af530d258a6f17d27b,0x00CF14D0
0x00E2A800,AIProcess::AddToProcedureIndexRunning,AE-bytesig-port,e555c6c0e7aba3e9e4801c2e5e11e3a76b42ce080683b4b9c1cf074c2030b737,0x00CF1340
0x00E2B7F0,AIProcess::MoveRider,221-PDB-bytesig-port,488015e2010308bfa164d3720cb618deea7e1c098b1d61af530d258a6f17d27b,0x00CF2420
0x00E2B890,AIProcess::SetGenericLocation,221-PDB-bytesig-port,488015e2010308bfa164d3720cb618deea7e1c098b1d61af530d258a6f17d27b,0x00CF24C0
0x00E2B900,AIProcess::SetSecondGenericLocation,221-PDB-bytesig-port,488015e2010308bfa164d3720cb618deea7e1c098b1d61af530d258a6f17d27b,0x00CF2530
0x00E2CD70,AIProcess::ResetTarget,221-PDB-bytesig-port,488015e2010308bfa164d3720cb618deea7e1c098b1d61af530d258a6f17d27b,0x00CF3B40
0x00E30650,AIProcess::ProcessAmbushWait_Low,221-PDB-bytesig-port,488015e2010308bfa164d3720cb618deea7e1c098b1d61af530d258a6f17d27b,0x00CF7730
0x00E35510,AIProcess::SetupSpecialIdle,221-PDB-bytesig-port,488015e2010308bfa164d3720cb618deea7e1c098b1d61af530d258a6f17d27b,0x00CFAD40
0x00E35510,AIProcess::SetupSpecialIdle,AE-bytesig-port,e555c6c0e7aba3e9e4801c2e5e11e3a76b42ce080683b4b9c1cf074c2030b737,0x00CFABB0
0x00E38270,AIProcess::SetPreloadedInitialSubgraphs,AE-bytesig-port,e555c6c0e7aba3e9e4801c2e5e11e3a76b42ce080683b4b9c1cf074c2030b737,0x00CFD2E0
0x00E384C0,AIProcess::LoadInitialSubGraphs,AE-bytesig-port,e555c6c0e7aba3e9e4801c2e5e11e3a76b42ce080683b4b9c1cf074c2030b737,0x00CFD520
0x00E39650,AIProcess::CreateFollowNoEscort,AE-bytesig-port,e555c6c0e7aba3e9e4801c2e5e11e3a76b42ce080683b4b9c1cf074c2030b737,0x00CFEA90
0x00E3AB30,AIProcess::GetGreetingInfo,AE-bytesig-port,e555c6c0e7aba3e9e4801c2e5e11e3a76b42ce080683b4b9c1cf074c2030b737,0x00D00130
0x00E3B0F0,AIProcess::QBlockPackageEvalForCompanionCommand,221-PDB-bytesig-port,488015e2010308bfa164d3720cb618deea7e1c098b1d61af530d258a6f17d27b,0x00D008B0
0x00E3B430,AIProcess::EnterCombat,221-PDB-bytesig-port,488015e2010308bfa164d3720cb618deea7e1c098b1d61af530d258a6f17d27b,0x00D00BF0
0x00E3B430,AIProcess::EnterCombat,AE-bytesig-port,e555c6c0e7aba3e9e4801c2e5e11e3a76b42ce080683b4b9c1cf074c2030b737,0x00D00A60
0x00E3B720,AIProcess::StartCombatFleePackage,221-PDB-bytesig-port,488015e2010308bfa164d3720cb618deea7e1c098b1d61af530d258a6f17d27b,0x00D00EE0
0x00E3B720,AIProcess::StartCombatFleePackage,AE-bytesig-port,e555c6c0e7aba3e9e4801c2e5e11e3a76b42ce080683b4b9c1cf074c2030b737,0x00D00D50
0x00E3BC40,AIProcess::SetActorsAnimation,221-PDB-bytesig-port,488015e2010308bfa164d3720cb618deea7e1c098b1d61af530d258a6f17d27b,0x00D01410
0x00E3C000,AIProcess::FinishDying,221-PDB-bytesig-port,488015e2010308bfa164d3720cb618deea7e1c098b1d61af530d258a6f17d27b,0x00D017E0
0x00E3C0D0,AIProcess::GetWaitingForVoice,221-PDB-bytesig-port,488015e2010308bfa164d3720cb618deea7e1c098b1d61af530d258a6f17d27b,0x00D018B0
0x00E3C6B0,AIProcess::ClearHeadTrackFaceTarget,221-PDB-bytesig-port,488015e2010308bfa164d3720cb618deea7e1c098b1d61af530d258a6f17d27b,0x00D01F60
0x00E3C9C0,AIProcess::Update3dModel,221-PDB-bytesig-port,488015e2010308bfa164d3720cb618deea7e1c098b1d61af530d258a6f17d27b,0x00D02270
0x00E3C9C0,AIProcess::Update3dModel,AE-bytesig-port,e555c6c0e7aba3e9e4801c2e5e11e3a76b42ce080683b4b9c1cf074c2030b737,0x00D020E0
0x00E42180,AIProcess::InitLoadGame,221-PDB-bytesig-port,488015e2010308bfa164d3720cb618deea7e1c098b1d61af530d258a6f17d27b,0x00D08380
0x00E454A0,AIProcess::ClearActionHeadTrackTarget,AE-bytesig-port,e555c6c0e7aba3e9e4801c2e5e11e3a76b42ce080683b4b9c1cf074c2030b737,0x00D0B330
0x00E455D0,AIProcess::ClearDialogHeadTrackTarget,221-PDB-bytesig-port,488015e2010308bfa164d3720cb618deea7e1c098b1d61af530d258a6f17d27b,0x00D0B5F0
0x00E455D0,AIProcess::ClearDialogHeadTrackTarget,AE-bytesig-port,e555c6c0e7aba3e9e4801c2e5e11e3a76b42ce080683b4b9c1cf074c2030b737,0x00D0B460
0x00E45650,AIProcess::ClearProcedureHeadTrackTarget,AE-bytesig-port,e555c6c0e7aba3e9e4801c2e5e11e3a76b42ce080683b4b9c1cf074c2030b737,0x00D0B4E0
0x00E60860,AIProcess::DoUpdate3dModel,221-PDB-bytesig-port,488015e2010308bfa164d3720cb618deea7e1c098b1d61af530d258a6f17d27b,0x00D26EF0
0x00E60860,AIProcess::DoUpdate3dModel,AE-bytesig-port,e555c6c0e7aba3e9e4801c2e5e11e3a76b42ce080683b4b9c1cf074c2030b737,0x00D26D60
0x00E6F5D0,EquippedWeaponData::StopLoopingFireSounds,AE-bytesig-port,e555c6c0e7aba3e9e4801c2e5e11e3a76b42ce080683b4b9c1cf074c2030b737,0x00D30560
0x00E79ED0,AIProcess::ClearNodes,221-PDB-bytesig-port,488015e2010308bfa164d3720cb618deea7e1c098b1d61af530d258a6f17d27b,0x00D3C2B0
0x00E7B990,AIProcess::EvaluateOrderAcquireList_MiddleHigh,221-PDB-bytesig-port,488015e2010308bfa164d3720cb618deea7e1c098b1d61af530d258a6f17d27b,0x00D3DF80
0x00E7C120,AIProcess::SetTargetData,221-PDB-bytesig-port,488015e2010308bfa164d3720cb618deea7e1c098b1d61af530d258a6f17d27b,0x00D3E7E0
0x00E7C950,AIProcess::ProcessNotify,221-PDB-bytesig-port,488015e2010308bfa164d3720cb618deea7e1c098b1d61af530d258a6f17d27b,0x00D3F030
0x00E7CA70,AIProcess::FindBedChairs,221-PDB-bytesig-port,488015e2010308bfa164d3720cb618deea7e1c098b1d61af530d258a6f17d27b,0x00D3F150
0x00E7E530,AIProcess::ProcessFollow_MiddleHigh,221-PDB-bytesig-port,488015e2010308bfa164d3720cb618deea7e1c098b1d61af530d258a6f17d27b,0x00D40E40
0x00E8F480,BGSFootstepManager::ProcessEvent,221-PDB-bytesig-port,488015e2010308bfa164d3720cb618deea7e1c098b1d61af530d258a6f17d27b,0x00D4C710
0x00E90BF0,BSDoorHavokController::Update,221-PDB-bytesig-port,488015e2010308bfa164d3720cb618deea7e1c098b1d61af530d258a6f17d27b,0x00D4D440
0x00E90F50,BSDoorHavokController::TargetIsRequiredType,221-PDB-bytesig-port,488015e2010308bfa164d3720cb618deea7e1c098b1d61af530d258a6f17d27b,0x00D4D740
0x00E91510,BSPlayerDistanceCheckController::Update,221-PDB-bytesig-port,488015e2010308bfa164d3720cb618deea7e1c098b1d61af530d258a6f17d27b,0x00D4D990
0x00E92220,CachedValues::LoadGame,221-PDB-bytesig-port,488015e2010308bfa164d3720cb618deea7e1c098b1d61af530d258a6f17d27b,0x00D4E3E0
0x00E9C1E0,PlayerCharacter::CanPassTime,221-PDB-bytesig-port,488015e2010308bfa164d3720cb618deea7e1c098b1d61af530d258a6f17d27b,0x00D57710
0x00E9EC40,PlayerCharacter::UpdateAlpha,221-PDB-bytesig-port,488015e2010308bfa164d3720cb618deea7e1c098b1d61af530d258a6f17d27b,0x00D5AAD0
0x00E9FE90,PlayerCharacter::Get3D,221-PDB-bytesig-port,488015e2010308bfa164d3720cb618deea7e1c098b1d61af530d258a6f17d27b,0x00D5BCC0
0x00E9FED0,PlayerCharacter::GetCurrent3D,221-PDB-bytesig-port,488015e2010308bfa164d3720cb618deea7e1c098b1d61af530d258a6f17d27b,0x00D5BD00
0x00EA0C00,PlayerCharacter::GetBiped,221-PDB-bytesig-port,488015e2010308bfa164d3720cb618deea7e1c098b1d61af530d258a6f17d27b,0x00D5CB10
0x00EA0CE0,PlayerCharacter::GetCurrentEyeLevel,221-PDB-bytesig-port,488015e2010308bfa164d3720cb618deea7e1c098b1d61af530d258a6f17d27b,0x00D5CBF0
0x00EA17A0,PlayerCharacter::InitiateGetUpPackage,221-PDB-bytesig-port,488015e2010308bfa164d3720cb618deea7e1c098b1d61af530d258a6f17d27b,0x00D5D700
0x00EA2270,PlayerCharacter::IsActorFollowingPlayer,221-PDB-bytesig-port,488015e2010308bfa164d3720cb618deea7e1c098b1d61af530d258a6f17d27b,0x00D5E2E0
0x00EA2270,PlayerCharacter::IsActorFollowingPlayer,AE-bytesig-port,e555c6c0e7aba3e9e4801c2e5e11e3a76b42ce080683b4b9c1cf074c2030b737,0x00D5E150
0x00EA3CD0,PlayerCharacter::GetEyeHeading,221-PDB-bytesig-port,488015e2010308bfa164d3720cb618deea7e1c098b1d61af530d258a6f17d27b,0x00D5FDB0
0x00EA3D10,PlayerCharacter::GetEyeAngles,221-PDB-bytesig-port,488015e2010308bfa164d3720cb618deea7e1c098b1d61af530d258a6f17d27b,0x00D5FDF0
0x00EA4D70,PlayerCharacter::RemoveQuestObjectives,AE-bytesig-port,e555c6c0e7aba3e9e4801c2e5e11e3a76b42ce080683b4b9c1cf074c2030b737,0x00D60C10
0x00EAEA50,PlayerCharacter::CreateMouseSpring,AE-bytesig-port,e555c6c0e7aba3e9e4801c2e5e11e3a76b42ce080683b4b9c1cf074c2030b737,0x00D6B0A0
0x00EB1DC0,PlayerCharacter::SetAIControlledPackage,221-PDB-bytesig-port,488015e2010308bfa164d3720cb618deea7e1c098b1d61af530d258a6f17d27b,0x00D6EDF0
0x00EB1DC0,PlayerCharacter::SetAIControlledPackage,AE-bytesig-port,e555c6c0e7aba3e9e4801c2e5e11e3a76b42ce080683b4b9c1cf074c2030b737,0x00D6EC50
0x00EB3400,PlayerCharacter::AddPlayerAction,221-PDB-bytesig-port,488015e2010308bfa164d3720cb618deea7e1c098b1d61af530d258a6f17d27b,0x00D701F0
0x00EB3D10,PlayerCharacter::CalculateRelationshipShouldIgnoreCrime,221-PDB-bytesig-port,488015e2010308bfa164d3720cb618deea7e1c098b1d61af530d258a6f17d27b,0x00D70C70
0x00EB3D10,PlayerCharacter::CalculateRelationshipShouldIgnoreCrime,AE-bytesig-port,e555c6c0e7aba3e9e4801c2e5e11e3a76b42ce080683b4b9c1cf074c2030b737,0x00D70AD0
0x00EB3FD0,PlayerCharacter::ModCrimeGoldValue,221-PDB-bytesig-port,488015e2010308bfa164d3720cb618deea7e1c098b1d61af530d258a6f17d27b,0x00D70ED0
0x00EB5740,PlayerCharacter::SetEscaping,AE-bytesig-port,e555c6c0e7aba3e9e4801c2e5e11e3a76b42ce080683b4b9c1cf074c2030b737,0x00D72590
0x00EB6810,PlayerCharacter::FindTravelCommandLocation,AE-bytesig-port,e555c6c0e7aba3e9e4801c2e5e11e3a76b42ce080683b4b9c1cf074c2030b737,0x00D73620
0x00EB7540,PlayerCharacter::GetOwnerFactionFriendshipValue,AE-bytesig-port,e555c6c0e7aba3e9e4801c2e5e11e3a76b42ce080683b4b9c1cf074c2030b737,0x00D74230
0x00EB8E80,PlayerCharacter::AddWornItem,221-PDB-bytesig-port,488015e2010308bfa164d3720cb618deea7e1c098b1d61af530d258a6f17d27b,0x00D75FD0
0x00EB9380,PlayerCharacter::TogglePipboyLight,AE-bytesig-port,e555c6c0e7aba3e9e4801c2e5e11e3a76b42ce080683b4b9c1cf074c2030b737,0x00D76400
0x00EB99D0,PlayerCharacter::IsHolotapePlaying,AE-bytesig-port,e555c6c0e7aba3e9e4801c2e5e11e3a76b42ce080683b4b9c1cf074c2030b737,0x00D76B80
0x00EB9B50,PlayerCharacter::PauseHolotape,AE-bytesig-port,e555c6c0e7aba3e9e4801c2e5e11e3a76b42ce080683b4b9c1cf074c2030b737,0x00D76D00
0x00EBA2C0,PlayerCharacter::IsReadyForAttach,221-PDB-bytesig-port,488015e2010308bfa164d3720cb618deea7e1c098b1d61af530d258a6f17d27b,0x00D777D0
0x00EBA350,PlayerCharacter::SetBlendingOutFirstPersonRotationOffset,221-PDB-bytesig-port,488015e2010308bfa164d3720cb618deea7e1c098b1d61af530d258a6f17d27b,0x00D77860
0x00EBA350,PlayerCharacter::SetBlendingOutFirstPersonRotationOffset,AE-bytesig-port,e555c6c0e7aba3e9e4801c2e5e11e3a76b42ce080683b4b9c1cf074c2030b737,0x00D776C0
0x00EC0530,PlayerCharacter::GetBehaviorRootNameOverrides,221-PDB-bytesig-port,488015e2010308bfa164d3720cb618deea7e1c098b1d61af530d258a6f17d27b,0x00D7E280
0x00EC0590,PlayerCharacter::GetBehaviorRootNameReplacement,221-PDB-bytesig-port,488015e2010308bfa164d3720cb618deea7e1c098b1d61af530d258a6f17d27b,0x00D7E2E0
0x00F01E40,PlayerRegionState::DetermineRegionStateFromLocation,221-PDB-bytesig-port,488015e2010308bfa164d3720cb618deea7e1c098b1d61af530d258a6f17d27b,0x00DA6A40
0x00F0AF10,ProcessLists::IsEnemyFactionOfOtherCrime,AE-bytesig-port,e555c6c0e7aba3e9e4801c2e5e11e3a76b42ce080683b4b9c1cf074c2030b737,0x00DB0F10
0x00F111F0,ProcessLists::FindBipedAnimHitEffect,AE-bytesig-port,e555c6c0e7aba3e9e4801c2e5e11e3a76b42ce080683b4b9c1cf074c2030b737,0x00DB8360
0x00F20D70,Actor::IsPathing,AE-bytesig-port,e555c6c0e7aba3e9e4801c2e5e11e3a76b42ce080683b4b9c1cf074c2030b737,0x00DC2340
0x00F37D30,MovementHandlerAgentDirectControl::Init,221-PDB-bytesig-port,488015e2010308bfa164d3720cb618deea7e1c098b1d61af530d258a6f17d27b,0x00DD2430
0x00F38E40,MovementHandlerAgentPlayerControlsActionTrigger::Activate,221-PDB-bytesig-port,488015e2010308bfa164d3720cb618deea7e1c098b1d61af530d258a6f17d27b,0x00DD3190
0x00F38EA0,MovementHandlerAgentPlayerControlsActionTrigger::Deactivate,221-PDB-bytesig-port,488015e2010308bfa164d3720cb618deea7e1c098b1d61af530d258a6f17d27b,0x00DD31F0
0x00F398A0,MovementHandlerAgentSprintActionTrigger::Activate,221-PDB-bytesig-port,488015e2010308bfa164d3720cb618deea7e1c098b1d61af530d258a6f17d27b,0x00DD3640
0x00F3A9F0,MovementHandlerAgentStairsHelper::Activate,221-PDB-bytesig-port,488015e2010308bfa164d3720cb618deea7e1c098b1d61af530d258a6f17d27b,0x00DD4170
0x00F3CD70,MovementPlannerAgentWarp::UnregisterWithController,221-PDB-bytesig-port,488015e2010308bfa164d3720cb618deea7e1c098b1d61af530d258a6f17d27b,0x00DD5A60
0x00F3CDB0,MovementPlannerAgentWarp::Init,221-PDB-bytesig-port,488015e2010308bfa164d3720cb618deea7e1c098b1d61af530d258a6f17d27b,0x00DD5AA0
0x00F3DC20,MovementPlannerAgentWarp::LoadGame,221-PDB-bytesig-port,488015e2010308bfa164d3720cb618deea7e1c098b1d61af530d258a6f17d27b,0x00DD6A80
0x00F3EFD0,MovementTweenerAgentNodeFollower::Activate,221-PDB-bytesig-port,488015e2010308bfa164d3720cb618deea7e1c098b1d61af530d258a6f17d27b,0x00DD79C0
0x00F42A90,PlayerControls::QAllowChangePOV,221-PDB-bytesig-port,488015e2010308bfa164d3720cb618deea7e1c098b1d61af530d258a6f17d27b,0x00DDA0A0
0x00F48CA0,ActivateHandler::DisableInput,AE-bytesig-port,e555c6c0e7aba3e9e4801c2e5e11e3a76b42ce080683b4b9c1cf074c2030b737,0x00DDEAD0
0x00F49D80,ReadyWeaponHandler::HandleEvent,AE-bytesig-port,e555c6c0e7aba3e9e4801c2e5e11e3a76b42ce080683b4b9c1cf074c2030b737,0x00DDFCA0
0x00F4A130,SneakHandler::HandleEvent,221-PDB-bytesig-port,488015e2010308bfa164d3720cb618deea7e1c098b1d61af530d258a6f17d27b,0x00DE0260
0x00F4A200,SprintHandler::HandleEvent,221-PDB-bytesig-port,488015e2010308bfa164d3720cb618deea7e1c098b1d61af530d258a6f17d27b,0x00DE0330
0x00F4BC80,LookHandler::PerFrameUpdate,221-PDB-bytesig-port,488015e2010308bfa164d3720cb618deea7e1c098b1d61af530d258a6f17d27b,0x00DE1AF0
0x00F51320,AlarmPackage::AddCrime,AE-bytesig-port,e555c6c0e7aba3e9e4801c2e5e11e3a76b42ce080683b4b9c1cf074c2030b737,0x00DE5B00
0x00F52210,CustomActorPackageData::InitLoadGame,221-PDB-bytesig-port,488015e2010308bfa164d3720cb618deea7e1c098b1d61af530d258a6f17d27b,0x00DE67F0
0x00F53C40,FleePackage::FleePackage,AE-bytesig-port,e555c6c0e7aba3e9e4801c2e5e11e3a76b42ce080683b4b9c1cf074c2030b737,0x00DE7880
0x00F56D00,GuardActorPackageData::InitLoadGame,221-PDB-bytesig-port,488015e2010308bfa164d3720cb618deea7e1c098b1d61af530d258a6f17d27b,0x00DEA200
0x00F57E80,PatrolActorPackageData::GetInitialReferenceForSetup,221-PDB-bytesig-port,488015e2010308bfa164d3720cb618deea7e1c098b1d61af530d258a6f17d27b,0x00DEB110
0x00F6B1D0,WeaponSwingHandler::executeHandler,221-PDB-bytesig-port,488015e2010308bfa164d3720cb618deea7e1c098b1d61af530d258a6f17d27b,0x00DFC1C0
0x00F6B3D0,LeftHandSpellFireHandler::executeHandler,221-PDB-bytesig-port,488015e2010308bfa164d3720cb618deea7e1c098b1d61af530d258a6f17d27b,0x00DFC3C0
0x00F6B420,RightHandSpellFireHandler::executeHandler,221-PDB-bytesig-port,488015e2010308bfa164d3720cb618deea7e1c098b1d61af530d258a6f17d27b,0x00DFC410
0x00F6B470,VoiceSpellFireHandler::executeHandler,221-PDB-bytesig-port,488015e2010308bfa164d3720cb618deea7e1c098b1d61af530d258a6f17d27b,0x00DFC460
0x00F6B590,LeftHandSpellCastHandler::executeHandler,221-PDB-bytesig-port,488015e2010308bfa164d3720cb618deea7e1c098b1d61af530d258a6f17d27b,0x00DFC580
0x00F6B5E0,RightHandSpellCastHandler::executeHandler,221-PDB-bytesig-port,488015e2010308bfa164d3720cb618deea7e1c098b1d61af530d258a6f17d27b,0x00DFC5D0
0x00F6B630,VoiceSpellCastHandler::executeHandler,221-PDB-bytesig-port,488015e2010308bfa164d3720cb618deea7e1c098b1d61af530d258a6f17d27b,0x00DFC620
0x00F6B8A0,CameraOverrideStartHandler::executeHandler,221-PDB-bytesig-port,488015e2010308bfa164d3720cb618deea7e1c098b1d61af530d258a6f17d27b,0x00DFC980
0x00F6B8E0,CameraOverrideStopHandler::executeHandler,221-PDB-bytesig-port,488015e2010308bfa164d3720cb618deea7e1c098b1d61af530d258a6f17d27b,0x00DFC9C0
0x00F6B920,HitFrameHandler::executeHandler,221-PDB-bytesig-port,488015e2010308bfa164d3720cb618deea7e1c098b1d61af530d258a6f17d27b,0x00DFCA00
0x00F6C190,BedFurnitureExitHandler::executeHandler,221-PDB-bytesig-port,488015e2010308bfa164d3720cb618deea7e1c098b1d61af530d258a6f17d27b,0x00DFD480
0x00F6C3B0,KillActorHandler::executeHandler,221-PDB-bytesig-port,488015e2010308bfa164d3720cb618deea7e1c098b1d61af530d258a6f17d27b,0x00DFD700
0x00F6C5D0,FlightActionHandler::executeHandler,221-PDB-bytesig-port,488015e2010308bfa164d3720cb618deea7e1c098b1d61af530d258a6f17d27b,0x00DFD920
0x00F6CFB0,DoNotInterruptAnimationHandler::executeHandler,221-PDB-bytesig-port,488015e2010308bfa164d3720cb618deea7e1c098b1d61af530d258a6f17d27b,0x00DFE3E0
0x00F6D110,StopMountCameraHandler::executeHandler,221-PDB-bytesig-port,488015e2010308bfa164d3720cb618deea7e1c098b1d61af530d258a6f17d27b,0x00DFE530
0x00F6D1A0,PairedStopHandler::executeHandler,221-PDB-bytesig-port,488015e2010308bfa164d3720cb618deea7e1c098b1d61af530d258a6f17d27b,0x00DFE5C0
0x00F6D910,RemoveRagdollHandler::executeHandler,221-PDB-bytesig-port,488015e2010308bfa164d3720cb618deea7e1c098b1d61af530d258a6f17d27b,0x00DFEC70
0x00F6E0D0,JumpAnimEventHandler::executeHandler,221-PDB-bytesig-port,488015e2010308bfa164d3720cb618deea7e1c098b1d61af530d258a6f17d27b,0x00DFF5B0
0x00F6E660,PlayerSightedStateChangeHandler::executeHandler,221-PDB-bytesig-port,488015e2010308bfa164d3720cb618deea7e1c098b1d61af530d258a6f17d27b,0x00DFFB60
0x00F6EA10,SneakStateChangeHandler::executeHandler,221-PDB-bytesig-port,488015e2010308bfa164d3720cb618deea7e1c098b1d61af530d258a6f17d27b,0x00DFFF20
0x00F6EA60,PlayerSneakStateChangeHandler::executeHandler,221-PDB-bytesig-port,488015e2010308bfa164d3720cb618deea7e1c098b1d61af530d258a6f17d27b,0x00DFFF70
0x00F6ED70,CullWeaponsHandler::executeHandler,221-PDB-bytesig-port,488015e2010308bfa164d3720cb618deea7e1c098b1d61af530d258a6f17d27b,0x00E00320
0x00F6EDB0,UncullWeaponsHandler::executeHandler,221-PDB-bytesig-port,488015e2010308bfa164d3720cb618deea7e1c098b1d61af530d258a6f17d27b,0x00E00360
0x00F6F150,UseStimpakHandler::executeHandler,221-PDB-bytesig-port,488015e2010308bfa164d3720cb618deea7e1c098b1d61af530d258a6f17d27b,0x00E006E0
0x00F6FBA0,KnockdownHandler::executeHandler,221-PDB-bytesig-port,488015e2010308bfa164d3720cb618deea7e1c098b1d61af530d258a6f17d27b,0x00E01130
0x00F6FDE0,SyncDeferDeathHandler::executeHandler,221-PDB-bytesig-port,488015e2010308bfa164d3720cb618deea7e1c098b1d61af530d258a6f17d27b,0x00E013A0
0x00F6FF20,UpdateSightedHandler::executeHandler,221-PDB-bytesig-port,488015e2010308bfa164d3720cb618deea7e1c098b1d61af530d258a6f17d27b,0x00E014E0
0x00F8CC10,AnimationObjects::AnimationObjects,221-PDB-bytesig-port,488015e2010308bfa164d3720cb618deea7e1c098b1d61af530d258a6f17d27b,0x00E0E840
0x00F8D5D0,AnimationObjects::Loaded,AE-bytesig-port,e555c6c0e7aba3e9e4801c2e5e11e3a76b42ce080683b4b9c1cf074c2030b737,0x00E0F030
0x00F91B80,BGSAnimationSystemUtils::RequestAnimationSubGraph,AE-bytesig-port,e555c6c0e7aba3e9e4801c2e5e11e3a76b42ce080683b4b9c1cf074c2030b737,0x00E12F30
0x00F921F0,BGSAnimationSystemUtils::RunActionOnActorGetFile,AE-bytesig-port,e555c6c0e7aba3e9e4801c2e5e11e3a76b42ce080683b4b9c1cf074c2030b737,0x00E138A0
0x00F92990,BGSAnimationSystemUtils::GetProjectForActor,AE-bytesig-port,e555c6c0e7aba3e9e4801c2e5e11e3a76b42ce080683b4b9c1cf074c2030b737,0x00E14150
0x00F93FB0,GetDynamicIdleFullFilePath,AE-bytesig-port,e555c6c0e7aba3e9e4801c2e5e11e3a76b42ce080683b4b9c1cf074c2030b737,0x00E17290
0x00F9B6B0,BSPassByTargetTriggerModifierInterface::GetEnabledImpl,221-PDB-bytesig-port,488015e2010308bfa164d3720cb618deea7e1c098b1d61af530d258a6f17d27b,0x00E18F80
0x00F9B800,BSPassByTargetTriggerModifierInterface::GetMovementDirectionImpl,221-PDB-bytesig-port,488015e2010308bfa164d3720cb618deea7e1c098b1d61af530d258a6f17d27b,0x00E190D0
0x00FA20C0,ArrowProjectile::ArrowProjectile,221-PDB-bytesig-port,488015e2010308bfa164d3720cb618deea7e1c098b1d61af530d258a6f17d27b,0x00E1C7E0
0x00FA2290,ArrowProjectile::ProcessImpacts,221-PDB-bytesig-port,488015e2010308bfa164d3720cb618deea7e1c098b1d61af530d258a6f17d27b,0x00E1C9B0
0x00FA2300,ArrowProjectile::GetGravity,221-PDB-bytesig-port,488015e2010308bfa164d3720cb618deea7e1c098b1d61af530d258a6f17d27b,0x00E1CA20
0x00FA2460,ArrowProjectile::UpdateImpl,221-PDB-bytesig-port,488015e2010308bfa164d3720cb618deea7e1c098b1d61af530d258a6f17d27b,0x00E1CB80
0x00FA24E0,ArrowProjectile::SaveGame,221-PDB-bytesig-port,488015e2010308bfa164d3720cb618deea7e1c098b1d61af530d258a6f17d27b,0x00E1CC00
0x00FA3310,BarrierProjectile::InitHavok,221-PDB-bytesig-port,488015e2010308bfa164d3720cb618deea7e1c098b1d61af530d258a6f17d27b,0x00E1D750
0x00FA4FB0,BeamProjectile::Handle3DLoaded,221-PDB-bytesig-port,488015e2010308bfa164d3720cb618deea7e1c098b1d61af530d258a6f17d27b,0x00E1F150
0x00FA4FE0,BeamProjectile::Process3D,221-PDB-bytesig-port,488015e2010308bfa164d3720cb618deea7e1c098b1d61af530d258a6f17d27b,0x00E1F180
0x00FA5210,BeamProjectile::Set3D,221-PDB-bytesig-port,488015e2010308bfa164d3720cb618deea7e1c098b1d61af530d258a6f17d27b,0x00E1F3B0
0x00FA5700,BeamProjectile::ShouldUseDesiredTarget,221-PDB-bytesig-port,488015e2010308bfa164d3720cb618deea7e1c098b1d61af530d258a6f17d27b,0x00E1F910
0x00FA7ED0,ConeProjectile::Revert,221-PDB-bytesig-port,488015e2010308bfa164d3720cb618deea7e1c098b1d61af530d258a6f17d27b,0x00E21950
0x00FA8070,ConeProjectile::AddImpact,221-PDB-bytesig-port,488015e2010308bfa164d3720cb618deea7e1c098b1d61af530d258a6f17d27b,0x00E21AF0
0x00FAC070,Explosion::Kill,221-PDB-bytesig-port,488015e2010308bfa164d3720cb618deea7e1c098b1d61af530d258a6f17d27b,0x00E25E10
0x00FAC420,Explosion::AttachDistant,221-PDB-bytesig-port,488015e2010308bfa164d3720cb618deea7e1c098b1d61af530d258a6f17d27b,0x00E261D0
0x00FACD20,Explosion::InitLoadGame,221-PDB-bytesig-port,488015e2010308bfa164d3720cb618deea7e1c098b1d61af530d258a6f17d27b,0x00E26B90
0x00FB70C0,FlameProjectile::Process3D,221-PDB-bytesig-port,488015e2010308bfa164d3720cb618deea7e1c098b1d61af530d258a6f17d27b,0x00E2F730
0x00FB80E0,FlameProjectile::ShouldUseDesiredTarget,221-PDB-bytesig-port,488015e2010308bfa164d3720cb618deea7e1c098b1d61af530d258a6f17d27b,0x00E30C70
0x00FB9270,GrenadeProjectile::OnKill,221-PDB-bytesig-port,488015e2010308bfa164d3720cb618deea7e1c098b1d61af530d258a6f17d27b,0x00E31A80
0x00FB9580,GrenadeProjectile::ReportHavokDeactivation,221-PDB-bytesig-port,488015e2010308bfa164d3720cb618deea7e1c098b1d61af530d258a6f17d27b,0x00E31D90
0x00FB98F0,GrenadeProjectile::HitBackToShooter,221-PDB-bytesig-port,488015e2010308bfa164d3720cb618deea7e1c098b1d61af530d258a6f17d27b,0x00E320C0
0x00FB9990,GrenadeProjectile::IsPermanent,221-PDB-bytesig-port,488015e2010308bfa164d3720cb618deea7e1c098b1d61af530d258a6f17d27b,0x00E32160
0x00FBBE30,Hazard::Revert,221-PDB-bytesig-port,488015e2010308bfa164d3720cb618deea7e1c098b1d61af530d258a6f17d27b,0x00E34D50
0x00FBBEF0,Hazard::AttachLight,221-PDB-bytesig-port,488015e2010308bfa164d3720cb618deea7e1c098b1d61af530d258a6f17d27b,0x00E34E20
0x00FC4320,MissileProjectile::InitHavok,221-PDB-bytesig-port,488015e2010308bfa164d3720cb618deea7e1c098b1d61af530d258a6f17d27b,0x00E3C720
0x00FC47C0,MissileProjectile::LoadGame,221-PDB-bytesig-port,488015e2010308bfa164d3720cb618deea7e1c098b1d61af530d258a6f17d27b,0x00E3CB80
0x00FC4840,MissileProjectile::FinishLoadGame,221-PDB-bytesig-port,488015e2010308bfa164d3720cb618deea7e1c098b1d61af530d258a6f17d27b,0x00E3CC00
0x00FC4880,MissileProjectile::Revert,221-PDB-bytesig-port,488015e2010308bfa164d3720cb618deea7e1c098b1d61af530d258a6f17d27b,0x00E3CC40
0x00FC8AA0,Projectile::FindMatchingProjectileFunctor::operator,221-PDB-bytesig-port,488015e2010308bfa164d3720cb618deea7e1c098b1d61af530d258a6f17d27b,0x00E40500
0x00FC8FA0,Projectile::Manager::Manager,221-PDB-bytesig-port,488015e2010308bfa164d3720cb618deea7e1c098b1d61af530d258a6f17d27b,0x00E40A40
0x00FCB600,Projectile::Kill,221-PDB-bytesig-port,488015e2010308bfa164d3720cb618deea7e1c098b1d61af530d258a6f17d27b,0x00E433B0
0x00FCC010,Projectile::Set3D,221-PDB-bytesig-port,488015e2010308bfa164d3720cb618deea7e1c098b1d61af530d258a6f17d27b,0x00E43ED0
0x00FCC140,Projectile::HasKeyword,221-PDB-bytesig-port,488015e2010308bfa164d3720cb618deea7e1c098b1d61af530d258a6f17d27b,0x00E44010
0x00FCC280,Projectile::PostLoad3D,221-PDB-bytesig-port,488015e2010308bfa164d3720cb618deea7e1c098b1d61af530d258a6f17d27b,0x00E44230
0x00FCD350,Projectile::UpdateInInventory,221-PDB-bytesig-port,488015e2010308bfa164d3720cb618deea7e1c098b1d61af530d258a6f17d27b,0x00E452E0
0x00FCD4A0,Projectile::Update3D,221-PDB-bytesig-port,488015e2010308bfa164d3720cb618deea7e1c098b1d61af530d258a6f17d27b,0x00E45430
0x00FCDF10,Projectile::InitLoadGame,221-PDB-bytesig-port,488015e2010308bfa164d3720cb618deea7e1c098b1d61af530d258a6f17d27b,0x00E45FB0
0x00FD0C20,Projectile::HandleNew3D,221-PDB-bytesig-port,488015e2010308bfa164d3720cb618deea7e1c098b1d61af530d258a6f17d27b,0x00E49EF0
0x00FD0E20,Projectile::GetFireNode,221-PDB-bytesig-port,488015e2010308bfa164d3720cb618deea7e1c098b1d61af530d258a6f17d27b,0x00E4A0E0
0x00FD1030,Projectile::ApplyDecals,221-PDB-bytesig-port,488015e2010308bfa164d3720cb618deea7e1c098b1d61af530d258a6f17d27b,0x00E4A2F0
0x00FD2080,Projectile::FreeCachedCollisionShapes,221-PDB-bytesig-port,488015e2010308bfa164d3720cb618deea7e1c098b1d61af530d258a6f17d27b,0x00E4B900
0x00FD23A0,Projectile::GetCollisionShape,221-PDB-bytesig-port,488015e2010308bfa164d3720cb618deea7e1c098b1d61af530d258a6f17d27b,0x00E4BC20
0x00FD2B20,BarterMenu::OnButtonEventRelease,221-PDB-bytesig-port,488015e2010308bfa164d3720cb618deea7e1c098b1d61af530d258a6f17d27b,0x00A4A180
0x00FD75F0,Projectile::Check3DLoaded,221-PDB-bytesig-port,488015e2010308bfa164d3720cb618deea7e1c098b1d61af530d258a6f17d27b,0x00E51970
0x00FE2290,VATS::GetCurrentAction,AE-bytesig-port,e555c6c0e7aba3e9e4801c2e5e11e3a76b42ce080683b4b9c1cf074c2030b737,0x00E59700
0x00FE3FB0,VATS::GetConditionFunctionAction,221-PDB-bytesig-port,488015e2010308bfa164d3720cb618deea7e1c098b1d61af530d258a6f17d27b,0x00E59950
0x00FFB490,CombatArea::LoadGame,221-PDB-bytesig-port,488015e2010308bfa164d3720cb618deea7e1c098b1d61af530d258a6f17d27b,0x00E70890
0x00FFB6B0,CombatAreaShape::CheckStraightLine,221-PDB-bytesig-port,488015e2010308bfa164d3720cb618deea7e1c098b1d61af530d258a6f17d27b,0x00E70AE0
0x00FFB7F0,CombatAreaShape::GetWorldLocation,221-PDB-bytesig-port,488015e2010308bfa164d3720cb618deea7e1c098b1d61af530d258a6f17d27b,0x00E70C20
0x0100B3B0,CombatCoverSearch::LoadGame,221-PDB-bytesig-port,488015e2010308bfa164d3720cb618deea7e1c098b1d61af530d258a6f17d27b,0x00E7EEF0
0x01025660,CombatGroup::CombatGroup,AE-bytesig-port,e555c6c0e7aba3e9e4801c2e5e11e3a76b42ce080683b4b9c1cf074c2030b737,0x00E913D0
0x0102B400,CombatGroup::IsInCombatWithGuard,AE-bytesig-port,e555c6c0e7aba3e9e4801c2e5e11e3a76b42ce080683b4b9c1cf074c2030b737,0x00E983B0
0x0104E7F0,CombatInventoryItemRanged::CalculateScore,221-PDB-bytesig-port,488015e2010308bfa164d3720cb618deea7e1c098b1d61af530d258a6f17d27b,0x00EB1780
0x0104EC60,CombatInventoryItemRanged::SaveGame,221-PDB-bytesig-port,488015e2010308bfa164d3720cb618deea7e1c098b1d61af530d258a6f17d27b,0x00EB1D60
0x01055330,CombatMagicCasterOffensive::SaveGame,221-PDB-bytesig-port,488015e2010308bfa164d3720cb618deea7e1c098b1d61af530d258a6f17d27b,0x00EBC100
0x010556A0,CombatMagicCasterWard::CheckStartCast,221-PDB-bytesig-port,488015e2010308bfa164d3720cb618deea7e1c098b1d61af530d258a6f17d27b,0x00EBC490
0x010558C0,CombatMagicCasterWard::SaveGame,221-PDB-bytesig-port,488015e2010308bfa164d3720cb618deea7e1c098b1d61af530d258a6f17d27b,0x00EBC700
0x01056580,CombatMagicCasterRestore::SaveGame,221-PDB-bytesig-port,488015e2010308bfa164d3720cb618deea7e1c098b1d61af530d258a6f17d27b,0x00EBD550
0x01058A00,CombatMagicCasterTargetEffect::CheckStartCast,221-PDB-bytesig-port,488015e2010308bfa164d3720cb618deea7e1c098b1d61af530d258a6f17d27b,0x00EBFC00
0x01059050,CombatMagicCasterReanimate::SetupAimController,221-PDB-bytesig-port,488015e2010308bfa164d3720cb618deea7e1c098b1d61af530d258a6f17d27b,0x00EC02F0
0x010590C0,CombatMagicCasterReanimate::SaveGame,221-PDB-bytesig-port,488015e2010308bfa164d3720cb618deea7e1c098b1d61af530d258a6f17d27b,0x00EC0370
0x010A3E00,CombatTargetSelectorPreferred::SaveGame,221-PDB-bytesig-port,488015e2010308bfa164d3720cb618deea7e1c098b1d61af530d258a6f17d27b,0x00EE97C0
0x010A3F50,CombatTargetSelectorPreferred::CalculateTargetScore,221-PDB-bytesig-port,488015e2010308bfa164d3720cb618deea7e1c098b1d61af530d258a6f17d27b,0x00EE98E0
0x010A77B0,CombatThreatProjectile::Initialize,221-PDB-bytesig-port,488015e2010308bfa164d3720cb618deea7e1c098b1d61af530d258a6f17d27b,0x00EEC4B0
0x010A7810,CombatThreatProjectile::CalculateCachedLinearVelocity,221-PDB-bytesig-port,488015e2010308bfa164d3720cb618deea7e1c098b1d61af530d258a6f17d27b,0x00EEC510
0x010B74A0,CombatUtilities::IsTargetIncapacitated,221-PDB-bytesig-port,488015e2010308bfa164d3720cb618deea7e1c098b1d61af530d258a6f17d27b,0x00EF92F0
0x010B7500,CombatUtilities::CalculateRelativeVelocity,221-PDB-bytesig-port,488015e2010308bfa164d3720cb618deea7e1c098b1d61af530d258a6f17d27b,0x00EF9350
0x010B7960,CombatUtilities::CheckEncounterZoneBoundary,221-PDB-bytesig-port,488015e2010308bfa164d3720cb618deea7e1c098b1d61af530d258a6f17d27b,0x00EF97D0
0x010BF710,CombatBehaviorController::Start,AE-bytesig-port,e555c6c0e7aba3e9e4801c2e5e11e3a76b42ce080683b4b9c1cf074c2030b737,0x00EFE180
0x010CA380,CombatBehaviorTreeCombat::Initialize,221-PDB-bytesig-port,488015e2010308bfa164d3720cb618deea7e1c098b1d61af530d258a6f17d27b,0x00F05D50
0x010CBEC0,CombatBehaviorTreeLinkNode::Enter,221-PDB-bytesig-port,488015e2010308bfa164d3720cb618deea7e1c098b1d61af530d258a6f17d27b,0x00F06BD0
0x010E3E10,CombatBehaviorTreeAvoidThreat::Initialize,221-PDB-bytesig-port,488015e2010308bfa164d3720cb618deea7e1c098b1d61af530d258a6f17d27b,0x00F18960
0x010FB490,CombatBehaviorTreeCloseMovement::Initialize,221-PDB-bytesig-port,488015e2010308bfa164d3720cb618deea7e1c098b1d61af530d258a6f17d27b,0x00F2B2F0
0x0111A110,CombatBehaviorTreeFlankingMovement::Initialize,221-PDB-bytesig-port,488015e2010308bfa164d3720cb618deea7e1c098b1d61af530d258a6f17d27b,0x00F44430
0x01154410,DiveBombPathController::SaveGame,221-PDB-bytesig-port,488015e2010308bfa164d3720cb618deea7e1c098b1d61af530d258a6f17d27b,0x00F70B90
0x01160470,CombatBehaviorTreeMagic::Initialize,221-PDB-bytesig-port,488015e2010308bfa164d3720cb618deea7e1c098b1d61af530d258a6f17d27b,0x00F78050
0x011C2B60,CombatBehaviorTreeUseCover::Initialize,221-PDB-bytesig-port,488015e2010308bfa164d3720cb618deea7e1c098b1d61af530d258a6f17d27b,0x00FC6650
0x011D76A0,CombatBehaviorTreeUsePotion::Initialize,221-PDB-bytesig-port,488015e2010308bfa164d3720cb618deea7e1c098b1d61af530d258a6f17d27b,0x00FD40F0
0x011D9B70,CombatPath::GetPathDestination,221-PDB-bytesig-port,488015e2010308bfa164d3720cb618deea7e1c098b1d61af530d258a6f17d27b,0x00FD5EC0
0x011EE280,CombatPathingRequest::Write,221-PDB-bytesig-port,488015e2010308bfa164d3720cb618deea7e1c098b1d61af530d258a6f17d27b,0x00FE70A0
0x011EE2F0,CombatPathingRequest::Read,221-PDB-bytesig-port,488015e2010308bfa164d3720cb618deea7e1c098b1d61af530d258a6f17d27b,0x00FE7110
0x011FA240,CombatApproachTargetPathController::LoadGame,221-PDB-bytesig-port,488015e2010308bfa164d3720cb618deea7e1c098b1d61af530d258a6f17d27b,0x01008E20
0x011FA9C0,CombatFollowTargetPathController::SaveGame,221-PDB-bytesig-port,488015e2010308bfa164d3720cb618deea7e1c098b1d61af530d258a6f17d27b,0x01009540
0x011FAAA0,CombatFollowTargetPathController::LoadGame,221-PDB-bytesig-port,488015e2010308bfa164d3720cb618deea7e1c098b1d61af530d258a6f17d27b,0x01009620
0x01246D00,FurnitureCameraState::GetRotation,221-PDB-bytesig-port,488015e2010308bfa164d3720cb618deea7e1c098b1d61af530d258a6f17d27b,0x01023700
0x01246E10,FurnitureCameraState::SetFurniture,AE-bytesig-port,e555c6c0e7aba3e9e4801c2e5e11e3a76b42ce080683b4b9c1cf074c2030b737,0x01023660
0x01247A60,HorseCameraState::Revert,221-PDB-bytesig-port,488015e2010308bfa164d3720cb618deea7e1c098b1d61af530d258a6f17d27b,0x010241B0
0x0124A040,PlayerCamera::Get3rdPersonCameraEyeHeight,221-PDB-bytesig-port,488015e2010308bfa164d3720cb618deea7e1c098b1d61af530d258a6f17d27b,0x01026560
0x0124A440,PlayerCamera::StopTempForced3rdPerson,221-PDB-bytesig-port,488015e2010308bfa164d3720cb618deea7e1c098b1d61af530d258a6f17d27b,0x01026960
0x0124A440,PlayerCamera::StopTempForced3rdPerson,AE-bytesig-port,e555c6c0e7aba3e9e4801c2e5e11e3a76b42ce080683b4b9c1cf074c2030b737,0x010267C0
0x0124CA20,PlayerCamera::GetBody,221-PDB-bytesig-port,488015e2010308bfa164d3720cb618deea7e1c098b1d61af530d258a6f17d27b,0x010292A0
0x0124D340,PlayerCamera::CanActivateObjects,221-PDB-bytesig-port,488015e2010308bfa164d3720cb618deea7e1c098b1d61af530d258a6f17d27b,0x01029DE0
0x0124D550,PlayerCamera::SetCameraOverride,221-PDB-bytesig-port,488015e2010308bfa164d3720cb618deea7e1c098b1d61af530d258a6f17d27b,0x01029FF0
0x0124E110,PlayerCamera::Revert,221-PDB-bytesig-port,488015e2010308bfa164d3720cb618deea7e1c098b1d61af530d258a6f17d27b,0x0102AB60
0x0124E6D0,PlayerCamera::StartAutoVanityMode,221-PDB-bytesig-port,488015e2010308bfa164d3720cb618deea7e1c098b1d61af530d258a6f17d27b,0x0102B110
0x0124E740,PlayerCamera::StopAutoVanityMode,221-PDB-bytesig-port,488015e2010308bfa164d3720cb618deea7e1c098b1d61af530d258a6f17d27b,0x0102B180
0x012505B0,PlayerCameraTransitionState::GetRotation,221-PDB-bytesig-port,488015e2010308bfa164d3720cb618deea7e1c098b1d61af530d258a6f17d27b,0x0102BE20
0x01250630,PlayerCameraTransitionState::GetTranslation,221-PDB-bytesig-port,488015e2010308bfa164d3720cb618deea7e1c098b1d61af530d258a6f17d27b,0x0102BE90
0x01250F60,ThirdPersonState::End,221-PDB-bytesig-port,488015e2010308bfa164d3720cb618deea7e1c098b1d61af530d258a6f17d27b,0x0102C8E0
0x01254710,ThirdPersonState::CameraParentUpdate,AE-bytesig-port,e555c6c0e7aba3e9e4801c2e5e11e3a76b42ce080683b4b9c1cf074c2030b737,0x0102FDF0
0x01263360,ConsoleNativeUIMenu::ProcessMessage,221-PDB-bytesig-port,488015e2010308bfa164d3720cb618deea7e1c098b1d61af530d258a6f17d27b,0x0103C300
0x012652A0,ContainerMenu::UpdateItemPickpocketInfo,221-PDB-bytesig-port,488015e2010308bfa164d3720cb618deea7e1c098b1d61af530d258a6f17d27b,0x0103E580
0x0127AA80,PowerArmorGeometry::GetPowerArmorShouldBeVisible,AE-bytesig-port,e555c6c0e7aba3e9e4801c2e5e11e3a76b42ce080683b4b9c1cf074c2030b737,0x01051B40
0x0127AAE0,PowerArmorGeometry::ShowPipboyPAGeometry,AE-bytesig-port,e555c6c0e7aba3e9e4801c2e5e11e3a76b42ce080683b4b9c1cf074c2030b737,0x01051BA0
0x0127ABB0,PowerArmorGeometry::HidePipboyPAGeometry,AE-bytesig-port,e555c6c0e7aba3e9e4801c2e5e11e3a76b42ce080683b4b9c1cf074c2030b737,0x01051C70
0x0127B480,PowerArmorGeometry::HidePowerArmorGeometry,AE-bytesig-port,e555c6c0e7aba3e9e4801c2e5e11e3a76b42ce080683b4b9c1cf074c2030b737,0x010525B0
0x0127C5C0,HUDPowerArmorLowBatterWarningText::UpdateDisplayObject,221-PDB-bytesig-port,488015e2010308bfa164d3720cb618deea7e1c098b1d61af530d258a6f17d27b,0x01053790
0x0128C6E0,Inventory3DManager::ClearModel,AE-bytesig-port,e555c6c0e7aba3e9e4801c2e5e11e3a76b42ce080683b4b9c1cf074c2030b737,0x0105E450
0x0129C770,LockpickingMenu::AdvanceMovie,221-PDB-bytesig-port,488015e2010308bfa164d3720cb618deea7e1c098b1d61af530d258a6f17d27b,0x0106AE70
0x012AA9B0,DisconnectHandler::HandleEvent,221-PDB-bytesig-port,488015e2010308bfa164d3720cb618deea7e1c098b1d61af530d258a6f17d27b,0x01075D80
0x012AA9B0,DisconnectHandler::HandleEvent,AE-bytesig-port,e555c6c0e7aba3e9e4801c2e5e11e3a76b42ce080683b4b9c1cf074c2030b737,0x01075BE0
0x012AB6F0,QuickSaveLoadHandler::HandleEvent,221-PDB-bytesig-port,488015e2010308bfa164d3720cb618deea7e1c098b1d61af530d258a6f17d27b,0x01077070
0x012ADC30,MessageMenuManager::GetNextMessage,221-PDB-bytesig-port,488015e2010308bfa164d3720cb618deea7e1c098b1d61af530d258a6f17d27b,0x01079340
0x012AFF90,SitWaitMenu::OnMenuStackChanged,221-PDB-bytesig-port,488015e2010308bfa164d3720cb618deea7e1c098b1d61af530d258a6f17d27b,0x0107B680
0x012B00A0,SitWaitMenu::Call,221-PDB-bytesig-port,488015e2010308bfa164d3720cb618deea7e1c098b1d61af530d258a6f17d27b,0x0107B760
0x012B4CE0,TitleSequenceMenu::ProcessMessage,221-PDB-bytesig-port,488015e2010308bfa164d3720cb618deea7e1c098b1d61af530d258a6f17d27b,0x0107EF90
0x012B9410,SendUIMessage::ShowFaderMenu,AE-bytesig-port,e555c6c0e7aba3e9e4801c2e5e11e3a76b42ce080683b4b9c1cf074c2030b737,0x010829C0
0x012C0B80,UIUtils::KillScreenEffects,AE-bytesig-port,e555c6c0e7aba3e9e4801c2e5e11e3a76b42ce080683b4b9c1cf074c2030b737,0x01086780
0x012E1DC0,GameScript::HandlePolicy::HandleIsType,221-PDB-bytesig-port,488015e2010308bfa164d3720cb618deea7e1c098b1d61af530d258a6f17d27b,0x01099BF0
0x012E2030,GameScript::HandlePolicy::GetHandleType,221-PDB-bytesig-port,488015e2010308bfa164d3720cb618deea7e1c098b1d61af530d258a6f17d27b,0x01099E60
0x012E2650,GameScript::HandlePolicy::GetParentHandle,221-PDB-bytesig-port,488015e2010308bfa164d3720cb618deea7e1c098b1d61af530d258a6f17d27b,0x0109A480
0x012E31E0,GameScript::HandlePolicy::ConvertHandleToString,221-PDB-bytesig-port,488015e2010308bfa164d3720cb618deea7e1c098b1d61af530d258a6f17d27b,0x0109AE90
0x0131BBA0,GameScript::Logger::PostErrorImpl,221-PDB-bytesig-port,488015e2010308bfa164d3720cb618deea7e1c098b1d61af530d258a6f17d27b,0x010B83E0
0x0131C9C0,GameScript::ObjectBindPolicy::ObjectNoLongerNeeded,221-PDB-bytesig-port,488015e2010308bfa164d3720cb618deea7e1c098b1d61af530d258a6f17d27b,0x010B9240
0x01331370,GameScript::Internal::LOSEventData::Save,221-PDB-bytesig-port,488015e2010308bfa164d3720cb618deea7e1c098b1d61af530d258a6f17d27b,0x010C6140
0x01331780,GameScript::Internal::LOSEventData::Load,221-PDB-bytesig-port,488015e2010308bfa164d3720cb618deea7e1c098b1d61af530d258a6f17d27b,0x010C65A0
0x01331D80,GameScript::Internal::LOSDirectEventData::PreSave,221-PDB-bytesig-port,488015e2010308bfa164d3720cb618deea7e1c098b1d61af530d258a6f17d27b,0x010C6BA0
0x01331DE0,GameScript::Internal::LOSDirectEventData::Save,221-PDB-bytesig-port,488015e2010308bfa164d3720cb618deea7e1c098b1d61af530d258a6f17d27b,0x010C6C00
0x013583F0,GameScript::Store::GetIsEOS,221-PDB-bytesig-port,488015e2010308bfa164d3720cb618deea7e1c098b1d61af530d258a6f17d27b,0x010DCEF0
0x01358440,GameScript::Store::GetSize,221-PDB-bytesig-port,488015e2010308bfa164d3720cb618deea7e1c098b1d61af530d258a6f17d27b,0x010DCF40
0x01358480,GameScript::Store::GetPosition,221-PDB-bytesig-port,488015e2010308bfa164d3720cb618deea7e1c098b1d61af530d258a6f17d27b,0x010DCF80
0x013584C0,GameScript::Store::Seek,221-PDB-bytesig-port,488015e2010308bfa164d3720cb618deea7e1c098b1d61af530d258a6f17d27b,0x010DCFC0
0x01358560,GameScript::Store::Read,221-PDB-bytesig-port,488015e2010308bfa164d3720cb618deea7e1c098b1d61af530d258a6f17d27b,0x010DD060
0x01371E30,GameVM::PreSave,221-PDB-bytesig-port,488015e2010308bfa164d3720cb618deea7e1c098b1d61af530d258a6f17d27b,0x010E9840
0x01374FB0,GameScript::GameVM::SendEventToObjectAndRelated,AE-bytesig-port,e555c6c0e7aba3e9e4801c2e5e11e3a76b42ce080683b4b9c1cf074c2030b737,0x010ED150
0x013BE6B0,ModManager::SearchForMods,221-PDB-bytesig-port,488015e2010308bfa164d3720cb618deea7e1c098b1d61af530d258a6f17d27b,0x00A8E9D0
0x013FE7E0,GameScript::MoveObjectTo,AE-bytesig-port,e555c6c0e7aba3e9e4801c2e5e11e3a76b42ce080683b4b9c1cf074c2030b737,0x01180B30
0x01441BF0,ExtraDataList::SetBendableSplineInfo,AE-bytesig-port,e555c6c0e7aba3e9e4801c2e5e11e3a76b42ce080683b4b9c1cf074c2030b737,0x00291280
0x01490280,Json::Value::asCString,221-PDB-bytesig-port,488015e2010308bfa164d3720cb618deea7e1c098b1d61af530d258a6f17d27b,0x011CC4F0
0x014AE8E0,hkMemoryRouter::hkMemoryRouter,221-PDB-bytesig-port,488015e2010308bfa164d3720cb618deea7e1c098b1d61af530d258a6f17d27b,0x0125B840
0x014AE920,hkMemoryRouter::resetPeakMemoryStatistics,221-PDB-bytesig-port,488015e2010308bfa164d3720cb618deea7e1c098b1d61af530d258a6f17d27b,0x0125B880
0x014AE9F0,hkMemoryRouter::easyAlloc,221-PDB-bytesig-port,488015e2010308bfa164d3720cb618deea7e1c098b1d61af530d258a6f17d27b,0x0125B950
0x014BFD30,hknpWorld::createMotion,221-PDB-bytesig-port,488015e2010308bfa164d3720cb618deea7e1c098b1d61af530d258a6f17d27b,0x01269160
0x014C2320,hknpWorld::RemoveBodyFromMotion,AE-bytesig-port,e555c6c0e7aba3e9e4801c2e5e11e3a76b42ce080683b4b9c1cf074c2030b737,0x0126B770
0x014D5440,hknpActionManager::RemoveAction,AE-bytesig-port,e555c6c0e7aba3e9e4801c2e5e11e3a76b42ce080683b4b9c1cf074c2030b737,0x012763C0
0x014D72A0,hkArrayUtil::_reduce,221-PDB-bytesig-port,488015e2010308bfa164d3720cb618deea7e1c098b1d61af530d258a6f17d27b,0x01277380
0x014E40D0,hknpHeightFieldShape::getCoarseMinMax,221-PDB-bytesig-port,488015e2010308bfa164d3720cb618deea7e1c098b1d61af530d258a6f17d27b,0x0127E200
0x014E6250,MessageMenuManager::Create,221-PDB-bytesig-port,488015e2010308bfa164d3720cb618deea7e1c098b1d61af530d258a6f17d27b,0x01078920
0x014E6250,MessageMenuManager::Create,AE-bytesig-port,e555c6c0e7aba3e9e4801c2e5e11e3a76b42ce080683b4b9c1cf074c2030b737,0x01078780
0x014E7050,hknpHeightFieldShape::getClosestPointsImpl,221-PDB-bytesig-port,488015e2010308bfa164d3720cb618deea7e1c098b1d61af530d258a6f17d27b,0x012811F0
0x014E7230,hknpHeightFieldShape::getClosestPointsToHeightfieldImpl,221-PDB-bytesig-port,488015e2010308bfa164d3720cb618deea7e1c098b1d61af530d258a6f17d27b,0x012813D0
0x014FF470,hkClass::isSuperClass,221-PDB-bytesig-port,488015e2010308bfa164d3720cb618deea7e1c098b1d61af530d258a6f17d27b,0x01292320
0x014FF720,hkClass::getMember,221-PDB-bytesig-port,488015e2010308bfa164d3720cb618deea7e1c098b1d61af530d258a6f17d27b,0x012925D0
0x014FF970,hkClass::getDeclaredMemberByName,221-PDB-bytesig-port,488015e2010308bfa164d3720cb618deea7e1c098b1d61af530d258a6f17d27b,0x01292820
0x014FFAA0,hkClass::hasVtable,221-PDB-bytesig-port,488015e2010308bfa164d3720cb618deea7e1c098b1d61af530d258a6f17d27b,0x01292950
0x015002C0,hkClass::retrieveMember,221-PDB-bytesig-port,488015e2010308bfa164d3720cb618deea7e1c098b1d61af530d258a6f17d27b,0x012931C0
0x01506750,hkDynamicClassNameRegistry::registerClass,221-PDB-bytesig-port,488015e2010308bfa164d3720cb618deea7e1c098b1d61af530d258a6f17d27b,0x01296C60
0x01506830,hkDefaultBuiltinTypeRegistry::reinitialize,221-PDB-bytesig-port,488015e2010308bfa164d3720cb618deea7e1c098b1d61af530d258a6f17d27b,0x01297150
0x01506B90,hkLifoAllocator::init,221-PDB-bytesig-port,488015e2010308bfa164d3720cb618deea7e1c098b1d61af530d258a6f17d27b,0x01297470
0x01506C30,hkLifoAllocator::quit,221-PDB-bytesig-port,488015e2010308bfa164d3720cb618deea7e1c098b1d61af530d258a6f17d27b,0x01297510
0x01542610,hknpStaticCompoundShape::castRayImpl,221-PDB-bytesig-port,488015e2010308bfa164d3720cb618deea7e1c098b1d61af530d258a6f17d27b,0x012B3580
0x01542DE0,hknpStaticCompoundShape::createShapeKeyMask,221-PDB-bytesig-port,488015e2010308bfa164d3720cb618deea7e1c098b1d61af530d258a6f17d27b,0x012B3CD0
0x01543450,hknpStaticCompoundShape::getClosestPointsImpl,221-PDB-bytesig-port,488015e2010308bfa164d3720cb618deea7e1c098b1d61af530d258a6f17d27b,0x012B4410
0x01578420,hknpSphereShape::buildSurfaceGeometry,221-PDB-bytesig-port,488015e2010308bfa164d3720cb618deea7e1c098b1d61af530d258a6f17d27b,0x012C5470
0x015789E0,hknpCollisionQueryDispatcherBase::getClosestPoints,221-PDB-bytesig-port,488015e2010308bfa164d3720cb618deea7e1c098b1d61af530d258a6f17d27b,0x012C57E0
0x0157B230,hknpCompressedMeshShape::createShapeKeyMask,221-PDB-bytesig-port,488015e2010308bfa164d3720cb618deea7e1c098b1d61af530d258a6f17d27b,0x012C7720
0x01607A50,BSAnimationGraphManager::BSAnimationGraphManager,AE-bytesig-port,e555c6c0e7aba3e9e4801c2e5e11e3a76b42ce080683b4b9c1cf074c2030b737,0x0130DA80
0x0161D2D0,BShkbAnimationGraph::KillNonTransControllers,AE-bytesig-port,e555c6c0e7aba3e9e4801c2e5e11e3a76b42ce080683b4b9c1cf074c2030b737,0x0131C890
0x0161D710,BShkbAnimationGraph::SetupGeneratorOutputs,AE-bytesig-port,e555c6c0e7aba3e9e4801c2e5e11e3a76b42ce080683b4b9c1cf074c2030b737,0x0131CDA0
0x01627BD0,BShkbAnimationGraph::IsPhysicsDrivenImpl,221-PDB-bytesig-port,488015e2010308bfa164d3720cb618deea7e1c098b1d61af530d258a6f17d27b,0x01327E10
0x01627D60,BShkbAnimationGraph::SetRagdollInWorldCacheValueImpl,221-PDB-bytesig-port,488015e2010308bfa164d3720cb618deea7e1c098b1d61af530d258a6f17d27b,0x01327F80
0x0164EB60,hknpConvexShape::getFaceVertices,221-PDB-bytesig-port,488015e2010308bfa164d3720cb618deea7e1c098b1d61af530d258a6f17d27b,0x01337500
0x01654C50,hkString::beginsWithCase,221-PDB-bytesig-port,488015e2010308bfa164d3720cb618deea7e1c098b1d61af530d258a6f17d27b,0x0133A630
0x01655C40,hknpConvexPolytopeShape::calcMinAngleBetweenFaces,221-PDB-bytesig-port,488015e2010308bfa164d3720cb618deea7e1c098b1d61af530d258a6f17d27b,0x0133B3D0
0x016588C0,hknpCapsuleShape::getSignedDistanceContacts,221-PDB-bytesig-port,488015e2010308bfa164d3720cb618deea7e1c098b1d61af530d258a6f17d27b,0x0133D170
0x0165A6E0,hknpCompoundShape::getShapeKeys,221-PDB-bytesig-port,488015e2010308bfa164d3720cb618deea7e1c098b1d61af530d258a6f17d27b,0x0133EA60
0x0165ABD0,hknpCompoundShape::buildSurfaceGeometry,221-PDB-bytesig-port,488015e2010308bfa164d3720cb618deea7e1c098b1d61af530d258a6f17d27b,0x0133EF40
0x0167E950,BSOcclusionPlane::WithinFrustumDistFirst,221-PDB-bytesig-port,488015e2010308bfa164d3720cb618deea7e1c098b1d61af530d258a6f17d27b,0x017DD370
0x016991A0,hkMonitorStream::SetStaticBuffer,AE-bytesig-port,e555c6c0e7aba3e9e4801c2e5e11e3a76b42ce080683b4b9c1cf074c2030b737,0x0135E080
0x016992D0,hkMonitorStream::Quit,AE-bytesig-port,e555c6c0e7aba3e9e4801c2e5e11e3a76b42ce080683b4b9c1cf074c2030b737,0x0135E1C0
0x016A52E0,hkSignal::unsubscribeInternal,221-PDB-bytesig-port,488015e2010308bfa164d3720cb618deea7e1c098b1d61af530d258a6f17d27b,0x01366CC0
0x016A69E0,AnimationFileManagerSingleton::CancelIdle,AE-bytesig-port,e555c6c0e7aba3e9e4801c2e5e11e3a76b42ce080683b4b9c1cf074c2030b737,0x01367E30
0x016DF360,hknpScaledConvexShapeBase::hknpScaledConvexShapeBase,AE-bytesig-port,e555c6c0e7aba3e9e4801c2e5e11e3a76b42ce080683b4b9c1cf074c2030b737,0x0137F270
0x016E2A70,hknpScaledConvexShape::hknpScaledConvexShape,AE-bytesig-port,e555c6c0e7aba3e9e4801c2e5e11e3a76b42ce080683b4b9c1cf074c2030b737,0x01382820
0x016E36F0,hknpBodyManager::PropertyBuffer::construct,221-PDB-bytesig-port,488015e2010308bfa164d3720cb618deea7e1c098b1d61af530d258a6f17d27b,0x01382D30
0x016E3840,hknpBodyManager::PropertyBuffer::destruct,221-PDB-bytesig-port,488015e2010308bfa164d3720cb618deea7e1c098b1d61af530d258a6f17d27b,0x01382E80
0x016E41C0,hknpBodyManager::AllocateBody,AE-bytesig-port,e555c6c0e7aba3e9e4801c2e5e11e3a76b42ce080683b4b9c1cf074c2030b737,0x013836E0
0x016F02E0,CollectionAnimationSpeedContour::LoadBinaryImpl,221-PDB-bytesig-port,488015e2010308bfa164d3720cb618deea7e1c098b1d61af530d258a6f17d27b,0x0138B270
0x016F32F0,BSBehaviorGraphSwapSingleton::KillSDM,221-PDB-bytesig-port,488015e2010308bfa164d3720cb618deea7e1c098b1d61af530d258a6f17d27b,0x0138D330
0x0171C160,BShkVisibilityController::Sync,221-PDB-bytesig-port,488015e2010308bfa164d3720cb618deea7e1c098b1d61af530d258a6f17d27b,0x013A6940
0x0171DB00,BGSGamebryoSequenceGenerator::generate,221-PDB-bytesig-port,488015e2010308bfa164d3720cb618deea7e1c098b1d61af530d258a6f17d27b,0x013A7A10
0x01721260,BSAnimationGraphVariableCache::BSAnimationGraphVariableCache,AE-bytesig-port,e555c6c0e7aba3e9e4801c2e5e11e3a76b42ce080683b4b9c1cf074c2030b737,0x013AA1B0
0x01722940,hknpMotionCinfo::initializeWithMass,221-PDB-bytesig-port,488015e2010308bfa164d3720cb618deea7e1c098b1d61af530d258a6f17d27b,0x013AB4A0
0x01722CD0,hknpMotionCinfo::initializeWithDensity,221-PDB-bytesig-port,488015e2010308bfa164d3720cb618deea7e1c098b1d61af530d258a6f17d27b,0x013AB840
0x01736400,hkbnpRagdollInterface::clone,221-PDB-bytesig-port,488015e2010308bfa164d3720cb618deea7e1c098b1d61af530d258a6f17d27b,0x013B9D60
0x01736CD0,hkbnpRagdollInterface::setSkeleton,221-PDB-bytesig-port,488015e2010308bfa164d3720cb618deea7e1c098b1d61af530d258a6f17d27b,0x013BA610
0x0173B980,hkbBehaviorGraph::handleEvent,221-PDB-bytesig-port,488015e2010308bfa164d3720cb618deea7e1c098b1d61af530d258a6f17d27b,0x0147A640
0x0173B9C0,hkbBehaviorGraph::deactivate,221-PDB-bytesig-port,488015e2010308bfa164d3720cb618deea7e1c098b1d61af530d258a6f17d27b,0x0147A680
0x01749CC0,hkBufferedStreamReader::isOk,221-PDB-bytesig-port,488015e2010308bfa164d3720cb618deea7e1c098b1d61af530d258a6f17d27b,0x01483360
0x01749D30,hkBufferedStreamReader::seek,221-PDB-bytesig-port,488015e2010308bfa164d3720cb618deea7e1c098b1d61af530d258a6f17d27b,0x014833D0
0x01749D60,hkBufferedStreamReader::tell,221-PDB-bytesig-port,488015e2010308bfa164d3720cb618deea7e1c098b1d61af530d258a6f17d27b,0x01483400
0x0174C9C0,hkMemoryAllocator::bufRealloc,221-PDB-bytesig-port,488015e2010308bfa164d3720cb618deea7e1c098b1d61af530d258a6f17d27b,0x013BC460
0x01755AF0,hknpDeactivationManager::MarkBodyForActivation,AE-bytesig-port,e555c6c0e7aba3e9e4801c2e5e11e3a76b42ce080683b4b9c1cf074c2030b737,0x013C2630
0x0175C1A0,hkStringBuf::printf,221-PDB-bytesig-port,488015e2010308bfa164d3720cb618deea7e1c098b1d61af530d258a6f17d27b,0x013C6F50
0x0175C2D0,hkStringBuf::appendPrintf,221-PDB-bytesig-port,488015e2010308bfa164d3720cb618deea7e1c098b1d61af530d258a6f17d27b,0x013C7070
0x0175C4F0,hkStringBuf::appendJoin,221-PDB-bytesig-port,488015e2010308bfa164d3720cb618deea7e1c098b1d61af530d258a6f17d27b,0x013C7290
0x0175C7B0,hkStringBuf::set,221-PDB-bytesig-port,488015e2010308bfa164d3720cb618deea7e1c098b1d61af530d258a6f17d27b,0x013C7550
0x0175C940,hkStringBuf::pathBasename,221-PDB-bytesig-port,488015e2010308bfa164d3720cb618deea7e1c098b1d61af530d258a6f17d27b,0x013C76E0
0x0175C9A0,hkStringBuf::pathDirname,221-PDB-bytesig-port,488015e2010308bfa164d3720cb618deea7e1c098b1d61af530d258a6f17d27b,0x013C7740
0x0175CCF0,hkStringBuf::pathExtension,221-PDB-bytesig-port,488015e2010308bfa164d3720cb618deea7e1c098b1d61af530d258a6f17d27b,0x013C7A90
0x0175F1B0,hknpMotionManager::AllocateMotion,AE-bytesig-port,e555c6c0e7aba3e9e4801c2e5e11e3a76b42ce080683b4b9c1cf074c2030b737,0x013C93D0
0x01775710,hknpSingleThreadedSimulation::collide,221-PDB-bytesig-port,488015e2010308bfa164d3720cb618deea7e1c098b1d61af530d258a6f17d27b,0x013D8220
0x01775D00,hknpSingleThreadedSimulation::solve,221-PDB-bytesig-port,488015e2010308bfa164d3720cb618deea7e1c098b1d61af530d258a6f17d27b,0x013D8800
0x0177E5F0,hknpContactImpulseEventCreator::manifoldDestroyedCallback,221-PDB-bytesig-port,488015e2010308bfa164d3720cb618deea7e1c098b1d61af530d258a6f17d27b,0x013DE080
0x0177EF00,hknpRestitutionModifier::postContactJacobianSetup,221-PDB-bytesig-port,488015e2010308bfa164d3720cb618deea7e1c098b1d61af530d258a6f17d27b,0x013DE880
0x0177F970,hknpSurfaceVelocityModifier::postContactJacobianReused,221-PDB-bytesig-port,488015e2010308bfa164d3720cb618deea7e1c098b1d61af530d258a6f17d27b,0x013DF240
0x0177FBF0,hknpManifoldEventCreator::manifoldCreatedCallback,221-PDB-bytesig-port,488015e2010308bfa164d3720cb618deea7e1c098b1d61af530d258a6f17d27b,0x013DF490
0x0177FD80,hknpManifoldEventCreator::manifoldDestroyedCallback,221-PDB-bytesig-port,488015e2010308bfa164d3720cb618deea7e1c098b1d61af530d258a6f17d27b,0x013DF600
0x017872C0,hknpConvexConvexCollisionDetector::destructCollisionCache,221-PDB-bytesig-port,488015e2010308bfa164d3720cb618deea7e1c098b1d61af530d258a6f17d27b,0x013E3F60
0x01788F30,hknpTriggerCollisionDetector::collide,221-PDB-bytesig-port,488015e2010308bfa164d3720cb618deea7e1c098b1d61af530d258a6f17d27b,0x013E50F0
0x01788FB0,hknpTriggerCollisionDetector::destructCollisionCache,221-PDB-bytesig-port,488015e2010308bfa164d3720cb618deea7e1c098b1d61af530d258a6f17d27b,0x013E5170
0x017BA120,hknpShapeUtil::BuildCapsuleMassProperties,AE-bytesig-port,e555c6c0e7aba3e9e4801c2e5e11e3a76b42ce080683b4b9c1cf074c2030b737,0x01400540
0x017BAE20,hknpShapeUtil::CreateConvexHullGeometry,AE-bytesig-port,e555c6c0e7aba3e9e4801c2e5e11e3a76b42ce080683b4b9c1cf074c2030b737,0x01401200
0x017C1400,hkpConstraintDataUtils_copyAtoms_hkpDeformableFixedConstraintData,AE-bytesig-port,e555c6c0e7aba3e9e4801c2e5e11e3a76b42ce080683b4b9c1cf074c2030b737,0x014069F0
0x017C1550,hkpConstraintDataUtils_copyAtoms_hkpWheelConstraintData,AE-bytesig-port,e555c6c0e7aba3e9e4801c2e5e11e3a76b42ce080683b4b9c1cf074c2030b737,0x01406E70
0x017C15C0,hkpConstraintDataUtils_copyAtoms_hkpPointToPlaneConstraintData,AE-bytesig-port,e555c6c0e7aba3e9e4801c2e5e11e3a76b42ce080683b4b9c1cf074c2030b737,0x01406C30
0x017C1630,hkpConstraintDataUtils_copyAtoms_hkpPulleyConstraintData,AE-bytesig-port,e555c6c0e7aba3e9e4801c2e5e11e3a76b42ce080683b4b9c1cf074c2030b737,0x01406CF0
0x017C16A0,hkpConstraintDataUtils_copyAtoms_hkpHingeLimitsData,AE-bytesig-port,e555c6c0e7aba3e9e4801c2e5e11e3a76b42ce080683b4b9c1cf074c2030b737,0x01406B10
0x017C1710,hkpConstraintDataUtils_copyAtoms_hkpRagdollLimitsData,AE-bytesig-port,e555c6c0e7aba3e9e4801c2e5e11e3a76b42ce080683b4b9c1cf074c2030b737,0x01406DB0
0x017C1780,hkpConstraintDataUtils_copyAtoms_hkpLimitedHingeConstraintData,AE-bytesig-port,e555c6c0e7aba3e9e4801c2e5e11e3a76b42ce080683b4b9c1cf074c2030b737,0x01406B70
0x017C17F0,hkpConstraintDataUtils_copyAtoms_hkpPointToPathConstraintData,AE-bytesig-port,e555c6c0e7aba3e9e4801c2e5e11e3a76b42ce080683b4b9c1cf074c2030b737,0x01406BD0
0x017C1860,hkpConstraintDataUtils_copyAtoms_hkpPrismaticConstraintData,AE-bytesig-port,e555c6c0e7aba3e9e4801c2e5e11e3a76b42ce080683b4b9c1cf074c2030b737,0x01406C90
0x017C18D0,hkpConstraintDataUtils_copyAtoms_hkpRagdollConstraintData,AE-bytesig-port,e555c6c0e7aba3e9e4801c2e5e11e3a76b42ce080683b4b9c1cf074c2030b737,0x01406D50
0x017C4C40,hkClassMember::getArrayMemberSize,221-PDB-bytesig-port,488015e2010308bfa164d3720cb618deea7e1c098b1d61af530d258a6f17d27b,0x01408DB0
0x017C6800,hkPackfileWriter::setContentsWithRegistry,221-PDB-bytesig-port,488015e2010308bfa164d3720cb618deea7e1c098b1d61af530d258a6f17d27b,0x0140A800
0x017D1BF0,ArrayArrayImplementation::asArray,221-PDB-bytesig-port,488015e2010308bfa164d3720cb618deea7e1c098b1d61af530d258a6f17d27b,0x01411040
0x017D30A0,VariableIntArrayImplementation::clear,221-PDB-bytesig-port,488015e2010308bfa164d3720cb618deea7e1c098b1d61af530d258a6f17d27b,0x01412400
0x017D5120,StructArrayImplementation::Object::intern,221-PDB-bytesig-port,488015e2010308bfa164d3720cb618deea7e1c098b1d61af530d258a6f17d27b,0x01413C10
0x017D7780,VariableIntArrayImplementation::setInt,221-PDB-bytesig-port,488015e2010308bfa164d3720cb618deea7e1c098b1d61af530d258a6f17d27b,0x01415AE0
0x017D7CA0,ArrayArrayImplementation::setSize,221-PDB-bytesig-port,488015e2010308bfa164d3720cb618deea7e1c098b1d61af530d258a6f17d27b,0x01415F60
0x017D81D0,ArrayOfTuplesImplementation::swizzleObjectMember,221-PDB-bytesig-port,488015e2010308bfa164d3720cb618deea7e1c098b1d61af530d258a6f17d27b,0x01416430
0x017D82D0,ArrayOfTuplesImplementation::View::swizzleObjectMember,221-PDB-bytesig-port,488015e2010308bfa164d3720cb618deea7e1c098b1d61af530d258a6f17d27b,0x014165C0
0x017D8440,Workshop::WorkshopCanCreateRef,221-PDB-bytesig-port,488015e2010308bfa164d3720cb618deea7e1c098b1d61af530d258a6f17d27b,0x00384790
0x017D9D80,hkDataObjectNative::accessByName,221-PDB-bytesig-port,488015e2010308bfa164d3720cb618deea7e1c098b1d61af530d258a6f17d27b,0x01417780
0x017D9E00,hkDataArrayNative::asArray,221-PDB-bytesig-port,488015e2010308bfa164d3720cb618deea7e1c098b1d61af530d258a6f17d27b,0x014177F0
0x017DA380,hkDataObjectNative::asObject,221-PDB-bytesig-port,488015e2010308bfa164d3720cb618deea7e1c098b1d61af530d258a6f17d27b,0x01417D90
0x017DA610,hkDataObjectNative::asVec,221-PDB-bytesig-port,488015e2010308bfa164d3720cb618deea7e1c098b1d61af530d258a6f17d27b,0x01418020
0x017DAED0,hkDataObjectNative::hasMember,221-PDB-bytesig-port,488015e2010308bfa164d3720cb618deea7e1c098b1d61af530d258a6f17d27b,0x014188D0
0x017DAF20,hkDataObjectNative::isSet,221-PDB-bytesig-port,488015e2010308bfa164d3720cb618deea7e1c098b1d61af530d258a6f17d27b,0x01418A70
0x017DAF60,hkDataClassNative::isSuperClass,221-PDB-bytesig-port,488015e2010308bfa164d3720cb618deea7e1c098b1d61af530d258a6f17d27b,0x01418AB0
0x017DB620,hkDataArrayNative::setSize,221-PDB-bytesig-port,488015e2010308bfa164d3720cb618deea7e1c098b1d61af530d258a6f17d27b,0x014190B0
0x017E2590,hkSubStreamWriter::seek,221-PDB-bytesig-port,488015e2010308bfa164d3720cb618deea7e1c098b1d61af530d258a6f17d27b,0x0141D8C0
0x017F6FF0,hkDefaultClassWrapper::wrapClass,221-PDB-bytesig-port,488015e2010308bfa164d3720cb618deea7e1c098b1d61af530d258a6f17d27b,0x0142D770
0x017FAD60,hkSerializeDeprecated::saveXmlPackfile,221-PDB-bytesig-port,488015e2010308bfa164d3720cb618deea7e1c098b1d61af530d258a6f17d27b,0x0142F580
0x017FAE50,hkSerializeDeprecated::readXmlPackfileHeader,221-PDB-bytesig-port,488015e2010308bfa164d3720cb618deea7e1c098b1d61af530d258a6f17d27b,0x0142F670
0x017FB4D0,hkStaticClassNameRegistry::getClasses,221-PDB-bytesig-port,488015e2010308bfa164d3720cb618deea7e1c098b1d61af530d258a6f17d27b,0x0142FD50
0x017FE320,hknpVehicleLinearCastWheelCollide::castSingleWheel,221-PDB-bytesig-port,488015e2010308bfa164d3720cb618deea7e1c098b1d61af530d258a6f17d27b,0x019A3530
0x01824240,hkgpConvexHullImpl::hkgpConvexHullImpl,AE-bytesig-port,e555c6c0e7aba3e9e4801c2e5e11e3a76b42ce080683b4b9c1cf074c2030b737,0x01447F80
0x01837E80,hkcdSimdTree::checkIntegrity,221-PDB-bytesig-port,488015e2010308bfa164d3720cb618deea7e1c098b1d61af530d258a6f17d27b,0x01453F30
0x01884780,hknpEaseConstraintsAction::applyAction,221-PDB-bytesig-port,488015e2010308bfa164d3720cb618deea7e1c098b1d61af530d258a6f17d27b,0x01490F50
0x01891A10,hkHardwareInfo::CalcNumHardwareThreads,AE-bytesig-port,e555c6c0e7aba3e9e4801c2e5e11e3a76b42ce080683b4b9c1cf074c2030b737,0x0149B4F0
0x01893AA0,hkBaseSystem::QuitThread,AE-bytesig-port,e555c6c0e7aba3e9e4801c2e5e11e3a76b42ce080683b4b9c1cf074c2030b737,0x0149CE00
0x01893AF0,hkBaseSystem::Quit,AE-bytesig-port,e555c6c0e7aba3e9e4801c2e5e11e3a76b42ce080683b4b9c1cf074c2030b737,0x0149CE50
0x01896FF0,hkWin32StreamWriter::write,221-PDB-bytesig-port,488015e2010308bfa164d3720cb618deea7e1c098b1d61af530d258a6f17d27b,0x0149F2F0
0x018973F0,hkBufferedStreamWriter::isOk,221-PDB-bytesig-port,488015e2010308bfa164d3720cb618deea7e1c098b1d61af530d258a6f17d27b,0x0149F710
0x018974A0,hkBufferedStreamWriter::seek,221-PDB-bytesig-port,488015e2010308bfa164d3720cb618deea7e1c098b1d61af530d258a6f17d27b,0x0149F7A0
0x018A9B70,hkbBehaviorReferenceGenerator::getChildren,221-PDB-bytesig-port,488015e2010308bfa164d3720cb618deea7e1c098b1d61af530d258a6f17d27b,0x014ADBA0
0x018AB4F0,hkbClipGenerator::isValid,221-PDB-bytesig-port,488015e2010308bfa164d3720cb618deea7e1c098b1d61af530d258a6f17d27b,0x014AF3C0
0x018AB6A0,hkbClipGenerator::cloneNode,221-PDB-bytesig-port,488015e2010308bfa164d3720cb618deea7e1c098b1d61af530d258a6f17d27b,0x014AF570
0x018D33D0,hkbGeneratorTransitionEffect::update,221-PDB-bytesig-port,488015e2010308bfa164d3720cb618deea7e1c098b1d61af530d258a6f17d27b,0x014CA6B0
0x018D3510,hkbGeneratorTransitionEffect::getChildren,221-PDB-bytesig-port,488015e2010308bfa164d3720cb618deea7e1c098b1d61af530d258a6f17d27b,0x014CA7E0
0x018D3880,hkbGeneratorTransitionEffect::cloneNode,221-PDB-bytesig-port,488015e2010308bfa164d3720cb618deea7e1c098b1d61af530d258a6f17d27b,0x014CAB70
0x018D5CA0,hkbnpPhysicsInterface::isCollisionEnabled,221-PDB-bytesig-port,488015e2010308bfa164d3720cb618deea7e1c098b1d61af530d258a6f17d27b,0x014CD1D0
0x018D5F90,hkbnpPhysicsInterface::endFrame,221-PDB-bytesig-port,488015e2010308bfa164d3720cb618deea7e1c098b1d61af530d258a6f17d27b,0x014CD4A0
0x018D6110,hkbnpPhysicsInterface::setRigidBodyTransformImpl,221-PDB-bytesig-port,488015e2010308bfa164d3720cb618deea7e1c098b1d61af530d258a6f17d27b,0x014CD620
0x018D66E0,hkbnpPhysicsInterface::getRigidBodyTypeImpl,221-PDB-bytesig-port,488015e2010308bfa164d3720cb618deea7e1c098b1d61af530d258a6f17d27b,0x014CDBF0
0x018D6CF0,hkbnpPhysicsInterface::getRigidBodyCollisionFilterInfoImpl,221-PDB-bytesig-port,488015e2010308bfa164d3720cb618deea7e1c098b1d61af530d258a6f17d27b,0x014CE1E0
0x018E30A0,hkMemoryTrackStreamReader::read,221-PDB-bytesig-port,488015e2010308bfa164d3720cb618deea7e1c098b1d61af530d258a6f17d27b,0x014D31F0
0x018F4990,hknpSolverData::addImmediateContactConstraintUsingJacobian,221-PDB-bytesig-port,488015e2010308bfa164d3720cb618deea7e1c098b1d61af530d258a6f17d27b,0x014E0F30
0x0191B540,hknpHBPUpdateDirtyBodiesTask::process,221-PDB-bytesig-port,488015e2010308bfa164d3720cb618deea7e1c098b1d61af530d258a6f17d27b,0x014F80F0
0x0191B6A0,hknpHBPUpdateTreeTask::process,221-PDB-bytesig-port,488015e2010308bfa164d3720cb618deea7e1c098b1d61af530d258a6f17d27b,0x014F8250
0x0191B820,hknpHBPTreeVsTreeTask::process,221-PDB-bytesig-port,488015e2010308bfa164d3720cb618deea7e1c098b1d61af530d258a6f17d27b,0x014F83D0
0x0192AD80,hkpLimitedHingeConstraintData::isValid,221-PDB-bytesig-port,488015e2010308bfa164d3720cb618deea7e1c098b1d61af530d258a6f17d27b,0x01502340
0x0192ECA0,hkpHingeConstraintData::isValid,221-PDB-bytesig-port,488015e2010308bfa164d3720cb618deea7e1c098b1d61af530d258a6f17d27b,0x01505690
0x019303E0,hkpRagdollConstraintData::isValid,221-PDB-bytesig-port,488015e2010308bfa164d3720cb618deea7e1c098b1d61af530d258a6f17d27b,0x01506CD0
0x019351F0,hkPlatformObjectWriter::writeObject,221-PDB-bytesig-port,488015e2010308bfa164d3720cb618deea7e1c098b1d61af530d258a6f17d27b,0x0150B3D0
0x01935400,hkPlatformObjectWriter::writeRaw,221-PDB-bytesig-port,488015e2010308bfa164d3720cb618deea7e1c098b1d61af530d258a6f17d27b,0x0150B5E0
0x01936170,hkTypeManager::renameClass,221-PDB-bytesig-port,488015e2010308bfa164d3720cb618deea7e1c098b1d61af530d258a6f17d27b,0x0150C170
0x019366D0,hkTypeManager::copyType,221-PDB-bytesig-port,488015e2010308bfa164d3720cb618deea7e1c098b1d61af530d258a6f17d27b,0x0150C6D0
0x019368C0,hkTypeManager::makePointer,221-PDB-bytesig-port,488015e2010308bfa164d3720cb618deea7e1c098b1d61af530d258a6f17d27b,0x0150C8D0
0x01940DA0,hkObjectResource::stealContentsPointer,221-PDB-bytesig-port,488015e2010308bfa164d3720cb618deea7e1c098b1d61af530d258a6f17d27b,0x01514360
0x01947AD0,hkgpMesh::reset,221-PDB-bytesig-port,488015e2010308bfa164d3720cb618deea7e1c098b1d61af530d258a6f17d27b,0x0151BF00
0x019668C0,IConvexOverlapImpl::checkOverlap,221-PDB-bytesig-port,488015e2010308bfa164d3720cb618deea7e1c098b1d61af530d258a6f17d27b,0x0151B8E0
0x0198B6C0,hkLocalFrame::getDescendants,221-PDB-bytesig-port,488015e2010308bfa164d3720cb618deea7e1c098b1d61af530d258a6f17d27b,0x01544810
0x019972F0,hkDefaultError::message,221-PDB-bytesig-port,488015e2010308bfa164d3720cb618deea7e1c098b1d61af530d258a6f17d27b,0x0154DF10
0x019A34C0,hkbStateMachine::createInternalState,221-PDB-bytesig-port,488015e2010308bfa164d3720cb618deea7e1c098b1d61af530d258a6f17d27b,0x015523D0
0x019AC2C0,hkbClipGenerator::createInternalState,221-PDB-bytesig-port,488015e2010308bfa164d3720cb618deea7e1c098b1d61af530d258a6f17d27b,0x01558F20
0x019B1520,hkbParametricMotionGenerator::precompute,221-PDB-bytesig-port,488015e2010308bfa164d3720cb618deea7e1c098b1d61af530d258a6f17d27b,0x0155C470
0x019B1E60,hkbParametricMotionGenerator::cleanup,221-PDB-bytesig-port,488015e2010308bfa164d3720cb618deea7e1c098b1d61af530d258a6f17d27b,0x0155CD90
0x019B9F60,hkbBlenderGenerator::createInternalState,221-PDB-bytesig-port,488015e2010308bfa164d3720cb618deea7e1c098b1d61af530d258a6f17d27b,0x015616B0
0x019BCB30,hkbPoseMatchingGenerator::deactivate,221-PDB-bytesig-port,488015e2010308bfa164d3720cb618deea7e1c098b1d61af530d258a6f17d27b,0x01563C00
0x019BCD50,hkbPoseMatchingGenerator::cloneNode,221-PDB-bytesig-port,488015e2010308bfa164d3720cb618deea7e1c098b1d61af530d258a6f17d27b,0x01563E10
0x019BDD70,hkbTransitionEffect::copyVariableToEnable,221-PDB-bytesig-port,488015e2010308bfa164d3720cb618deea7e1c098b1d61af530d258a6f17d27b,0x01564A10
0x019BF000,hkFixedBlockStreamAllocator::blockAllocBatch,221-PDB-bytesig-port,488015e2010308bfa164d3720cb618deea7e1c098b1d61af530d258a6f17d27b,0x015658A0
0x019BFA40,hkbnpCharacterProxyController::integrate,221-PDB-bytesig-port,488015e2010308bfa164d3720cb618deea7e1c098b1d61af530d258a6f17d27b,0x01566060
0x019C0560,hkbnpCharacterRigidBodyController::getPosition,221-PDB-bytesig-port,488015e2010308bfa164d3720cb618deea7e1c098b1d61af530d258a6f17d27b,0x01567190
0x019C05E0,hkbnpCharacterRigidBodyController::getLinearVelocity,221-PDB-bytesig-port,488015e2010308bfa164d3720cb618deea7e1c098b1d61af530d258a6f17d27b,0x01567210
0x019C5990,hkVisualDebugger::RemoveDefaultProcess,AE-bytesig-port,e555c6c0e7aba3e9e4801c2e5e11e3a76b42ce080683b4b9c1cf074c2030b737,0x0156AC30
0x019C5D30,hkVisualDebugger::CreateRequiredAndDefaultProcessList,AE-bytesig-port,e555c6c0e7aba3e9e4801c2e5e11e3a76b42ce080683b4b9c1cf074c2030b737,0x0156AFF0
0x019C61A0,hkVisualDebugger::PollForNewClients,AE-bytesig-port,e555c6c0e7aba3e9e4801c2e5e11e3a76b42ce080683b4b9c1cf074c2030b737,0x0156B440
0x019C62B0,hkVisualDebugger::hkVisualDebugger_dtor,AE-bytesig-port,e555c6c0e7aba3e9e4801c2e5e11e3a76b42ce080683b4b9c1cf074c2030b737,0x0156B560
0x019C6650,hkVisualDebugger::GetCurrentProcessByName,AE-bytesig-port,e555c6c0e7aba3e9e4801c2e5e11e3a76b42ce080683b4b9c1cf074c2030b737,0x0156B8F0
0x019C8E00,hkObjectCopier::copyObject,221-PDB-bytesig-port,488015e2010308bfa164d3720cb618deea7e1c098b1d61af530d258a6f17d27b,0x0157C160
0x019CF6E0,hkDebugDisplayHandler::updateGeometries,221-PDB-bytesig-port,488015e2010308bfa164d3720cb618deea7e1c098b1d61af530d258a6f17d27b,0x0156CEF0
0x019D05C0,hkDebugDisplayHandler::addGeometryLazily,221-PDB-bytesig-port,488015e2010308bfa164d3720cb618deea7e1c098b1d61af530d258a6f17d27b,0x0156DD10
0x019D1200,hkProcessFactoryCreate,AE-bytesig-port,e555c6c0e7aba3e9e4801c2e5e11e3a76b42ce080683b4b9c1cf074c2030b737,0x0156E310
0x019E0750,hknpSolverSchedulerTask::process,221-PDB-bytesig-port,488015e2010308bfa164d3720cb618deea7e1c098b1d61af530d258a6f17d27b,0x01576B70
0x019E8D80,hkFreeList::init,221-PDB-bytesig-port,488015e2010308bfa164d3720cb618deea7e1c098b1d61af530d258a6f17d27b,0x0157E710
0x019E8DD0,hkFreeList::freeAllMemory,221-PDB-bytesig-port,488015e2010308bfa164d3720cb618deea7e1c098b1d61af530d258a6f17d27b,0x0157E760
0x019E8F00,hkFreeList::findGarbage,221-PDB-bytesig-port,488015e2010308bfa164d3720cb618deea7e1c098b1d61af530d258a6f17d27b,0x0157E8A0
0x019E9010,hkFreeList::incrementalFindGarbage,221-PDB-bytesig-port,488015e2010308bfa164d3720cb618deea7e1c098b1d61af530d258a6f17d27b,0x0157E9C0
0x019E9100,hkFreeList::freeAllFreeBlocks,221-PDB-bytesig-port,488015e2010308bfa164d3720cb618deea7e1c098b1d61af530d258a6f17d27b,0x0157EAB0
0x019E9450,hkFreeList::addSpace,221-PDB-bytesig-port,488015e2010308bfa164d3720cb618deea7e1c098b1d61af530d258a6f17d27b,0x0157EE10
0x019E9690,hkFreeList::_calcTotalNumElements,221-PDB-bytesig-port,488015e2010308bfa164d3720cb618deea7e1c098b1d61af530d258a6f17d27b,0x0157F040
0x019E9870,hkFreeList::_init,221-PDB-bytesig-port,488015e2010308bfa164d3720cb618deea7e1c098b1d61af530d258a6f17d27b,0x0157F210
0x01A147F0,hkbInternal::hks::netTransportTCPIP::Shutdown,221-PDB-bytesig-port,488015e2010308bfa164d3720cb618deea7e1c098b1d61af530d258a6f17d27b,0x015A7E80
0x01A170C0,hkbInternal::LuaPlus::LuaStateOutFile::Open,221-PDB-bytesig-port,488015e2010308bfa164d3720cb618deea7e1c098b1d61af530d258a6f17d27b,0x015AAA90
0x01A22660,hkbInternal::hks::CodeGenerator::onParseEnd,221-PDB-bytesig-port,488015e2010308bfa164d3720cb618deea7e1c098b1d61af530d258a6f17d27b,0x015B3A40
0x01A22850,hkbInternal::hks::CodeGenerator::onElseEnd,221-PDB-bytesig-port,488015e2010308bfa164d3720cb618deea7e1c098b1d61af530d258a6f17d27b,0x015B3C30
0x01A22950,hkbInternal::hks::CodeGenerator::onWhileEnd,221-PDB-bytesig-port,488015e2010308bfa164d3720cb618deea7e1c098b1d61af530d258a6f17d27b,0x015B3D20
0x01A229A0,hkbInternal::hks::CodeGenerator::onWhileConditionStart,221-PDB-bytesig-port,488015e2010308bfa164d3720cb618deea7e1c098b1d61af530d258a6f17d27b,0x015B3D70
0x01A22A20,hkbInternal::hks::CodeGenerator::onWhileBodyEnd,221-PDB-bytesig-port,488015e2010308bfa164d3720cb618deea7e1c098b1d61af530d258a6f17d27b,0x015B3DF0
0x01A22BF0,hkbInternal::hks::CodeGenerator::onForBodyEnd,221-PDB-bytesig-port,488015e2010308bfa164d3720cb618deea7e1c098b1d61af530d258a6f17d27b,0x015B3FC0
0x01A23070,hkbInternal::hks::CodeGenerator::onForListIterSourceStart,221-PDB-bytesig-port,488015e2010308bfa164d3720cb618deea7e1c098b1d61af530d258a6f17d27b,0x015B4420
0x01A23500,hkbInternal::hks::CodeGenerator::onFunctionArglistEnd,221-PDB-bytesig-port,488015e2010308bfa164d3720cb618deea7e1c098b1d61af530d258a6f17d27b,0x015B4920
0x01A23640,hkbInternal::hks::CodeGenerator::onFunctionArglistEmpty,221-PDB-bytesig-port,488015e2010308bfa164d3720cb618deea7e1c098b1d61af530d258a6f17d27b,0x015B4A60
0x01A237B0,hkbInternal::hks::CodeGenerator::onFunctionBodyEnd,221-PDB-bytesig-port,488015e2010308bfa164d3720cb618deea7e1c098b1d61af530d258a6f17d27b,0x015B4BD0
0x01A241A0,hkbInternal::hks::CodeGenerator::onFunctionArgumentsEnd,221-PDB-bytesig-port,488015e2010308bfa164d3720cb618deea7e1c098b1d61af530d258a6f17d27b,0x015B5790
0x01A24980,hkbInternal::hks::CodeGenerator::onConstructorNextField,221-PDB-bytesig-port,488015e2010308bfa164d3720cb618deea7e1c098b1d61af530d258a6f17d27b,0x015B61E0
0x01A249F0,hkbInternal::hks::CodeGenerator::onConstructorListFieldStart,221-PDB-bytesig-port,488015e2010308bfa164d3720cb618deea7e1c098b1d61af530d258a6f17d27b,0x015B6250
0x01A24AE0,hkbInternal::hks::CodeGenerator::onRecordFieldEnd,221-PDB-bytesig-port,488015e2010308bfa164d3720cb618deea7e1c098b1d61af530d258a6f17d27b,0x015B6340
0x01A24D20,hkbInternal::hks::CodeGenerator::onRecordFieldAssignment,221-PDB-bytesig-port,488015e2010308bfa164d3720cb618deea7e1c098b1d61af530d258a6f17d27b,0x015B6580
0x01A252E0,hkbInternal::hks::CodeGenerator::onSingleExpressionEnd,221-PDB-bytesig-port,488015e2010308bfa164d3720cb618deea7e1c098b1d61af530d258a6f17d27b,0x015B6B40
0x01A25A20,hkbInternal::hks::CodeGenerator::onStatementEnd,221-PDB-bytesig-port,488015e2010308bfa164d3720cb618deea7e1c098b1d61af530d258a6f17d27b,0x015B7410
0x01A25EA0,hkbInternal::hks::CodeGenerator::onDefstructMetaslot,221-PDB-bytesig-port,488015e2010308bfa164d3720cb618deea7e1c098b1d61af530d258a6f17d27b,0x015B7870
0x01A25FA0,hkbInternal::hks::CodeGenerator::onDefstructDefSlot,221-PDB-bytesig-port,488015e2010308bfa164d3720cb618deea7e1c098b1d61af530d258a6f17d27b,0x015B7970
0x01A2C340,hkbInternal::hks::Preprocessor::setStateInterface,221-PDB-bytesig-port,488015e2010308bfa164d3720cb618deea7e1c098b1d61af530d258a6f17d27b,0x015BE690
0x01A4E6C0,hkbInternal::hks::GettableProfiler::destroy,221-PDB-bytesig-port,488015e2010308bfa164d3720cb618deea7e1c098b1d61af530d258a6f17d27b,0x015D7950
0x01A4E860,hkbInternal::hks::GettableProfiler::dump,221-PDB-bytesig-port,488015e2010308bfa164d3720cb618deea7e1c098b1d61af530d258a6f17d27b,0x015D7B80
0x01A5BB90,hkbInternal::hks::MemoryAllocationsByType::pre,221-PDB-bytesig-port,488015e2010308bfa164d3720cb618deea7e1c098b1d61af530d258a6f17d27b,0x015E2E90
0x01A5CF10,hkbInternal::hks::Preprocessor::PreprocessorStateProxy::signalError,221-PDB-bytesig-port,488015e2010308bfa164d3720cb618deea7e1c098b1d61af530d258a6f17d27b,0x015E4790
0x01A60A10,hkBsdSocket::pollForNewClient,221-PDB-bytesig-port,488015e2010308bfa164d3720cb618deea7e1c098b1d61af530d258a6f17d27b,0x015E7370
0x01A66350,hkbProceduralBlenderGenerator::activate,221-PDB-bytesig-port,488015e2010308bfa164d3720cb618deea7e1c098b1d61af530d258a6f17d27b,0x015EAFD0
0x01A6BCC0,hkbnpCharacterController::setCollisionFilterInfo,221-PDB-bytesig-port,488015e2010308bfa164d3720cb618deea7e1c098b1d61af530d258a6f17d27b,0x015EE920
0x01A6E200,hknpCharacterProxy::AddCharacterProperty,AE-bytesig-port,e555c6c0e7aba3e9e4801c2e5e11e3a76b42ce080683b4b9c1cf074c2030b737,0x015F08E0
0x01A6E3F0,hknpCharacterProxyInternals::QueryCollector::reset,221-PDB-bytesig-port,488015e2010308bfa164d3720cb618deea7e1c098b1d61af530d258a6f17d27b,0x015F0BD0
0x01A783C0,hkVersionReporter::SendVersionInformation,AE-bytesig-port,e555c6c0e7aba3e9e4801c2e5e11e3a76b42ce080683b4b9c1cf074c2030b737,0x015F72B0
0x01A7A3C0,hkbSequence::createInternalState,221-PDB-bytesig-port,488015e2010308bfa164d3720cb618deea7e1c098b1d61af530d258a6f17d27b,0x015FB3E0
0x01A7EA90,hkMemorySystem::garbageCollect,221-PDB-bytesig-port,488015e2010308bfa164d3720cb618deea7e1c098b1d61af530d258a6f17d27b,0x015FA7A0
0x01AC4C40,hkTrackerArrayLayoutHandler::getReferences,221-PDB-bytesig-port,488015e2010308bfa164d3720cb618deea7e1c098b1d61af530d258a6f17d27b,0x0162AB80
0x01AC8150,BSSoundHandle::IsPlaying,221-PDB-bytesig-port,488015e2010308bfa164d3720cb618deea7e1c098b1d61af530d258a6f17d27b,0x0162DB40
0x01AC8150,BSSoundHandle::IsPlaying,AE-bytesig-port,e555c6c0e7aba3e9e4801c2e5e11e3a76b42ce080683b4b9c1cf074c2030b737,0x0162DA40
0x01AC81A0,BSSoundHandle::IsPaused,221-PDB-bytesig-port,488015e2010308bfa164d3720cb618deea7e1c098b1d61af530d258a6f17d27b,0x0162DB90
0x01AC81A0,BSSoundHandle::IsPaused,AE-bytesig-port,e555c6c0e7aba3e9e4801c2e5e11e3a76b42ce080683b4b9c1cf074c2030b737,0x0162DA90
0x01AC8310,BSSoundHandle::SetSoundCategory,221-PDB-bytesig-port,488015e2010308bfa164d3720cb618deea7e1c098b1d61af530d258a6f17d27b,0x0162DD00
0x01AC8310,BSSoundHandle::SetSoundCategory,AE-bytesig-port,e555c6c0e7aba3e9e4801c2e5e11e3a76b42ce080683b4b9c1cf074c2030b737,0x0162DC00
0x01AC8850,BSSoundHandle::SetCompletionCallback,221-PDB-bytesig-port,488015e2010308bfa164d3720cb618deea7e1c098b1d61af530d258a6f17d27b,0x0162E250
0x01AC8850,BSSoundHandle::SetCompletionCallback,AE-bytesig-port,e555c6c0e7aba3e9e4801c2e5e11e3a76b42ce080683b4b9c1cf074c2030b737,0x0162E150
0x01AC89F0,BSSoundHandle::FadeInPlay,221-PDB-bytesig-port,488015e2010308bfa164d3720cb618deea7e1c098b1d61af530d258a6f17d27b,0x0162E3F0
0x01AC89F0,BSSoundHandle::FadeInPlay,AE-bytesig-port,e555c6c0e7aba3e9e4801c2e5e11e3a76b42ce080683b4b9c1cf074c2030b737,0x0162E2F0
0x01AC9AB0,BSAudioManager::InitSDM,221-PDB-bytesig-port,488015e2010308bfa164d3720cb618deea7e1c098b1d61af530d258a6f17d27b,0x0162F360
0x01ACBB00,BSAudioManager::SetSoundCategory,221-PDB-bytesig-port,488015e2010308bfa164d3720cb618deea7e1c098b1d61af530d258a6f17d27b,0x01631540
0x01ACBB00,BSAudioManager::SetSoundCategory,AE-bytesig-port,e555c6c0e7aba3e9e4801c2e5e11e3a76b42ce080683b4b9c1cf074c2030b737,0x01631440
0x01ACBB40,BSAudioManager::SetSoundOutputModel,221-PDB-bytesig-port,488015e2010308bfa164d3720cb618deea7e1c098b1d61af530d258a6f17d27b,0x01631580
0x01ACC620,BSAudioManager::SetCompletionCallback,221-PDB-bytesig-port,488015e2010308bfa164d3720cb618deea7e1c098b1d61af530d258a6f17d27b,0x01631D00
0x01ACC620,BSAudioManager::SetCompletionCallback,AE-bytesig-port,e555c6c0e7aba3e9e4801c2e5e11e3a76b42ce080683b4b9c1cf074c2030b737,0x01631C00
0x01ACCF70,BSAudioManager::GetListenerDistanceSq,221-PDB-bytesig-port,488015e2010308bfa164d3720cb618deea7e1c098b1d61af530d258a6f17d27b,0x016322E0
0x01ACD110,BSAudioManager::ComposeMessage,221-PDB-bytesig-port,488015e2010308bfa164d3720cb618deea7e1c098b1d61af530d258a6f17d27b,0x016326E0
0x01AD3E70,AudioLoadForPlaybackTask::Cancel,221-PDB-bytesig-port,488015e2010308bfa164d3720cb618deea7e1c098b1d61af530d258a6f17d27b,0x01638A50
0x01AEE2B0,BSSoundCategoryHandle::FadeTo,221-PDB-bytesig-port,488015e2010308bfa164d3720cb618deea7e1c098b1d61af530d258a6f17d27b,0x01643B70
0x01AEE970,SoundMessageStack::Clear,221-PDB-bytesig-port,488015e2010308bfa164d3720cb618deea7e1c098b1d61af530d258a6f17d27b,0x016445B0
0x01AEF2B0,BSGameSound::Is3DSound,221-PDB-bytesig-port,488015e2010308bfa164d3720cb618deea7e1c098b1d61af530d258a6f17d27b,0x01645060
0x01AEF300,BSGameSound::Is2DRadiusSound,221-PDB-bytesig-port,488015e2010308bfa164d3720cb618deea7e1c098b1d61af530d258a6f17d27b,0x016450B0
0x01AEF730,BSGameSound::GetMaxDistance,221-PDB-bytesig-port,488015e2010308bfa164d3720cb618deea7e1c098b1d61af530d258a6f17d27b,0x016454C0
0x01AEF820,BSGameSound::IsInCategory,221-PDB-bytesig-port,488015e2010308bfa164d3720cb618deea7e1c098b1d61af530d258a6f17d27b,0x016455B0
0x01AF1820,BSXAudio2Audio::ApplyReverbType,221-PDB-bytesig-port,488015e2010308bfa164d3720cb618deea7e1c098b1d61af530d258a6f17d27b,0x01646E60
0x01AF4320,CXAPOBase::QueryInterface,221-PDB-bytesig-port,488015e2010308bfa164d3720cb618deea7e1c098b1d61af530d258a6f17d27b,0x01648FF0
0x01AFBF10,BSXAudio2GameSound::WaitForSyncedSeek,221-PDB-bytesig-port,488015e2010308bfa164d3720cb618deea7e1c098b1d61af530d258a6f17d27b,0x0164E8E0
0x01AFD060,BSXAudio2GameSound::SetVolumeImpl,221-PDB-bytesig-port,488015e2010308bfa164d3720cb618deea7e1c098b1d61af530d258a6f17d27b,0x0164F970
0x01B0E9A0,MemoryManager::GetHeapForPointer,AE-bytesig-port,e555c6c0e7aba3e9e4801c2e5e11e3a76b42ce080683b4b9c1cf074c2030b737,0x016573B0
0x01B0EB00,MemoryManager::ProcessMemoryProblem,221-PDB-bytesig-port,488015e2010308bfa164d3720cb618deea7e1c098b1d61af530d258a6f17d27b,0x01657610
0x01B0EB00,MemoryManager::ProcessMemoryProblem,AE-bytesig-port,e555c6c0e7aba3e9e4801c2e5e11e3a76b42ce080683b4b9c1cf074c2030b737,0x01657510
0x01B0F2E0,MemoryManager::Deallocate,221-PDB-bytesig-port,488015e2010308bfa164d3720cb618deea7e1c098b1d61af530d258a6f17d27b,0x01657F20
0x01B0F2E0,MemoryManager::Deallocate,AE-bytesig-port,e555c6c0e7aba3e9e4801c2e5e11e3a76b42ce080683b4b9c1cf074c2030b737,0x01657E20
0x01B10470,BSCRC32::GenerateCRC,AE-bytesig-port,e555c6c0e7aba3e9e4801c2e5e11e3a76b42ce080683b4b9c1cf074c2030b737,0x01658B40
0x01B112D0,BSScrapArrayAllocator::Allocate,221-PDB-bytesig-port,488015e2010308bfa164d3720cb618deea7e1c098b1d61af530d258a6f17d27b,0x01659C10
0x01B114B0,BSScrapArrayAllocator::Deallocate,221-PDB-bytesig-port,488015e2010308bfa164d3720cb618deea7e1c098b1d61af530d258a6f17d27b,0x01659DF0
0x01B114B0,BSScrapArrayAllocator::Deallocate,AE-bytesig-port,e555c6c0e7aba3e9e4801c2e5e11e3a76b42ce080683b4b9c1cf074c2030b737,0x01659CF0
0x01B117F0,BSTAlignedScrapArrayAllocatorBase::Allocate,221-PDB-bytesig-port,488015e2010308bfa164d3720cb618deea7e1c098b1d61af530d258a6f17d27b,0x0165A140
0x01B17760,CompactingStore::Store::FlushBatchDeallocates,221-PDB-bytesig-port,488015e2010308bfa164d3720cb618deea7e1c098b1d61af530d258a6f17d27b,0x0165EE20
0x01B17760,CompactingStore::Store::FlushBatchDeallocates,AE-bytesig-port,e555c6c0e7aba3e9e4801c2e5e11e3a76b42ce080683b4b9c1cf074c2030b737,0x0165ED20
0x01B17B00,CompactingStore::Store::RequestCompactForSize,221-PDB-bytesig-port,488015e2010308bfa164d3720cb618deea7e1c098b1d61af530d258a6f17d27b,0x0165F270
0x01B180C0,CompactingStore::Store::NewStoreBlock,221-PDB-bytesig-port,488015e2010308bfa164d3720cb618deea7e1c098b1d61af530d258a6f17d27b,0x0165F830
0x01B1A0F0,BSTimer::Init,221-PDB-bytesig-port,488015e2010308bfa164d3720cb618deea7e1c098b1d61af530d258a6f17d27b,0x01661050
0x01B1B000,BSCore::KillSDM,221-PDB-bytesig-port,488015e2010308bfa164d3720cb618deea7e1c098b1d61af530d258a6f17d27b,0x01662AF0
0x01B1C3A0,BSSmallBlockAllocator::RequestDecommit,221-PDB-bytesig-port,488015e2010308bfa164d3720cb618deea7e1c098b1d61af530d258a6f17d27b,0x016643A0
0x01B1C410,BSSmallBlockAllocator::DeallocateAlignImpl,221-PDB-bytesig-port,488015e2010308bfa164d3720cb618deea7e1c098b1d61af530d258a6f17d27b,0x01664410
0x01B1C940,BSSmallBlockAllocator::PopUnusedBlockPages,221-PDB-bytesig-port,488015e2010308bfa164d3720cb618deea7e1c098b1d61af530d258a6f17d27b,0x01664A30
0x01B1CA30,BSSmallBlockAllocator::AllocBlockPage,221-PDB-bytesig-port,488015e2010308bfa164d3720cb618deea7e1c098b1d61af530d258a6f17d27b,0x01664B20
0x01B1E470,AbstractHeap::DeleteHeap,221-PDB-bytesig-port,488015e2010308bfa164d3720cb618deea7e1c098b1d61af530d258a6f17d27b,0x01665F50
0x01B1EEF0,AbstractHeap::MergeFreeBlocks,221-PDB-bytesig-port,488015e2010308bfa164d3720cb618deea7e1c098b1d61af530d258a6f17d27b,0x016669C0
0x01B27830,ControlMap::ControlMap,AE-bytesig-port,e555c6c0e7aba3e9e4801c2e5e11e3a76b42ce080683b4b9c1cf074c2030b737,0x0166E470
0x01B3E940,NiFile::Seek,221-PDB-bytesig-port,488015e2010308bfa164d3720cb618deea7e1c098b1d61af530d258a6f17d27b,0x01678D50
0x01B3ED00,NiFile::Flush,221-PDB-bytesig-port,488015e2010308bfa164d3720cb618deea7e1c098b1d61af530d258a6f17d27b,0x016790F0
0x01B3EDE0,NiFile::DefaultDirectoryExistsFunc,221-PDB-bytesig-port,488015e2010308bfa164d3720cb618deea7e1c098b1d61af530d258a6f17d27b,0x016791D0
0x01B3F1F0,NiBinaryStream::GetLine,221-PDB-bytesig-port,488015e2010308bfa164d3720cb618deea7e1c098b1d61af530d258a6f17d27b,0x016795B0
0x01B3F290,NiBinaryStream::PutS,221-PDB-bytesig-port,488015e2010308bfa164d3720cb618deea7e1c098b1d61af530d258a6f17d27b,0x01679650
0x01B3F470,BSNiAllocator::Allocate,221-PDB-bytesig-port,488015e2010308bfa164d3720cb618deea7e1c098b1d61af530d258a6f17d27b,0x016797F0
0x01B3F500,BSNiAllocator::Deallocate,221-PDB-bytesig-port,488015e2010308bfa164d3720cb618deea7e1c098b1d61af530d258a6f17d27b,0x01679880
0x01B3F610,BSNiAllocator::AllocateExternal,221-PDB-bytesig-port,488015e2010308bfa164d3720cb618deea7e1c098b1d61af530d258a6f17d27b,0x01679980
0x01B3F6A0,BSNiAllocator::DeallocateExternal,221-PDB-bytesig-port,488015e2010308bfa164d3720cb618deea7e1c098b1d61af530d258a6f17d27b,0x01679A10
0x01B3FEC0,NiSearchPath::GetNextSearchPath,221-PDB-bytesig-port,488015e2010308bfa164d3720cb618deea7e1c098b1d61af530d258a6f17d27b,0x0167A0B0
0x01B41200,NiFixedAllocator::Chunk::Init,221-PDB-bytesig-port,488015e2010308bfa164d3720cb618deea7e1c098b1d61af530d258a6f17d27b,0x0167B1E0
0x01B470C0,UnitTestBSSystemFile,221-PDB-bytesig-port,488015e2010308bfa164d3720cb618deea7e1c098b1d61af530d258a6f17d27b,0x01680060
0x01B47520,BSSystemFile::RenameFile,221-PDB-bytesig-port,488015e2010308bfa164d3720cb618deea7e1c098b1d61af530d258a6f17d27b,0x01680410
0x01B47B00,BSSystemFile::DoGetSize,221-PDB-bytesig-port,488015e2010308bfa164d3720cb618deea7e1c098b1d61af530d258a6f17d27b,0x016809F0
0x01B47B00,BSSystemFile::DoGetSize,AE-bytesig-port,e555c6c0e7aba3e9e4801c2e5e11e3a76b42ce080683b4b9c1cf074c2030b737,0x016808D0
0x01B47F50,BSStreamer::ScrapAllocator::Allocate,221-PDB-bytesig-port,488015e2010308bfa164d3720cb618deea7e1c098b1d61af530d258a6f17d27b,0x01680E30
0x01B481E0,BSSystemFileStreamer::ReadAt,221-PDB-bytesig-port,488015e2010308bfa164d3720cb618deea7e1c098b1d61af530d258a6f17d27b,0x01681240
0x01B4F240,FileFinder::BuildFileList,221-PDB-bytesig-port,488015e2010308bfa164d3720cb618deea7e1c098b1d61af530d258a6f17d27b,0x01686D70
0x01B50DC0,BSJobs::JobListLocal::Wait,221-PDB-bytesig-port,488015e2010308bfa164d3720cb618deea7e1c098b1d61af530d258a6f17d27b,0x01688EA0
0x01B50E60,BSJobs::JobListLocal::RunJobsInternal,221-PDB-bytesig-port,488015e2010308bfa164d3720cb618deea7e1c098b1d61af530d258a6f17d27b,0x01688F40
0x01B53DB0,BSJobs::ShutdownSystem,221-PDB-bytesig-port,488015e2010308bfa164d3720cb618deea7e1c098b1d61af530d258a6f17d27b,0x01688590
0x01B53F00,BSJobs::JobThread::ThreadProc,221-PDB-bytesig-port,488015e2010308bfa164d3720cb618deea7e1c098b1d61af530d258a6f17d27b,0x016879C0
0x01B54E30,BSFile::EnableReadThroughStreamer,221-PDB-bytesig-port,488015e2010308bfa164d3720cb618deea7e1c098b1d61af530d258a6f17d27b,0x0168BD80
0x01B54E30,BSFile::EnableReadThroughStreamer,AE-bytesig-port,e555c6c0e7aba3e9e4801c2e5e11e3a76b42ce080683b4b9c1cf074c2030b737,0x0168BC60
0x01B55000,BSFile::ChangeBufferSize,221-PDB-bytesig-port,488015e2010308bfa164d3720cb618deea7e1c098b1d61af530d258a6f17d27b,0x0168BF40
0x01B55620,BSFile::GetLine,221-PDB-bytesig-port,488015e2010308bfa164d3720cb618deea7e1c098b1d61af530d258a6f17d27b,0x0168C910
0x01B55B10,BSFile::Prefetch,221-PDB-bytesig-port,488015e2010308bfa164d3720cb618deea7e1c098b1d61af530d258a6f17d27b,0x0168CEC0
0x01B55E00,BSFile::CheckIsGood,AE-bytesig-port,e555c6c0e7aba3e9e4801c2e5e11e3a76b42ce080683b4b9c1cf074c2030b737,0x0168D0D0
0x01B55EF0,BSFile::AllocateBuffer,221-PDB-bytesig-port,488015e2010308bfa164d3720cb618deea7e1c098b1d61af530d258a6f17d27b,0x0168D2E0
0x01B55EF0,BSFile::AllocateBuffer,AE-bytesig-port,e555c6c0e7aba3e9e4801c2e5e11e3a76b42ce080683b4b9c1cf074c2030b737,0x0168D1C0
0x01B56A50,BSSystemDir::MakePartialDirPath,221-PDB-bytesig-port,488015e2010308bfa164d3720cb618deea7e1c098b1d61af530d258a6f17d27b,0x0168D9C0
0x01B56B40,BSSystemDir::NextEntry,221-PDB-bytesig-port,488015e2010308bfa164d3720cb618deea7e1c098b1d61af530d258a6f17d27b,0x0168DB40
0x01B56D40,inflate,221-PDB-bytesig-port,488015e2010308bfa164d3720cb618deea7e1c098b1d61af530d258a6f17d27b,0x00007860
0x01B56D40,inflate,AE-bytesig-port,e555c6c0e7aba3e9e4801c2e5e11e3a76b42ce080683b4b9c1cf074c2030b737,0x00007860
0x01B586A0,inflateEnd,221-PDB-bytesig-port,488015e2010308bfa164d3720cb618deea7e1c098b1d61af530d258a6f17d27b,0x000091C0
0x01B586A0,inflateEnd,AE-bytesig-port,e555c6c0e7aba3e9e4801c2e5e11e3a76b42ce080683b4b9c1cf074c2030b737,0x000091C0
0x01B58730,inflateInit2_,221-PDB-bytesig-port,488015e2010308bfa164d3720cb618deea7e1c098b1d61af530d258a6f17d27b,0x00009250
0x01B58920,inflateReset2,221-PDB-bytesig-port,488015e2010308bfa164d3720cb618deea7e1c098b1d61af530d258a6f17d27b,0x00009440
0x01B58920,inflateReset2,AE-bytesig-port,e555c6c0e7aba3e9e4801c2e5e11e3a76b42ce080683b4b9c1cf074c2030b737,0x00009440
0x01B58A70,inflateSetDictionary,221-PDB-bytesig-port,488015e2010308bfa164d3720cb618deea7e1c098b1d61af530d258a6f17d27b,0x00009590
0x01B5EFE0,ArchiveFile::DoRead,221-PDB-bytesig-port,488015e2010308bfa164d3720cb618deea7e1c098b1d61af530d258a6f17d27b,0x01694950
0x01B61050,BSTaskJobber::Flush,221-PDB-bytesig-port,488015e2010308bfa164d3720cb618deea7e1c098b1d61af530d258a6f17d27b,0x01695E10
0x01B67250,BSSearchPath::GetNextSearchPath,221-PDB-bytesig-port,488015e2010308bfa164d3720cb618deea7e1c098b1d61af530d258a6f17d27b,0x01698460
0x01B676E0,BSSocketError::FromPlatformCode,221-PDB-bytesig-port,488015e2010308bfa164d3720cb618deea7e1c098b1d61af530d258a6f17d27b,0x01698B10
0x01B67820,BSListenSocket::BSListenSocket,221-PDB-bytesig-port,488015e2010308bfa164d3720cb618deea7e1c098b1d61af530d258a6f17d27b,0x01698DF0
0x01B6BF60,BSWin32TaskletManager::OpenTaskGroupData,221-PDB-bytesig-port,488015e2010308bfa164d3720cb618deea7e1c098b1d61af530d258a6f17d27b,0x0169A4D0
0x01B6C090,BSWin32TaskletManager::CloseTaskGroupData,221-PDB-bytesig-port,488015e2010308bfa164d3720cb618deea7e1c098b1d61af530d258a6f17d27b,0x0169A600
0x01B6CF40,BSWin32TaskletGroupData::Cancel,221-PDB-bytesig-port,488015e2010308bfa164d3720cb618deea7e1c098b1d61af530d258a6f17d27b,0x0169B160
0x01B6D200,BSResource::IEntryDB::GetOrCreateStream,221-PDB-bytesig-port,488015e2010308bfa164d3720cb618deea7e1c098b1d61af530d258a6f17d27b,0x016A5EC0
0x01B6D300,BSResource::IEntryDB::ExistsIn,221-PDB-bytesig-port,488015e2010308bfa164d3720cb618deea7e1c098b1d61af530d258a6f17d27b,0x016A5FC0
0x01B6D750,BSResource::EntryDBBaseUtil::RequestEntryAction,221-PDB-bytesig-port,488015e2010308bfa164d3720cb618deea7e1c098b1d61af530d258a6f17d27b,0x016A6790
0x01B6F440,BSResource::Archive2::StreamOpenedEvent::StreamOpenedEvent,221-PDB-bytesig-port,488015e2010308bfa164d3720cb618deea7e1c098b1d61af530d258a6f17d27b,0x0169BB10
0x01B7CCF0,simpleMalloc,221-PDB-bytesig-port,488015e2010308bfa164d3720cb618deea7e1c098b1d61af530d258a6f17d27b,0x016A5B80
0x01B7D050,BSResource::KillSDM,221-PDB-bytesig-port,488015e2010308bfa164d3720cb618deea7e1c098b1d61af530d258a6f17d27b,0x016A7F00
0x01B7D350,BSResource::RegisterDBForExtension,221-PDB-bytesig-port,488015e2010308bfa164d3720cb618deea7e1c098b1d61af530d258a6f17d27b,0x016A8250
0x01B7D350,BSResource::RegisterDBForExtension,AE-bytesig-port,e555c6c0e7aba3e9e4801c2e5e11e3a76b42ce080683b4b9c1cf074c2030b737,0x016A8130
0x01B7D650,BSResource::Exists,221-PDB-bytesig-port,488015e2010308bfa164d3720cb618deea7e1c098b1d61af530d258a6f17d27b,0x016A8960
0x01B7D650,BSResource::Exists,AE-bytesig-port,e555c6c0e7aba3e9e4801c2e5e11e3a76b42ce080683b4b9c1cf074c2030b737,0x016A8840
0x01B7D750,BSResource::ReplicateAt,221-PDB-bytesig-port,488015e2010308bfa164d3720cb618deea7e1c098b1d61af530d258a6f17d27b,0x016A8A50
0x01B7D750,BSResource::ReplicateAt,AE-bytesig-port,e555c6c0e7aba3e9e4801c2e5e11e3a76b42ce080683b4b9c1cf074c2030b737,0x016A8930
0x01B84470,BSResource::LooseFileLocation::DoCreateAsyncStream,221-PDB-bytesig-port,488015e2010308bfa164d3720cb618deea7e1c098b1d61af530d258a6f17d27b,0x016AD5C0
0x01B880C0,BSResource::Private::RegisterDefaultLocations,221-PDB-bytesig-port,488015e2010308bfa164d3720cb618deea7e1c098b1d61af530d258a6f17d27b,0x016B0830
0x01B88110,BSResource::Private::UnregisterDefaultLocations,221-PDB-bytesig-port,488015e2010308bfa164d3720cb618deea7e1c098b1d61af530d258a6f17d27b,0x016B0880
0x01B8D3F0,BSResource::MemoryFileLocation::DoCreateStream,221-PDB-bytesig-port,488015e2010308bfa164d3720cb618deea7e1c098b1d61af530d258a6f17d27b,0x016B4C00
0x01B8F6D0,NiPoint3::IsOk,221-PDB-bytesig-port,488015e2010308bfa164d3720cb618deea7e1c098b1d61af530d258a6f17d27b,0x016B5BF0
0x01B92BF0,NiMatrix3::SaveBinary,221-PDB-bytesig-port,488015e2010308bfa164d3720cb618deea7e1c098b1d61af530d258a6f17d27b,0x016B8F90
0x01B93740,BSResourceNiBinaryStream::BSResourceNiBinaryStream,AE-bytesig-port,e555c6c0e7aba3e9e4801c2e5e11e3a76b42ce080683b4b9c1cf074c2030b737,0x016B9720
0x01B93C40,BSResourceNiBinaryStream::GetLine,AE-bytesig-port,e555c6c0e7aba3e9e4801c2e5e11e3a76b42ce080683b4b9c1cf074c2030b737,0x016B9C50
0x01B97E00,NiObjectNET::GetController,221-PDB-bytesig-port,488015e2010308bfa164d3720cb618deea7e1c098b1d61af530d258a6f17d27b,0x016BD700
0x01B97E00,NiObjectNET::GetController,AE-bytesig-port,e555c6c0e7aba3e9e4801c2e5e11e3a76b42ce080683b4b9c1cf074c2030b737,0x016BD5E0
0x01B97E70,NiObjectNET::ProcessClone,221-PDB-bytesig-port,488015e2010308bfa164d3720cb618deea7e1c098b1d61af530d258a6f17d27b,0x016BD770
0x01B97EC0,NiObjectNET::MoveExtraDataFrom,221-PDB-bytesig-port,488015e2010308bfa164d3720cb618deea7e1c098b1d61af530d258a6f17d27b,0x016BD7C0
0x01B97F10,NiObjectNET::NiObjectNET,221-PDB-bytesig-port,488015e2010308bfa164d3720cb618deea7e1c098b1d61af530d258a6f17d27b,0x016BD810
0x01B97F10,NiObjectNET::NiObjectNET,AE-bytesig-port,e555c6c0e7aba3e9e4801c2e5e11e3a76b42ce080683b4b9c1cf074c2030b737,0x016BD6F0
0x01B98560,NiNode::LoadBinary,221-PDB-bytesig-port,488015e2010308bfa164d3720cb618deea7e1c098b1d61af530d258a6f17d27b,0x016BDD50
0x01B98650,NiNode::RegisterStreamables,221-PDB-bytesig-port,488015e2010308bfa164d3720cb618deea7e1c098b1d61af530d258a6f17d27b,0x016BDE40
0x01B98DF0,NiNode::DetachAllChildren,221-PDB-bytesig-port,488015e2010308bfa164d3720cb618deea7e1c098b1d61af530d258a6f17d27b,0x016BE760
0x01B98DF0,NiNode::DetachAllChildren,AE-bytesig-port,e555c6c0e7aba3e9e4801c2e5e11e3a76b42ce080683b4b9c1cf074c2030b737,0x016BE640
0x01B99060,NiNode::PerformOp,221-PDB-bytesig-port,488015e2010308bfa164d3720cb618deea7e1c098b1d61af530d258a6f17d27b,0x016BEA20
0x01B99170,NiNode::UpdateControllers,221-PDB-bytesig-port,488015e2010308bfa164d3720cb618deea7e1c098b1d61af530d258a6f17d27b,0x016BEB30
0x01B99A20,NiNode::UpdateTransforms,221-PDB-bytesig-port,488015e2010308bfa164d3720cb618deea7e1c098b1d61af530d258a6f17d27b,0x016BF450
0x01B99A90,NiNode::OnVisible,221-PDB-bytesig-port,488015e2010308bfa164d3720cb618deea7e1c098b1d61af530d258a6f17d27b,0x016BF4C0
0x01B99C00,NiNode::SetSelectiveUpdateFlags,221-PDB-bytesig-port,488015e2010308bfa164d3720cb618deea7e1c098b1d61af530d258a6f17d27b,0x016BF620
0x01B9D370,BSGeometrySegmentData::EnableSegment,AE-bytesig-port,e555c6c0e7aba3e9e4801c2e5e11e3a76b42ce080683b4b9c1cf074c2030b737,0x016C2E00
0x01BA1BC0,BSFlattenedBoneTree::GetOrCreateBoneNode,AE-bytesig-port,e555c6c0e7aba3e9e4801c2e5e11e3a76b42ce080683b4b9c1cf074c2030b737,0x016C6850
0x01BA3950,NiAVObject::LinkObject,221-PDB-bytesig-port,488015e2010308bfa164d3720cb618deea7e1c098b1d61af530d258a6f17d27b,0x016C7ED0
0x01BA39D0,NiAVObject::RegisterStreamables,221-PDB-bytesig-port,488015e2010308bfa164d3720cb618deea7e1c098b1d61af530d258a6f17d27b,0x016C7F60
0x01BA3AC0,NiAVObject::IsEqual,221-PDB-bytesig-port,488015e2010308bfa164d3720cb618deea7e1c098b1d61af530d258a6f17d27b,0x016C8050
0x01BA40F0,NiAVObject::UpdateWorldData,221-PDB-bytesig-port,488015e2010308bfa164d3720cb618deea7e1c098b1d61af530d258a6f17d27b,0x016C86C0
0x01BA4640,NiAVObject::PreAttachUpdate,221-PDB-bytesig-port,488015e2010308bfa164d3720cb618deea7e1c098b1d61af530d258a6f17d27b,0x016C8BF0
0x01BA4780,NiAVObject::ProcessClone,221-PDB-bytesig-port,488015e2010308bfa164d3720cb618deea7e1c098b1d61af530d258a6f17d27b,0x016C8D20
0x01BA4990,NiAVObject::HasTransformController,221-PDB-bytesig-port,488015e2010308bfa164d3720cb618deea7e1c098b1d61af530d258a6f17d27b,0x016C8F40
0x01BA6580,NiTimeController::LoadBinary,221-PDB-bytesig-port,488015e2010308bfa164d3720cb618deea7e1c098b1d61af530d258a6f17d27b,0x016CA610
0x01BA66E0,NiTimeController::RegisterStreamables,221-PDB-bytesig-port,488015e2010308bfa164d3720cb618deea7e1c098b1d61af530d258a6f17d27b,0x016CA780
0x01BA6730,NiTimeController::SaveBinary,221-PDB-bytesig-port,488015e2010308bfa164d3720cb618deea7e1c098b1d61af530d258a6f17d27b,0x016CA7D0
0x01BA6840,NiTimeController::IsEqual,221-PDB-bytesig-port,488015e2010308bfa164d3720cb618deea7e1c098b1d61af530d258a6f17d27b,0x016CA8E0
0x01BA69F0,NiTimeController::SetTarget,221-PDB-bytesig-port,488015e2010308bfa164d3720cb618deea7e1c098b1d61af530d258a6f17d27b,0x016CAAB0
0x01BA6F70,NiTimeController::ProcessClone,221-PDB-bytesig-port,488015e2010308bfa164d3720cb618deea7e1c098b1d61af530d258a6f17d27b,0x016CB040
0x01BA7350,NiSwitchNode::LoadBinary,221-PDB-bytesig-port,488015e2010308bfa164d3720cb618deea7e1c098b1d61af530d258a6f17d27b,0x016CB320
0x01BA7400,NiSwitchNode::SaveBinary,221-PDB-bytesig-port,488015e2010308bfa164d3720cb618deea7e1c098b1d61af530d258a6f17d27b,0x016CB3D0
0x01BA7480,NiSwitchNode::IsEqual,221-PDB-bytesig-port,488015e2010308bfa164d3720cb618deea7e1c098b1d61af530d258a6f17d27b,0x016CB450
0x01BA8520,NiPointLight::LoadBinary,221-PDB-bytesig-port,488015e2010308bfa164d3720cb618deea7e1c098b1d61af530d258a6f17d27b,0x016CC5E0
0x01BA85E0,NiPointLight::SaveBinary,221-PDB-bytesig-port,488015e2010308bfa164d3720cb618deea7e1c098b1d61af530d258a6f17d27b,0x016CC6A0
0x01BA8680,NiPointLight::IsEqual,221-PDB-bytesig-port,488015e2010308bfa164d3720cb618deea7e1c098b1d61af530d258a6f17d27b,0x016CC740
0x01BA9F60,NiStringExtraData::RegisterStreamables,221-PDB-bytesig-port,488015e2010308bfa164d3720cb618deea7e1c098b1d61af530d258a6f17d27b,0x016CDFE0
0x01BAA2D0,BSPositionData::SaveBinary,221-PDB-bytesig-port,488015e2010308bfa164d3720cb618deea7e1c098b1d61af530d258a6f17d27b,0x016CE370
0x01BAAF40,NiProperty::Update,221-PDB-bytesig-port,488015e2010308bfa164d3720cb618deea7e1c098b1d61af530d258a6f17d27b,0x016CF040
0x01BAB080,NiAlphaProperty::LoadBinary,221-PDB-bytesig-port,488015e2010308bfa164d3720cb618deea7e1c098b1d61af530d258a6f17d27b,0x016CF180
0x01BAB110,NiAlphaProperty::SaveBinary,221-PDB-bytesig-port,488015e2010308bfa164d3720cb618deea7e1c098b1d61af530d258a6f17d27b,0x016CF210
0x01BAB180,NiAlphaProperty::IsEqual,221-PDB-bytesig-port,488015e2010308bfa164d3720cb618deea7e1c098b1d61af530d258a6f17d27b,0x016CF280
0x01BAC250,NiCamera::IsEqual,221-PDB-bytesig-port,488015e2010308bfa164d3720cb618deea7e1c098b1d61af530d258a6f17d27b,0x016D0490
0x01BAE5F0,NiGeometryData::LinkObject,221-PDB-bytesig-port,488015e2010308bfa164d3720cb618deea7e1c098b1d61af530d258a6f17d27b,0x016D2B90
0x01BB0980,BSGeometry::LoadBinary,221-PDB-bytesig-port,488015e2010308bfa164d3720cb618deea7e1c098b1d61af530d258a6f17d27b,0x016D4AA0
0x01BB09F0,BSGeometry::LinkObject,221-PDB-bytesig-port,488015e2010308bfa164d3720cb618deea7e1c098b1d61af530d258a6f17d27b,0x016D4B10
0x01BB0AA0,BSGeometry::RegisterStreamables,221-PDB-bytesig-port,488015e2010308bfa164d3720cb618deea7e1c098b1d61af530d258a6f17d27b,0x016D4BD0
0x01BB0D20,BSGeometry::SetSelectiveUpdateFlags,221-PDB-bytesig-port,488015e2010308bfa164d3720cb618deea7e1c098b1d61af530d258a6f17d27b,0x016D4E80
0x01BB0D80,BSGeometry::UpdateDownwardPass,221-PDB-bytesig-port,488015e2010308bfa164d3720cb618deea7e1c098b1d61af530d258a6f17d27b,0x016D4EE0
0x01BB58B0,NiLight::LoadBinary,221-PDB-bytesig-port,488015e2010308bfa164d3720cb618deea7e1c098b1d61af530d258a6f17d27b,0x016D9460
0x01BB5950,NiLight::SaveBinary,221-PDB-bytesig-port,488015e2010308bfa164d3720cb618deea7e1c098b1d61af530d258a6f17d27b,0x016D9500
0x01BB59D0,NiLight::IsEqual,221-PDB-bytesig-port,488015e2010308bfa164d3720cb618deea7e1c098b1d61af530d258a6f17d27b,0x016D9580
0x01BB5AE0,NiLight::NiLight,AE-bytesig-port,e555c6c0e7aba3e9e4801c2e5e11e3a76b42ce080683b4b9c1cf074c2030b737,0x016D95B0
0x01BB6D80,NiParticles::SaveBinary,221-PDB-bytesig-port,488015e2010308bfa164d3720cb618deea7e1c098b1d61af530d258a6f17d27b,0x016DAA80
0x01BB8E20,NiBillboardNode::OnVisible,221-PDB-bytesig-port,488015e2010308bfa164d3720cb618deea7e1c098b1d61af530d258a6f17d27b,0x016DC9A0
0x01BB92F0,NiStream::InsertObject,221-PDB-bytesig-port,488015e2010308bfa164d3720cb618deea7e1c098b1d61af530d258a6f17d27b,0x016DCFD0
0x01BBA5B0,NiStream::_SDMShutdown,221-PDB-bytesig-port,488015e2010308bfa164d3720cb618deea7e1c098b1d61af530d258a6f17d27b,0x016DE6B0
0x01BBB2A0,NiStream::RegisterObjects,221-PDB-bytesig-port,488015e2010308bfa164d3720cb618deea7e1c098b1d61af530d258a6f17d27b,0x016DF4B0
0x01BBB670,NiStream::PreSaveObjectSizeTable,221-PDB-bytesig-port,488015e2010308bfa164d3720cb618deea7e1c098b1d61af530d258a6f17d27b,0x016DF8B0
0x01BC2D70,NiDirectionalLight::NiDirectionalLight,221-PDB-bytesig-port,488015e2010308bfa164d3720cb618deea7e1c098b1d61af530d258a6f17d27b,0x016E41B0
0x01BC2D70,NiDirectionalLight::NiDirectionalLight,AE-bytesig-port,e555c6c0e7aba3e9e4801c2e5e11e3a76b42ce080683b4b9c1cf074c2030b737,0x016E4090
0x01BC3090,BSDynamicTriShape::LoadBinary,221-PDB-bytesig-port,488015e2010308bfa164d3720cb618deea7e1c098b1d61af530d258a6f17d27b,0x016E46C0
0x01BC3540,BSDynamicTriShape::UpdateDynamicPositions,AE-bytesig-port,e555c6c0e7aba3e9e4801c2e5e11e3a76b42ce080683b4b9c1cf074c2030b737,0x016E4A40
0x01BC50C0,BSSegmentedTriShape::LoadBinary,221-PDB-bytesig-port,488015e2010308bfa164d3720cb618deea7e1c098b1d61af530d258a6f17d27b,0x016E6870
0x01BC5120,BSSegmentedTriShape::SaveBinary,221-PDB-bytesig-port,488015e2010308bfa164d3720cb618deea7e1c098b1d61af530d258a6f17d27b,0x016E68D0
0x01BC5320,BSSegmentedTriShape::OnVisible,221-PDB-bytesig-port,488015e2010308bfa164d3720cb618deea7e1c098b1d61af530d258a6f17d27b,0x016E6AC0
0x01BC6C70,NiGeometry::RegisterStreamables,221-PDB-bytesig-port,488015e2010308bfa164d3720cb618deea7e1c098b1d61af530d258a6f17d27b,0x016E8430
0x01BC6F30,NiGeometry::UpdateDownwardPass,221-PDB-bytesig-port,488015e2010308bfa164d3720cb618deea7e1c098b1d61af530d258a6f17d27b,0x016E8710
0x01BC7100,NiGeometry::ApplyTransform,221-PDB-bytesig-port,488015e2010308bfa164d3720cb618deea7e1c098b1d61af530d258a6f17d27b,0x016E88E0
0x01BC7810,NiGeometry::CalculateConsistency,221-PDB-bytesig-port,488015e2010308bfa164d3720cb618deea7e1c098b1d61af530d258a6f17d27b,0x016E8FB0
0x01BC7A00,NiGeometry::PostLinkObject,221-PDB-bytesig-port,488015e2010308bfa164d3720cb618deea7e1c098b1d61af530d258a6f17d27b,0x016E91D0
0x01BC7A60,NiGeometry::SetSelectiveUpdateFlags,221-PDB-bytesig-port,488015e2010308bfa164d3720cb618deea7e1c098b1d61af530d258a6f17d27b,0x016E9230
0x01BCCB40,NiSkinData::SaveBinary,221-PDB-bytesig-port,488015e2010308bfa164d3720cb618deea7e1c098b1d61af530d258a6f17d27b,0x016ED960
0x01BCDBF0,NiSkinInstance::LoadBinary,221-PDB-bytesig-port,488015e2010308bfa164d3720cb618deea7e1c098b1d61af530d258a6f17d27b,0x016EECC0
0x01BCDD60,NiSkinInstance::RegisterStreamables,221-PDB-bytesig-port,488015e2010308bfa164d3720cb618deea7e1c098b1d61af530d258a6f17d27b,0x016EEE40
0x01BD07F0,NiBSPNode::IsEqual,221-PDB-bytesig-port,488015e2010308bfa164d3720cb618deea7e1c098b1d61af530d258a6f17d27b,0x016F17A0
0x01BD1F00,NiFogProperty::IsEqual,221-PDB-bytesig-port,488015e2010308bfa164d3720cb618deea7e1c098b1d61af530d258a6f17d27b,0x016F3040
0x01BD3AF0,NiParticleMeshesData::LinkObject,221-PDB-bytesig-port,488015e2010308bfa164d3720cb618deea7e1c098b1d61af530d258a6f17d27b,0x016F4C60
0x01BD3B50,NiParticleMeshesData::RegisterStreamables,221-PDB-bytesig-port,488015e2010308bfa164d3720cb618deea7e1c098b1d61af530d258a6f17d27b,0x016F4CD0
0x01BD3DE0,NiParticleMeshesData::SetActiveVertexCount,221-PDB-bytesig-port,488015e2010308bfa164d3720cb618deea7e1c098b1d61af530d258a6f17d27b,0x016F5030
0x01BD4770,NiSpotLight::LoadBinary,221-PDB-bytesig-port,488015e2010308bfa164d3720cb618deea7e1c098b1d61af530d258a6f17d27b,0x016F5BA0
0x01BD4830,NiSpotLight::SaveBinary,221-PDB-bytesig-port,488015e2010308bfa164d3720cb618deea7e1c098b1d61af530d258a6f17d27b,0x016F5C60
0x01BD48D0,NiSpotLight::IsEqual,221-PDB-bytesig-port,488015e2010308bfa164d3720cb618deea7e1c098b1d61af530d258a6f17d27b,0x016F5D00
0x01BD4CF0,NiStringsExtraData::LoadBinary,221-PDB-bytesig-port,488015e2010308bfa164d3720cb618deea7e1c098b1d61af530d258a6f17d27b,0x016F6280
0x01BD55A0,NiSwitchStringExtraData::LoadBinary,221-PDB-bytesig-port,488015e2010308bfa164d3720cb618deea7e1c098b1d61af530d258a6f17d27b,0x016F6C90
0x01BD6740,NiTriStripsData::SaveBinary,221-PDB-bytesig-port,488015e2010308bfa164d3720cb618deea7e1c098b1d61af530d258a6f17d27b,0x016F7F30
0x01BD90D0,NiAdditionalGeometryData::IsEqual,221-PDB-bytesig-port,488015e2010308bfa164d3720cb618deea7e1c098b1d61af530d258a6f17d27b,0x016FA9B0
0x01BDA940,NiBackToFrontAccumulator::NiBackToFrontAccumulator,AE-bytesig-port,e555c6c0e7aba3e9e4801c2e5e11e3a76b42ce080683b4b9c1cf074c2030b737,0x016FC160
0x01BDFFB0,NiCollisionData::CopyMembers,AE-bytesig-port,e555c6c0e7aba3e9e4801c2e5e11e3a76b42ce080683b4b9c1cf074c2030b737,0x01700DC0
0x01BE05B0,NiCollisionData::Initialize,221-PDB-bytesig-port,488015e2010308bfa164d3720cb618deea7e1c098b1d61af530d258a6f17d27b,0x017014D0
0x01BE0E50,NiCollisionData::NiCollisionData,AE-bytesig-port,e555c6c0e7aba3e9e4801c2e5e11e3a76b42ce080683b4b9c1cf074c2030b737,0x01701C60
0x01BEE390,NiCapsuleBV::Create,221-PDB-bytesig-port,488015e2010308bfa164d3720cb618deea7e1c098b1d61af530d258a6f17d27b,0x01717CE0
0x01BF22F0,NiUnionBV::UpdateWorldData,221-PDB-bytesig-port,488015e2010308bfa164d3720cb618deea7e1c098b1d61af530d258a6f17d27b,0x0171B8A0
0x01BF3C50,NiOBBRoot::FindCollisions,221-PDB-bytesig-port,488015e2010308bfa164d3720cb618deea7e1c098b1d61af530d258a6f17d27b,0x01703BF0
0x01C0F600,NiControllerManager::PostLinkObject,221-PDB-bytesig-port,488015e2010308bfa164d3720cb618deea7e1c098b1d61af530d258a6f17d27b,0x01730250
0x01C125C0,NiControllerSequence::LinkObject,221-PDB-bytesig-port,488015e2010308bfa164d3720cb618deea7e1c098b1d61af530d258a6f17d27b,0x01732190
0x01C1C250,NiMultiTargetTransformController::LoadBinary,221-PDB-bytesig-port,488015e2010308bfa164d3720cb618deea7e1c098b1d61af530d258a6f17d27b,0x0173B480
0x01C1C2F0,NiMultiTargetTransformController::LinkObject,221-PDB-bytesig-port,488015e2010308bfa164d3720cb618deea7e1c098b1d61af530d258a6f17d27b,0x0173B520
0x01C1C350,NiMultiTargetTransformController::SaveBinary,221-PDB-bytesig-port,488015e2010308bfa164d3720cb618deea7e1c098b1d61af530d258a6f17d27b,0x0173B580
0x01C1F8C0,NiSingleInterpController::RegisterStreamables,221-PDB-bytesig-port,488015e2010308bfa164d3720cb618deea7e1c098b1d61af530d258a6f17d27b,0x0173E8D0
0x01C1FAD0,NiSingleInterpController::ProcessClone,221-PDB-bytesig-port,488015e2010308bfa164d3720cb618deea7e1c098b1d61af530d258a6f17d27b,0x0173EAD0
0x01C22340,NiPathInterpolator::ProcessClone,221-PDB-bytesig-port,488015e2010308bfa164d3720cb618deea7e1c098b1d61af530d258a6f17d27b,0x01741140
0x01C271C0,BSAnimNoteListener::Update,221-PDB-bytesig-port,488015e2010308bfa164d3720cb618deea7e1c098b1d61af530d258a6f17d27b,0x01745F80
0x01C2A300,NiBlendInterpolator::RemoveInterpInfo,221-PDB-bytesig-port,488015e2010308bfa164d3720cb618deea7e1c098b1d61af530d258a6f17d27b,0x01749240
0x01C2A450,NiBlendInterpolator::Collapse,221-PDB-bytesig-port,488015e2010308bfa164d3720cb618deea7e1c098b1d61af530d258a6f17d27b,0x017493A0
0x01C2EE00,NiTransformData::LoadBinary,221-PDB-bytesig-port,488015e2010308bfa164d3720cb618deea7e1c098b1d61af530d258a6f17d27b,0x0174D820
0x01C32D10,NiBlendQuaternionInterpolator::LoadBinary,221-PDB-bytesig-port,488015e2010308bfa164d3720cb618deea7e1c098b1d61af530d258a6f17d27b,0x017517B0
0x01C35410,NiBSplineData::IsEqual,221-PDB-bytesig-port,488015e2010308bfa164d3720cb618deea7e1c098b1d61af530d258a6f17d27b,0x01753CF0
0x01C39410,NiBSplineTransformInterpolator::LoadBinary,221-PDB-bytesig-port,488015e2010308bfa164d3720cb618deea7e1c098b1d61af530d258a6f17d27b,0x01758120
0x01C394E0,NiBSplineTransformInterpolator::SaveBinary,221-PDB-bytesig-port,488015e2010308bfa164d3720cb618deea7e1c098b1d61af530d258a6f17d27b,0x017581F0
0x01C3A6F0,NiFloatsExtraDataController::SynchronizePoseInterpolator,221-PDB-bytesig-port,488015e2010308bfa164d3720cb618deea7e1c098b1d61af530d258a6f17d27b,0x017596A0
0x01C3D3F0,NiLookAtController::RegisterStreamables,221-PDB-bytesig-port,488015e2010308bfa164d3720cb618deea7e1c098b1d61af530d258a6f17d27b,0x0175C4F0
0x01C3F040,NiLookAtInterpolator::Collapse,221-PDB-bytesig-port,488015e2010308bfa164d3720cb618deea7e1c098b1d61af530d258a6f17d27b,0x0175E060
0x01C3F190,NiLookAtInterpolator::ResolveDependencies,221-PDB-bytesig-port,488015e2010308bfa164d3720cb618deea7e1c098b1d61af530d258a6f17d27b,0x0175E1C0
0x01C3F810,NiMorphData::RegisterStreamables,221-PDB-bytesig-port,488015e2010308bfa164d3720cb618deea7e1c098b1d61af530d258a6f17d27b,0x0175E8F0
0x01C40770,NiPathController::RegisterStreamables,221-PDB-bytesig-port,488015e2010308bfa164d3720cb618deea7e1c098b1d61af530d258a6f17d27b,0x0175F920
0x01C41200,NiPathController::ProcessClone,221-PDB-bytesig-port,488015e2010308bfa164d3720cb618deea7e1c098b1d61af530d258a6f17d27b,0x01760490
0x01C463F0,NiStringPalette::LoadBinary,221-PDB-bytesig-port,488015e2010308bfa164d3720cb618deea7e1c098b1d61af530d258a6f17d27b,0x017651C0
0x01C46B00,NiTextKeyExtraData::RegisterStreamables,221-PDB-bytesig-port,488015e2010308bfa164d3720cb618deea7e1c098b1d61af530d258a6f17d27b,0x017659F0
0x01C472A0,NiUVData::SaveBinary,221-PDB-bytesig-port,488015e2010308bfa164d3720cb618deea7e1c098b1d61af530d258a6f17d27b,0x01766300
0x01C47D90,BSAnimNote::IsEqual,221-PDB-bytesig-port,488015e2010308bfa164d3720cb618deea7e1c098b1d61af530d258a6f17d27b,0x01766F20
0x01C47E60,BSAnimNotes::LoadBinary,221-PDB-bytesig-port,488015e2010308bfa164d3720cb618deea7e1c098b1d61af530d258a6f17d27b,0x01766FF0
0x01C47FB0,BSAnimNotes::RegisterStreamables,221-PDB-bytesig-port,488015e2010308bfa164d3720cb618deea7e1c098b1d61af530d258a6f17d27b,0x01767140
0x01C48030,BSAnimNotes::SaveBinary,221-PDB-bytesig-port,488015e2010308bfa164d3720cb618deea7e1c098b1d61af530d258a6f17d27b,0x017671C0
0x01C48540,BSGrabIKNote::IsEqual,221-PDB-bytesig-port,488015e2010308bfa164d3720cb618deea7e1c098b1d61af530d258a6f17d27b,0x017677D0
0x01C48D10,BSLookIKNote::IsEqual,221-PDB-bytesig-port,488015e2010308bfa164d3720cb618deea7e1c098b1d61af530d258a6f17d27b,0x01767FC0
0x01C49CB0,BSTreadTransfInterpolator::SaveBinary,221-PDB-bytesig-port,488015e2010308bfa164d3720cb618deea7e1c098b1d61af530d258a6f17d27b,0x01769040
0x01C54F90,NiExtraDataController::RegisterStreamables,221-PDB-bytesig-port,488015e2010308bfa164d3720cb618deea7e1c098b1d61af530d258a6f17d27b,0x01773990
0x01C552E0,NiExtraDataController::PostLinkObject,221-PDB-bytesig-port,488015e2010308bfa164d3720cb618deea7e1c098b1d61af530d258a6f17d27b,0x01773CF0
0x01C55CA0,NiBSplineInterpolator::GetControlPointCount,221-PDB-bytesig-port,488015e2010308bfa164d3720cb618deea7e1c098b1d61af530d258a6f17d27b,0x017745D0
0x01C561A0,NiPoint3InterpController::CreatePoseInterpolator,221-PDB-bytesig-port,488015e2010308bfa164d3720cb618deea7e1c098b1d61af530d258a6f17d27b,0x01774960
0x01C56230,NiPoint3InterpController::SynchronizePoseInterpolator,221-PDB-bytesig-port,488015e2010308bfa164d3720cb618deea7e1c098b1d61af530d258a6f17d27b,0x017749F0
0x01C567A0,NiFloatController::RegisterStreamables,221-PDB-bytesig-port,488015e2010308bfa164d3720cb618deea7e1c098b1d61af530d258a6f17d27b,0x01774F50
0x01C57430,NiParticleSystem::RegisterStreamables,221-PDB-bytesig-port,488015e2010308bfa164d3720cb618deea7e1c098b1d61af530d258a6f17d27b,0x01775C00
0x01C57540,NiParticleSystem::IsEqual,221-PDB-bytesig-port,488015e2010308bfa164d3720cb618deea7e1c098b1d61af530d258a6f17d27b,0x01775D10
0x01C58A50,NiPSysMeshEmitter::LoadBinary,221-PDB-bytesig-port,488015e2010308bfa164d3720cb618deea7e1c098b1d61af530d258a6f17d27b,0x01776E40
0x01C5D300,NiPSysEmitterCtlr::RegisterStreamables,221-PDB-bytesig-port,488015e2010308bfa164d3720cb618deea7e1c098b1d61af530d258a6f17d27b,0x0177B5F0
0x01C5DFC0,NiPSysEmitterCtlr::GetInterpolatorIndex,221-PDB-bytesig-port,488015e2010308bfa164d3720cb618deea7e1c098b1d61af530d258a6f17d27b,0x0177C4C0
0x01C5E0A0,NiPSysEmitterCtlr::CreatePoseInterpolator,221-PDB-bytesig-port,488015e2010308bfa164d3720cb618deea7e1c098b1d61af530d258a6f17d27b,0x0177C5A0
0x01C5E160,NiPSysEmitterCtlr::CreateBlendInterpolator,221-PDB-bytesig-port,488015e2010308bfa164d3720cb618deea7e1c098b1d61af530d258a6f17d27b,0x0177C660
0x01C5E230,NiPSysEmitterCtlr::ProcessClone,221-PDB-bytesig-port,488015e2010308bfa164d3720cb618deea7e1c098b1d61af530d258a6f17d27b,0x0177C730
0x01C606D0,BSPSysHavokUpdateModifier::RegisterStreamables,221-PDB-bytesig-port,488015e2010308bfa164d3720cb618deea7e1c098b1d61af530d258a6f17d27b,0x0177E480
0x01C60A00,BSPSysHavokUpdateModifier::Update,221-PDB-bytesig-port,488015e2010308bfa164d3720cb618deea7e1c098b1d61af530d258a6f17d27b,0x0177E7C0
0x01C60AB0,BSPSysHavokUpdateModifier::Initialize,221-PDB-bytesig-port,488015e2010308bfa164d3720cb618deea7e1c098b1d61af530d258a6f17d27b,0x0177E870
0x01C60CB0,BSPSysHavokUpdateModifier::PostLinkObject,221-PDB-bytesig-port,488015e2010308bfa164d3720cb618deea7e1c098b1d61af530d258a6f17d27b,0x0177EA00
0x01C61920,NiMeshParticleSystem::UpdateWorldBound,221-PDB-bytesig-port,488015e2010308bfa164d3720cb618deea7e1c098b1d61af530d258a6f17d27b,0x0177F500
0x01C623B0,NiPSysCylinderEmitter::IsEqual,221-PDB-bytesig-port,488015e2010308bfa164d3720cb618deea7e1c098b1d61af530d258a6f17d27b,0x017800B0
0x01C63020,NiPSysEmitter::IsEqual,221-PDB-bytesig-port,488015e2010308bfa164d3720cb618deea7e1c098b1d61af530d258a6f17d27b,0x01780E10
0x01C649A0,NiPSysModifierCtlr::SetTarget,221-PDB-bytesig-port,488015e2010308bfa164d3720cb618deea7e1c098b1d61af530d258a6f17d27b,0x01782650
0x01C64C50,NiPSysModifierCtlr::InterpTargetIsCorrectType,221-PDB-bytesig-port,488015e2010308bfa164d3720cb618deea7e1c098b1d61af530d258a6f17d27b,0x01782900
0x01C64E00,NiPSysModifier::CopyMembers,221-PDB-bytesig-port,488015e2010308bfa164d3720cb618deea7e1c098b1d61af530d258a6f17d27b,0x01782A40
0x01C64E40,NiPSysModifier::LoadBinary,221-PDB-bytesig-port,488015e2010308bfa164d3720cb618deea7e1c098b1d61af530d258a6f17d27b,0x01782A80
0x01C64F60,NiPSysModifier::SaveBinary,221-PDB-bytesig-port,488015e2010308bfa164d3720cb618deea7e1c098b1d61af530d258a6f17d27b,0x01782BA0
0x01C64FF0,NiPSysModifier::IsEqual,221-PDB-bytesig-port,488015e2010308bfa164d3720cb618deea7e1c098b1d61af530d258a6f17d27b,0x01782C30
0x01C65640,NiPSysMeshUpdateModifier::RegisterStreamables,221-PDB-bytesig-port,488015e2010308bfa164d3720cb618deea7e1c098b1d61af530d258a6f17d27b,0x017833B0
0x01C65D00,NiPSysMeshUpdateModifier::ProcessClone,221-PDB-bytesig-port,488015e2010308bfa164d3720cb618deea7e1c098b1d61af530d258a6f17d27b,0x01783A60
0x01C664E0,NiMeshPSysData::LinkObject,221-PDB-bytesig-port,488015e2010308bfa164d3720cb618deea7e1c098b1d61af530d258a6f17d27b,0x01784540
0x01C66540,NiMeshPSysData::RegisterStreamables,221-PDB-bytesig-port,488015e2010308bfa164d3720cb618deea7e1c098b1d61af530d258a6f17d27b,0x017845B0
0x01C67000,NiMeshPSysData::ProcessClone,221-PDB-bytesig-port,488015e2010308bfa164d3720cb618deea7e1c098b1d61af530d258a6f17d27b,0x01785250
0x01C68490,NiPSysAirFieldModifier::SaveBinary,221-PDB-bytesig-port,488015e2010308bfa164d3720cb618deea7e1c098b1d61af530d258a6f17d27b,0x01786820
0x01C685B0,NiPSysAirFieldModifier::IsEqual,221-PDB-bytesig-port,488015e2010308bfa164d3720cb618deea7e1c098b1d61af530d258a6f17d27b,0x01786940
0x01C6CC00,NiPSysBoxEmitter::IsEqual,221-PDB-bytesig-port,488015e2010308bfa164d3720cb618deea7e1c098b1d61af530d258a6f17d27b,0x0178ADF0
0x01C6D6C0,NiPSysColliderManager::ProcessClone,221-PDB-bytesig-port,488015e2010308bfa164d3720cb618deea7e1c098b1d61af530d258a6f17d27b,0x0178B970
0x01C6E2F0,NiPSysDragFieldModifier::IsEqual,221-PDB-bytesig-port,488015e2010308bfa164d3720cb618deea7e1c098b1d61af530d258a6f17d27b,0x0178C410
0x01C6F420,NiPSysDragModifier::Update,221-PDB-bytesig-port,488015e2010308bfa164d3720cb618deea7e1c098b1d61af530d258a6f17d27b,0x0178D590
0x01C73BD0,NiPSysGrowFadeModifier::IsEqual,221-PDB-bytesig-port,488015e2010308bfa164d3720cb618deea7e1c098b1d61af530d258a6f17d27b,0x01792070
0x01C75040,NiPSysModifierActiveCtlr::InterpTargetIsCorrectType,221-PDB-bytesig-port,488015e2010308bfa164d3720cb618deea7e1c098b1d61af530d258a6f17d27b,0x01793690
0x01C76F30,NiPSysPositionModifier::Update,221-PDB-bytesig-port,488015e2010308bfa164d3720cb618deea7e1c098b1d61af530d258a6f17d27b,0x01795240
0x01C78380,NiPSysRotationModifier::IsEqual,221-PDB-bytesig-port,488015e2010308bfa164d3720cb618deea7e1c098b1d61af530d258a6f17d27b,0x017966E0
0x01C78B60,NiPSysRotationModifier::PostLinkObject,221-PDB-bytesig-port,488015e2010308bfa164d3720cb618deea7e1c098b1d61af530d258a6f17d27b,0x01796E10
0x01C790B0,NiPSysSpawnModifier::IsEqual,221-PDB-bytesig-port,488015e2010308bfa164d3720cb618deea7e1c098b1d61af530d258a6f17d27b,0x017973A0
0x01C79BF0,NiPSysSphericalCollider::LoadBinary,221-PDB-bytesig-port,488015e2010308bfa164d3720cb618deea7e1c098b1d61af530d258a6f17d27b,0x01797FF0
0x01C7D3F0,BSStripPSysData::SaveBinary,221-PDB-bytesig-port,488015e2010308bfa164d3720cb618deea7e1c098b1d61af530d258a6f17d27b,0x0179B560
0x01C7D4B0,BSStripPSysData::IsEqual,221-PDB-bytesig-port,488015e2010308bfa164d3720cb618deea7e1c098b1d61af530d258a6f17d27b,0x0179B620
0x01C7EBF0,BSPSysRecycleBoundModifier::LoadBinary,221-PDB-bytesig-port,488015e2010308bfa164d3720cb618deea7e1c098b1d61af530d258a6f17d27b,0x0179CE50
0x01C7ECA0,BSPSysRecycleBoundModifier::RegisterStreamables,221-PDB-bytesig-port,488015e2010308bfa164d3720cb618deea7e1c098b1d61af530d258a6f17d27b,0x0179CF00
0x01C7ECF0,BSPSysRecycleBoundModifier::SaveBinary,221-PDB-bytesig-port,488015e2010308bfa164d3720cb618deea7e1c098b1d61af530d258a6f17d27b,0x0179CF50
0x01C80D90,NiPSysCollider::LinkObject,221-PDB-bytesig-port,488015e2010308bfa164d3720cb618deea7e1c098b1d61af530d258a6f17d27b,0x0179F020
0x01C8DE20,BSModelDB::Request,221-PDB-bytesig-port,488015e2010308bfa164d3720cb618deea7e1c098b1d61af530d258a6f17d27b,0x017B3CF0
0x01C8DE20,BSModelDB::Request,AE-bytesig-port,e555c6c0e7aba3e9e4801c2e5e11e3a76b42ce080683b4b9c1cf074c2030b737,0x017B3BD0
0x01C8EBD0,BSModelDB::Prepare,AE-bytesig-port,e555c6c0e7aba3e9e4801c2e5e11e3a76b42ce080683b4b9c1cf074c2030b737,0x017B4960
0x01C93220,INISettingCollection::WriteSetting,221-PDB-bytesig-port,488015e2010308bfa164d3720cb618deea7e1c098b1d61af530d258a6f17d27b,0x017A0410
0x01CA2690,IOManager::ProcessQueue::Pop,221-PDB-bytesig-port,488015e2010308bfa164d3720cb618deea7e1c098b1d61af530d258a6f17d27b,0x017ADA30
0x01CA3710,IOManager::WaitForTask,221-PDB-bytesig-port,488015e2010308bfa164d3720cb618deea7e1c098b1d61af530d258a6f17d27b,0x017AF060
0x01CA7F90,QueuedFile::Cancel,221-PDB-bytesig-port,488015e2010308bfa164d3720cb618deea7e1c098b1d61af530d258a6f17d27b,0x017B2B90
0x01CA89A0,BSQueuedResourceCollectionBase::DoOnQueueMe,221-PDB-bytesig-port,488015e2010308bfa164d3720cb618deea7e1c098b1d61af530d258a6f17d27b,0x017B31E0
0x01CAA510,BSMultiBound::CreateClone,221-PDB-bytesig-port,488015e2010308bfa164d3720cb618deea7e1c098b1d61af530d258a6f17d27b,0x017B7CA0
0x01CAA6A0,BSMultiBound::LinkObject,221-PDB-bytesig-port,488015e2010308bfa164d3720cb618deea7e1c098b1d61af530d258a6f17d27b,0x017B7E50
0x01CAA700,BSMultiBound::RegisterStreamables,221-PDB-bytesig-port,488015e2010308bfa164d3720cb618deea7e1c098b1d61af530d258a6f17d27b,0x017B7EB0
0x01CAA790,BSMultiBound::IsEqual,221-PDB-bytesig-port,488015e2010308bfa164d3720cb618deea7e1c098b1d61af530d258a6f17d27b,0x017B7F40
0x01CABB20,BSMultiBoundAABB::IsEqual,221-PDB-bytesig-port,488015e2010308bfa164d3720cb618deea7e1c098b1d61af530d258a6f17d27b,0x017B8F70
0x01CABC10,BGSTransform::BGSTransform,221-PDB-bytesig-port,488015e2010308bfa164d3720cb618deea7e1c098b1d61af530d258a6f17d27b,0x004268A0
0x01CAE260,BSValueNode::IsEqual,221-PDB-bytesig-port,488015e2010308bfa164d3720cb618deea7e1c098b1d61af530d258a6f17d27b,0x017C5530
0x01CAEEF0,BSTextureStreamer::RequestLoadForHandle,AE-bytesig-port,e555c6c0e7aba3e9e4801c2e5e11e3a76b42ce080683b4b9c1cf074c2030b737,0x017C5FA0
0x01CB69B0,BSTextureStreamer::Manager::GetDesc,AE-bytesig-port,e555c6c0e7aba3e9e4801c2e5e11e3a76b42ce080683b4b9c1cf074c2030b737,0x017CAF70
0x01CBBA00,BSWindModifier::IsEqual,221-PDB-bytesig-port,488015e2010308bfa164d3720cb618deea7e1c098b1d61af530d258a6f17d27b,0x017CF9B0
0x01CBC7C0,BSPortalGraph::AddOccluder,221-PDB-bytesig-port,488015e2010308bfa164d3720cb618deea7e1c098b1d61af530d258a6f17d27b,0x017D0830
0x01CBCC80,BSPortalGraph::RemoveAllAlwaysRenderChildren,221-PDB-bytesig-port,488015e2010308bfa164d3720cb618deea7e1c098b1d61af530d258a6f17d27b,0x017D0EB0
0x01CBFF70,BSRangeNode::IsEqual,221-PDB-bytesig-port,488015e2010308bfa164d3720cb618deea7e1c098b1d61af530d258a6f17d27b,0x017D32A0
0x01CC8A50,BSOcclusionBox::WithinFrustum,221-PDB-bytesig-port,488015e2010308bfa164d3720cb618deea7e1c098b1d61af530d258a6f17d27b,0x017DB090
0x01CCA3B0,BSOcclusionPlane::GetFrustumPlanes,221-PDB-bytesig-port,488015e2010308bfa164d3720cb618deea7e1c098b1d61af530d258a6f17d27b,0x017DCBD0
0x01CCA640,BSOcclusionPlane::WithinFrustumFullTest,221-PDB-bytesig-port,488015e2010308bfa164d3720cb618deea7e1c098b1d61af530d258a6f17d27b,0x017DCFB0
0x01CCB5D0,BSBehaviorGraphExtraData::RegisterStreamables,221-PDB-bytesig-port,488015e2010308bfa164d3720cb618deea7e1c098b1d61af530d258a6f17d27b,0x017DE120
0x01CCCC30,BSCullingGroup::Add,221-PDB-bytesig-port,488015e2010308bfa164d3720cb618deea7e1c098b1d61af530d258a6f17d27b,0x017DFB70
0x01CCDFB0,BSCullingProcess::Process,221-PDB-bytesig-port,488015e2010308bfa164d3720cb618deea7e1c098b1d61af530d258a6f17d27b,0x017E17A0
0x01CD4E00,BSSubIndexTriShape::SaveBinary,221-PDB-bytesig-port,488015e2010308bfa164d3720cb618deea7e1c098b1d61af530d258a6f17d27b,0x017E5F20
0x01CD8560,BSMultiBoundNode::LoadBinary,221-PDB-bytesig-port,488015e2010308bfa164d3720cb618deea7e1c098b1d61af530d258a6f17d27b,0x017E90D0
0x01CD85C0,BSMultiBoundNode::LinkObject,221-PDB-bytesig-port,488015e2010308bfa164d3720cb618deea7e1c098b1d61af530d258a6f17d27b,0x017E9130
0x01CD8620,BSMultiBoundNode::RegisterStreamables,221-PDB-bytesig-port,488015e2010308bfa164d3720cb618deea7e1c098b1d61af530d258a6f17d27b,0x017E91A0
0x01CD8890,BSMultiBoundNode::OnVisible,221-PDB-bytesig-port,488015e2010308bfa164d3720cb618deea7e1c098b1d61af530d258a6f17d27b,0x017E9420
0x01CE5220,BSPSysMultiTargetEmitterCtlr::LoadBinary,221-PDB-bytesig-port,488015e2010308bfa164d3720cb618deea7e1c098b1d61af530d258a6f17d27b,0x017F4360
0x01CE52D0,BSPSysMultiTargetEmitterCtlr::SaveBinary,221-PDB-bytesig-port,488015e2010308bfa164d3720cb618deea7e1c098b1d61af530d258a6f17d27b,0x017F4410
0x01CE5340,BSPSysMultiTargetEmitterCtlr::IsEqual,221-PDB-bytesig-port,488015e2010308bfa164d3720cb618deea7e1c098b1d61af530d258a6f17d27b,0x017F4480
0x01CE5610,BSPSysMultiTargetEmitterCtlr::Update,221-PDB-bytesig-port,488015e2010308bfa164d3720cb618deea7e1c098b1d61af530d258a6f17d27b,0x017F4750
0x01CEBFC0,BSTextureArray::MasterTexture::GetPhysicalIndexes,221-PDB-bytesig-port,488015e2010308bfa164d3720cb618deea7e1c098b1d61af530d258a6f17d27b,0x017FA110
0x01CF12C0,BSCompoundFrustum::SetCamera,221-PDB-bytesig-port,488015e2010308bfa164d3720cb618deea7e1c098b1d61af530d258a6f17d27b,0x017FE510
0x01CF1450,BSCompoundFrustum::AddPortal,221-PDB-bytesig-port,488015e2010308bfa164d3720cb618deea7e1c098b1d61af530d258a6f17d27b,0x017FE6A0
0x01CF1660,BSCompoundFrustum::AddOcclusionShapeIfBaseVisible,221-PDB-bytesig-port,488015e2010308bfa164d3720cb618deea7e1c098b1d61af530d258a6f17d27b,0x017FE8B0
0x01CF2DB0,BSCompoundFrustum::VerifyGroups,221-PDB-bytesig-port,488015e2010308bfa164d3720cb618deea7e1c098b1d61af530d258a6f17d27b,0x01800170
0x01CF5480,BSProceduralLightningController::SaveBinary,221-PDB-bytesig-port,488015e2010308bfa164d3720cb618deea7e1c098b1d61af530d258a6f17d27b,0x01802290
0x01CF5DD0,BSProceduralLightningController::TargetIsRequiredType,221-PDB-bytesig-port,488015e2010308bfa164d3720cb618deea7e1c098b1d61af530d258a6f17d27b,0x01802E90
0x01CF6190,BSProceduralLightningController::InitSDM,AE-bytesig-port,e555c6c0e7aba3e9e4801c2e5e11e3a76b42ce080683b4b9c1cf074c2030b737,0x01803160
0x01CF7710,RegSettingCollection::WriteSetting,221-PDB-bytesig-port,488015e2010308bfa164d3720cb618deea7e1c098b1d61af530d258a6f17d27b,0x018040E0
0x01CF7800,RegSettingCollection::ReadSetting,221-PDB-bytesig-port,488015e2010308bfa164d3720cb618deea7e1c098b1d61af530d258a6f17d27b,0x018041D0
0x01CF9DC0,BSMasterParticleSystem::LoadBinary,221-PDB-bytesig-port,488015e2010308bfa164d3720cb618deea7e1c098b1d61af530d258a6f17d27b,0x018065F0
0x01CF9EA0,BSMasterParticleSystem::RegisterStreamables,221-PDB-bytesig-port,488015e2010308bfa164d3720cb618deea7e1c098b1d61af530d258a6f17d27b,0x01806710
0x01CF9F20,BSMasterParticleSystem::SaveBinary,221-PDB-bytesig-port,488015e2010308bfa164d3720cb618deea7e1c098b1d61af530d258a6f17d27b,0x01806790
0x01CFB6D0,BSReference::LoadBinary,221-PDB-bytesig-port,488015e2010308bfa164d3720cb618deea7e1c098b1d61af530d258a6f17d27b,0x01807D90
0x01CFB780,BSReference::IsEqual,221-PDB-bytesig-port,488015e2010308bfa164d3720cb618deea7e1c098b1d61af530d258a6f17d27b,0x01807E40
0x01CFB950,BSNodeReferences::LinkObject,221-PDB-bytesig-port,488015e2010308bfa164d3720cb618deea7e1c098b1d61af530d258a6f17d27b,0x01808010
0x01CFC030,BSParentVelocityModifier::IsEqual,221-PDB-bytesig-port,488015e2010308bfa164d3720cb618deea7e1c098b1d61af530d258a6f17d27b,0x01808650
0x01CFD730,BSPSysStripUpdateModifier::IsEqual,221-PDB-bytesig-port,488015e2010308bfa164d3720cb618deea7e1c098b1d61af530d258a6f17d27b,0x01809E50
0x01CFD8B0,BSPSysStripUpdateModifier::Update,221-PDB-bytesig-port,488015e2010308bfa164d3720cb618deea7e1c098b1d61af530d258a6f17d27b,0x01809FD0
0x01CFEBA0,BSLagBoneController::IsEqual,221-PDB-bytesig-port,488015e2010308bfa164d3720cb618deea7e1c098b1d61af530d258a6f17d27b,0x0180B3B0
0x01D029F0,BSDistantObjectInstanceDataBlock::LoadBinary,221-PDB-bytesig-port,488015e2010308bfa164d3720cb618deea7e1c098b1d61af530d258a6f17d27b,0x0180ED30
0x01D02B70,BSDistantObjectInstanceDataBlock::SaveBinary,221-PDB-bytesig-port,488015e2010308bfa164d3720cb618deea7e1c098b1d61af530d258a6f17d27b,0x0180EEB0
0x01D062E0,BSCylinderConstructor::CreateWireData,221-PDB-bytesig-port,488015e2010308bfa164d3720cb618deea7e1c098b1d61af530d258a6f17d27b,0x01812630
0x01D081A0,BSFlatQuadConstructor::CreateTriangleData,221-PDB-bytesig-port,488015e2010308bfa164d3720cb618deea7e1c098b1d61af530d258a6f17d27b,0x018143A0
0x01D0B670,BSGraphics::Renderer::End,AE-bytesig-port,e555c6c0e7aba3e9e4801c2e5e11e3a76b42ce080683b4b9c1cf074c2030b737,0x01817F60
0x01D0F050,BSGraphics::Renderer::CreateTextureFromFile,221-PDB-bytesig-port,488015e2010308bfa164d3720cb618deea7e1c098b1d61af530d258a6f17d27b,0x0181BA80
0x01D100E0,BSGraphics::Renderer::RunComputeShader,221-PDB-bytesig-port,488015e2010308bfa164d3720cb618deea7e1c098b1d61af530d258a6f17d27b,0x0181CCB0
0x01D11CD0,BSGraphics::Renderer::GetOcclusionQueryResults,221-PDB-bytesig-port,488015e2010308bfa164d3720cb618deea7e1c098b1d61af530d258a6f17d27b,0x0181E9B0
0x01D11DA0,BSGraphics::Renderer::ResetState,221-PDB-bytesig-port,488015e2010308bfa164d3720cb618deea7e1c098b1d61af530d258a6f17d27b,0x0181EA80
0x01D11DA0,BSGraphics::Renderer::ResetState,AE-bytesig-port,e555c6c0e7aba3e9e4801c2e5e11e3a76b42ce080683b4b9c1cf074c2030b737,0x0181E960
0x01D14E50,BSGraphics::Renderer::CreateRenderTarget,221-PDB-bytesig-port,488015e2010308bfa164d3720cb618deea7e1c098b1d61af530d258a6f17d27b,0x01821B90
0x01D154C0,BSGraphics::Renderer::CreateCubeMapRenderTarget,221-PDB-bytesig-port,488015e2010308bfa164d3720cb618deea7e1c098b1d61af530d258a6f17d27b,0x018221C0
0x01D15680,BSGraphics::Renderer::DestroyRenderTarget,221-PDB-bytesig-port,488015e2010308bfa164d3720cb618deea7e1c098b1d61af530d258a6f17d27b,0x01822380
0x01D18450,BSGraphics::CreateDynamicGeometryBuffer,221-PDB-bytesig-port,488015e2010308bfa164d3720cb618deea7e1c098b1d61af530d258a6f17d27b,0x018254C0
0x01D21220,BSGraphics::State::State,221-PDB-bytesig-port,488015e2010308bfa164d3720cb618deea7e1c098b1d61af530d258a6f17d27b,0x0182B3B0
0x01D21B90,BSGraphics::State::CreateDefaultTextures,221-PDB-bytesig-port,488015e2010308bfa164d3720cb618deea7e1c098b1d61af530d258a6f17d27b,0x0182C0F0
0x01D26960,BSGraphics::Utility::CreateTriShape,221-PDB-bytesig-port,488015e2010308bfa164d3720cb618deea7e1c098b1d61af530d258a6f17d27b,0x018300F0
0x01D26960,BSGraphics::Utility::CreateTriShape,AE-bytesig-port,e555c6c0e7aba3e9e4801c2e5e11e3a76b42ce080683b4b9c1cf074c2030b737,0x0182FFD0
0x01D26D40,BSGraphics::Utility::CreateDynamicTriShape,221-PDB-bytesig-port,488015e2010308bfa164d3720cb618deea7e1c098b1d61af530d258a6f17d27b,0x018304D0
0x01D27060,BSGraphics::Utility::CreateSubIndexTriShape,221-PDB-bytesig-port,488015e2010308bfa164d3720cb618deea7e1c098b1d61af530d258a6f17d27b,0x018307F0
0x01D27340,BSGraphics::Utility::CreateLineShape,221-PDB-bytesig-port,488015e2010308bfa164d3720cb618deea7e1c098b1d61af530d258a6f17d27b,0x01830AD0
0x01D27610,BSGraphics::Utility::CreateDynamicLineShape,221-PDB-bytesig-port,488015e2010308bfa164d3720cb618deea7e1c098b1d61af530d258a6f17d27b,0x01830DA0
0x01D2A0F0,FutBinaryFileC::openForAppend,221-PDB-bytesig-port,488015e2010308bfa164d3720cb618deea7e1c098b1d61af530d258a6f17d27b,0x022AFD00
0x01D2B550,BSGraphics::Utility::ApplyExtraDataRemapBones,AE-bytesig-port,e555c6c0e7aba3e9e4801c2e5e11e3a76b42ce080683b4b9c1cf074c2030b737,0x01834A90
0x01D31AC0,BSGraphics::RenderTargetManager::SetCurrentViewportDefault,221-PDB-bytesig-port,488015e2010308bfa164d3720cb618deea7e1c098b1d61af530d258a6f17d27b,0x01839940
0x01D358C0,BSGraphics::Renderer::CreateTextureStreamData,221-PDB-bytesig-port,488015e2010308bfa164d3720cb618deea7e1c098b1d61af530d258a6f17d27b,0x0183C840
0x01D37990,BSGraphics::InitImagespaceLUT,221-PDB-bytesig-port,488015e2010308bfa164d3720cb618deea7e1c098b1d61af530d258a6f17d27b,0x0183F040
0x01D38330,DirectX::Blob::Initialize,221-PDB-bytesig-port,488015e2010308bfa164d3720cb618deea7e1c098b1d61af530d258a6f17d27b,0x0183F7A0
0x01D388E0,DirectX::GetMetadataFromDDSFile,221-PDB-bytesig-port,488015e2010308bfa164d3720cb618deea7e1c098b1d61af530d258a6f17d27b,0x0183FC70
0x01D38A30,DirectX::LoadFromDDSMemory,221-PDB-bytesig-port,488015e2010308bfa164d3720cb618deea7e1c098b1d61af530d258a6f17d27b,0x0183FDC0
0x01D3D2C0,DirectX::LoadFromWICFile,221-PDB-bytesig-port,488015e2010308bfa164d3720cb618deea7e1c098b1d61af530d258a6f17d27b,0x01844420
0x01D3D720,DirectX::SaveToWICFile,221-PDB-bytesig-port,488015e2010308bfa164d3720cb618deea7e1c098b1d61af530d258a6f17d27b,0x01844860
0x01D3DB90,DirectX::_DecodeSingleFrame,221-PDB-bytesig-port,488015e2010308bfa164d3720cb618deea7e1c098b1d61af530d258a6f17d27b,0x01845160
0x01D3DD50,DirectX::_DecodeMultiframe,221-PDB-bytesig-port,488015e2010308bfa164d3720cb618deea7e1c098b1d61af530d258a6f17d27b,0x01844D60
0x01D3E4C0,DirectX::_EncodeSingleFrame,221-PDB-bytesig-port,488015e2010308bfa164d3720cb618deea7e1c098b1d61af530d258a6f17d27b,0x018459F0
0x01D3E680,DirectX::_EncodeMultiframe,221-PDB-bytesig-port,488015e2010308bfa164d3720cb618deea7e1c098b1d61af530d258a6f17d27b,0x01845810
0x01D3F740,DirectX::ScratchImage::InitializeCubeFromImages,221-PDB-bytesig-port,488015e2010308bfa164d3720cb618deea7e1c098b1d61af530d258a6f17d27b,0x018465C0
0x01D44F20,DirectX::_ConvertUsingWIC,221-PDB-bytesig-port,488015e2010308bfa164d3720cb618deea7e1c098b1d61af530d258a6f17d27b,0x0184C5E0
0x01D450E0,DirectX::_ConvertFromWIC,221-PDB-bytesig-port,488015e2010308bfa164d3720cb618deea7e1c098b1d61af530d258a6f17d27b,0x0184C040
0x01D453B0,DirectX::_ConvertToWIC,221-PDB-bytesig-port,488015e2010308bfa164d3720cb618deea7e1c098b1d61af530d258a6f17d27b,0x0184C300
0x01D47D60,DirectX::CreateShaderResourceView,221-PDB-bytesig-port,488015e2010308bfa164d3720cb618deea7e1c098b1d61af530d258a6f17d27b,0x0184D970
0x01D47ED0,DirectX::CaptureTexture,221-PDB-bytesig-port,488015e2010308bfa164d3720cb618deea7e1c098b1d61af530d258a6f17d27b,0x0184DAD0
0x01D4FE40,BSGraphics::CreateAlphaBlendStateObjects,221-PDB-bytesig-port,488015e2010308bfa164d3720cb618deea7e1c098b1d61af530d258a6f17d27b,0x01854CC0
0x01D50340,BSGraphics::CreateDepthStencilStateObjects,221-PDB-bytesig-port,488015e2010308bfa164d3720cb618deea7e1c098b1d61af530d258a6f17d27b,0x018551B0
0x01D50EB0,BSGraphics::CreateRasterStateObjects,221-PDB-bytesig-port,488015e2010308bfa164d3720cb618deea7e1c098b1d61af530d258a6f17d27b,0x01855CB0
0x01D6E130,BSClothJobs::Clear,221-PDB-bytesig-port,488015e2010308bfa164d3720cb618deea7e1c098b1d61af530d258a6f17d27b,0x018733E0
0x01D70600,bhkWorld::GarbageCollectHavokMemory,221-PDB-bytesig-port,488015e2010308bfa164d3720cb618deea7e1c098b1d61af530d258a6f17d27b,0x01875B60
0x01D70600,bhkWorld::GarbageCollectHavokMemory,AE-bytesig-port,e555c6c0e7aba3e9e4801c2e5e11e3a76b42ce080683b4b9c1cf074c2030b737,0x01875A40
0x01D70A50,bhkWorld::AddObjects,221-PDB-bytesig-port,488015e2010308bfa164d3720cb618deea7e1c098b1d61af530d258a6f17d27b,0x01876000
0x01D70A50,bhkWorld::AddObjects,AE-bytesig-port,e555c6c0e7aba3e9e4801c2e5e11e3a76b42ce080683b4b9c1cf074c2030b737,0x01875EE0
0x01D71050,bhkWorld::SetDismemberedLimb,AE-bytesig-port,e555c6c0e7aba3e9e4801c2e5e11e3a76b42ce080683b4b9c1cf074c2030b737,0x018765A0
0x01D71B90,bhkWorld::DoObjectRec,221-PDB-bytesig-port,488015e2010308bfa164d3720cb618deea7e1c098b1d61af530d258a6f17d27b,0x01877330
0x01D71B90,bhkWorld::DoObjectRec,AE-bytesig-port,e555c6c0e7aba3e9e4801c2e5e11e3a76b42ce080683b4b9c1cf074c2030b737,0x01877210
0x01D72D40,bhkPickData::GetNiAVObject,AE-bytesig-port,e555c6c0e7aba3e9e4801c2e5e11e3a76b42ce080683b4b9c1cf074c2030b737,0x018783F0
0x01D72E60,bhkPickData::GetAllCollectorRayHitAt,AE-bytesig-port,e555c6c0e7aba3e9e4801c2e5e11e3a76b42ce080683b4b9c1cf074c2030b737,0x01878510
0x01D7E8B0,bhkNPCollisionObject::CopyMembers,221-PDB-bytesig-port,488015e2010308bfa164d3720cb618deea7e1c098b1d61af530d258a6f17d27b,0x0187F090
0x01D7E8B0,bhkNPCollisionObject::CopyMembers,AE-bytesig-port,e555c6c0e7aba3e9e4801c2e5e11e3a76b42ce080683b4b9c1cf074c2030b737,0x0187EF70
0x01D7E930,bhkNPCollisionObject::LoadBinary,221-PDB-bytesig-port,488015e2010308bfa164d3720cb618deea7e1c098b1d61af530d258a6f17d27b,0x0187F120
0x01D7E930,bhkNPCollisionObject::LoadBinary,AE-bytesig-port,e555c6c0e7aba3e9e4801c2e5e11e3a76b42ce080683b4b9c1cf074c2030b737,0x0187F000
0x01D7E9D0,bhkNPCollisionObject::LinkObject,221-PDB-bytesig-port,488015e2010308bfa164d3720cb618deea7e1c098b1d61af530d258a6f17d27b,0x0187F1C0
0x01D7E9D0,bhkNPCollisionObject::LinkObject,AE-bytesig-port,e555c6c0e7aba3e9e4801c2e5e11e3a76b42ce080683b4b9c1cf074c2030b737,0x0187F0A0
0x01D7EA60,bhkNPCollisionObject::RegisterStreamables,221-PDB-bytesig-port,488015e2010308bfa164d3720cb618deea7e1c098b1d61af530d258a6f17d27b,0x0187F250
0x01D7EA60,bhkNPCollisionObject::RegisterStreamables,AE-bytesig-port,e555c6c0e7aba3e9e4801c2e5e11e3a76b42ce080683b4b9c1cf074c2030b737,0x0187F130
0x01D7F280,bhkNPCollisionObject::Getbhk,AE-bytesig-port,e555c6c0e7aba3e9e4801c2e5e11e3a76b42ce080683b4b9c1cf074c2030b737,0x0187F930
0x01D7F810,bhkNPCollisionObject::GetShape,221-PDB-bytesig-port,488015e2010308bfa164d3720cb618deea7e1c098b1d61af530d258a6f17d27b,0x0187FFF0
0x01D7F810,bhkNPCollisionObject::GetShape,AE-bytesig-port,e555c6c0e7aba3e9e4801c2e5e11e3a76b42ce080683b4b9c1cf074c2030b737,0x0187FED0
0x01D805C0,bhkNPCollisionObject::GetMassFromSystemData,221-PDB-bytesig-port,488015e2010308bfa164d3720cb618deea7e1c098b1d61af530d258a6f17d27b,0x01880D70
0x01D805C0,bhkNPCollisionObject::GetMassFromSystemData,AE-bytesig-port,e555c6c0e7aba3e9e4801c2e5e11e3a76b42ce080683b4b9c1cf074c2030b737,0x01880C50
0x01D809C0,bhkNPCollisionObject::IsBodyConstrained,221-PDB-bytesig-port,488015e2010308bfa164d3720cb618deea7e1c098b1d61af530d258a6f17d27b,0x01881180
0x01D80BF0,bhkNPCollisionObject::IsBodyFirstAttachedToMotion,221-PDB-bytesig-port,488015e2010308bfa164d3720cb618deea7e1c098b1d61af530d258a6f17d27b,0x018813B0
0x01D839E0,bhkPhysicsSystem::CopyMembers,AE-bytesig-port,e555c6c0e7aba3e9e4801c2e5e11e3a76b42ce080683b4b9c1cf074c2030b737,0x01883420
0x01D83E30,bhkPhysicsSystem::AddToWorld,AE-bytesig-port,e555c6c0e7aba3e9e4801c2e5e11e3a76b42ce080683b4b9c1cf074c2030b737,0x01883930
0x01D83E90,bhkPhysicsSystem::RemoveFromWorld,221-PDB-bytesig-port,488015e2010308bfa164d3720cb618deea7e1c098b1d61af530d258a6f17d27b,0x01883AB0
0x01D83E90,bhkPhysicsSystem::RemoveFromWorld,AE-bytesig-port,e555c6c0e7aba3e9e4801c2e5e11e3a76b42ce080683b4b9c1cf074c2030b737,0x01883990
0x01D98F60,bhkCharacterController::SetTrueState,221-PDB-bytesig-port,488015e2010308bfa164d3720cb618deea7e1c098b1d61af530d258a6f17d27b,0x01895260
0x01D9A9D0,bhkCharacterController::ApplyRotation,AE-bytesig-port,e555c6c0e7aba3e9e4801c2e5e11e3a76b42ce080683b4b9c1cf074c2030b737,0x01896D10
0x01DB3E60,BSClothUtils::BSTriShapeBuffer::notifyBeginAccess,221-PDB-bytesig-port,488015e2010308bfa164d3720cb618deea7e1c098b1d61af530d258a6f17d27b,0x018A9BE0
0x01DB9760,bhkThreadPool::isProcessing,221-PDB-bytesig-port,488015e2010308bfa164d3720cb618deea7e1c098b1d61af530d258a6f17d27b,0x018ADAC0
0x01DBA420,bhkStream::SaveBinary,AE-bytesig-port,e555c6c0e7aba3e9e4801c2e5e11e3a76b42ce080683b4b9c1cf074c2030b737,0x018AE710
0x01DBADA0,BSHavok::SetHavokStackSize,AE-bytesig-port,e555c6c0e7aba3e9e4801c2e5e11e3a76b42ce080683b4b9c1cf074c2030b737,0x018AF030
0x01DBCB40,bhkCollisionQuery::InitSDM,AE-bytesig-port,e555c6c0e7aba3e9e4801c2e5e11e3a76b42ce080683b4b9c1cf074c2030b737,0x018AFCD0
0x01DC3F60,bhkCharProxyController::contactAddedCallback,221-PDB-bytesig-port,488015e2010308bfa164d3720cb618deea7e1c098b1d61af530d258a6f17d27b,0x018B4DE0
0x01DCAE00,bhkCharRigidBodyController::SetShapeImpl,221-PDB-bytesig-port,488015e2010308bfa164d3720cb618deea7e1c098b1d61af530d258a6f17d27b,0x018BA560
0x01DCAEB0,bhkCharRigidBodyController::SetWorldImpl,221-PDB-bytesig-port,488015e2010308bfa164d3720cb618deea7e1c098b1d61af530d258a6f17d27b,0x018BA610
0x01DCB240,bhkCharRigidBodyController::GetPositionImpl,221-PDB-bytesig-port,488015e2010308bfa164d3720cb618deea7e1c098b1d61af530d258a6f17d27b,0x018BA9F0
0x01DCB3A0,bhkCharRigidBodyController::GetPredictedPositionImpl,221-PDB-bytesig-port,488015e2010308bfa164d3720cb618deea7e1c098b1d61af530d258a6f17d27b,0x018BAB50
0x01DCB580,bhkCharRigidBodyController::SetLinearVelocityImpl,221-PDB-bytesig-port,488015e2010308bfa164d3720cb618deea7e1c098b1d61af530d258a6f17d27b,0x018BAD90
0x01DCB610,bhkCharRigidBodyController::FinishMoveImpl,221-PDB-bytesig-port,488015e2010308bfa164d3720cb618deea7e1c098b1d61af530d258a6f17d27b,0x018BAE20
0x01DCBE20,bhkCharRigidBodyController::SendEventOnNonSupportContactsImpl,221-PDB-bytesig-port,488015e2010308bfa164d3720cb618deea7e1c098b1d61af530d258a6f17d27b,0x018BB5E0
0x01DD5F50,bhkBipedOrientationController::CalculatePitchAndRollImpl,221-PDB-bytesig-port,488015e2010308bfa164d3720cb618deea7e1c098b1d61af530d258a6f17d27b,0x018C29F0
0x01DD76E0,hknpBSShapeCodec::decode,221-PDB-bytesig-port,488015e2010308bfa164d3720cb618deea7e1c098b1d61af530d258a6f17d27b,0x018C42A0
0x01E144B0,hknpMaskedShape::resetMask,221-PDB-bytesig-port,488015e2010308bfa164d3720cb618deea7e1c098b1d61af530d258a6f17d27b,0x018E8E80
0x01E14510,hknpMaskedShape::commitChanges,221-PDB-bytesig-port,488015e2010308bfa164d3720cb618deea7e1c098b1d61af530d258a6f17d27b,0x018E8EE0
0x01E14E40,bhkCharacterStateInAir::Update,221-PDB-bytesig-port,488015e2010308bfa164d3720cb618deea7e1c098b1d61af530d258a6f17d27b,0x018E9890
0x01E16A50,bhkQuadOrientationController::AdjustCastBasedOnSupportImpl,221-PDB-bytesig-port,488015e2010308bfa164d3720cb618deea7e1c098b1d61af530d258a6f17d27b,0x018EB260
0x01E21E10,bhkThreadMemorySource::bufAlloc,221-PDB-bytesig-port,488015e2010308bfa164d3720cb618deea7e1c098b1d61af530d258a6f17d27b,0x018F5040
0x01E21FD0,bhkThreadMemorySource::bufRealloc,221-PDB-bytesig-port,488015e2010308bfa164d3720cb618deea7e1c098b1d61af530d258a6f17d27b,0x018F5200
0x01E22460,bhkThreadMemorySource::getAllocatedSize,221-PDB-bytesig-port,488015e2010308bfa164d3720cb618deea7e1c098b1d61af530d258a6f17d27b,0x018F5670
0x01E25DF0,hclGatherAllVerticesOperator::getBufferUsage,221-PDB-bytesig-port,488015e2010308bfa164d3720cb618deea7e1c098b1d61af530d258a6f17d27b,0x018F8EC0
0x01E272C0,hclCopyVerticesOperator::getBufferUsage,221-PDB-bytesig-port,488015e2010308bfa164d3720cb618deea7e1c098b1d61af530d258a6f17d27b,0x018FA2F0
0x01E27F70,hclUpdateAllVertexFramesOperator::getBufferUsage,221-PDB-bytesig-port,488015e2010308bfa164d3720cb618deea7e1c098b1d61af530d258a6f17d27b,0x018FADF0
0x01E2F950,hclUpdateSomeVertexFramesOperator::spuSupported,221-PDB-bytesig-port,488015e2010308bfa164d3720cb618deea7e1c098b1d61af530d258a6f17d27b,0x01901EC0
0x01E2FA30,hclUpdateSomeVertexFramesOperator::getBufferUsage,221-PDB-bytesig-port,488015e2010308bfa164d3720cb618deea7e1c098b1d61af530d258a6f17d27b,0x01901FA0
0x01EBD6C0,hclSimulateOperator::getBufferUsage,221-PDB-bytesig-port,488015e2010308bfa164d3720cb618deea7e1c098b1d61af530d258a6f17d27b,0x0195BB20
0x01EBD8F0,hclSimulateOperator::_getOperatorTempMemorySize,221-PDB-bytesig-port,488015e2010308bfa164d3720cb618deea7e1c098b1d61af530d258a6f17d27b,0x0195BD50
0x01ECB060,hkbAttachmentModifier::deactivate,221-PDB-bytesig-port,488015e2010308bfa164d3720cb618deea7e1c098b1d61af530d258a6f17d27b,0x019B7480
0x01ECB140,hkbAttachmentModifier::isValid,221-PDB-bytesig-port,488015e2010308bfa164d3720cb618deea7e1c098b1d61af530d258a6f17d27b,0x019B7560
0x01ECC990,hkbBlendingTransitionEffect::cloneNode,221-PDB-bytesig-port,488015e2010308bfa164d3720cb618deea7e1c098b1d61af530d258a6f17d27b,0x019B8640
0x01ECD840,hkbBlendingTransitionEffect::getFromGeneratorSyncInfo,221-PDB-bytesig-port,488015e2010308bfa164d3720cb618deea7e1c098b1d61af530d258a6f17d27b,0x019B9490
0x01ECEB40,hkbDampingModifier::cloneNode,221-PDB-bytesig-port,488015e2010308bfa164d3720cb618deea7e1c098b1d61af530d258a6f17d27b,0x019BA4E0
0x01ECEF90,hkbDelayedModifier::modifySyncInfo,221-PDB-bytesig-port,488015e2010308bfa164d3720cb618deea7e1c098b1d61af530d258a6f17d27b,0x019BA8B0
0x01ECFAD0,hkbDockingGenerator::getChildren,221-PDB-bytesig-port,488015e2010308bfa164d3720cb618deea7e1c098b1d61af530d258a6f17d27b,0x019BB300
0x01ED3870,hkbEventDrivenModifier::handleEvent,221-PDB-bytesig-port,488015e2010308bfa164d3720cb618deea7e1c098b1d61af530d258a6f17d27b,0x019BE180
0x01ED39F0,hkbEventDrivenModifier::modifySyncInfo,221-PDB-bytesig-port,488015e2010308bfa164d3720cb618deea7e1c098b1d61af530d258a6f17d27b,0x019BE300
0x01ED3C80,hkpSpringDamperConstraintMotor::clone,221-PDB-bytesig-port,488015e2010308bfa164d3720cb618deea7e1c098b1d61af530d258a6f17d27b,0x019608A0
0x01ED5630,hkbExtrapolatingTransitionEffect::update,221-PDB-bytesig-port,488015e2010308bfa164d3720cb618deea7e1c098b1d61af530d258a6f17d27b,0x019BF400
0x01ED5950,hkbExtrapolatingTransitionEffect::cloneNode,221-PDB-bytesig-port,488015e2010308bfa164d3720cb618deea7e1c098b1d61af530d258a6f17d27b,0x019BF710
0x01ED6AF0,hkbExtrapolatingTransitionEffect::computePartitionInfo,221-PDB-bytesig-port,488015e2010308bfa164d3720cb618deea7e1c098b1d61af530d258a6f17d27b,0x019C07F0
0x01ED6BB0,hkbExtrapolatingTransitionEffect::isSyncable,221-PDB-bytesig-port,488015e2010308bfa164d3720cb618deea7e1c098b1d61af530d258a6f17d27b,0x019C08B0
0x01ED6CC0,hkbExtrapolatingTransitionEffect::getFromGeneratorSyncInfo,221-PDB-bytesig-port,488015e2010308bfa164d3720cb618deea7e1c098b1d61af530d258a6f17d27b,0x019C09C0
0x01ED7A00,hkbFootIkControlsModifier::activate,221-PDB-bytesig-port,488015e2010308bfa164d3720cb618deea7e1c098b1d61af530d258a6f17d27b,0x019C1600
0x01ED9250,hkbFootIkModifier::isValid,221-PDB-bytesig-port,488015e2010308bfa164d3720cb618deea7e1c098b1d61af530d258a6f17d27b,0x019C2550
0x01EDDA60,hkbGetHandleOnBoneModifier::activate,221-PDB-bytesig-port,488015e2010308bfa164d3720cb618deea7e1c098b1d61af530d258a6f17d27b,0x019C5C20
0x01EDF8F0,hkbHandIkControlsModifier::isValid,221-PDB-bytesig-port,488015e2010308bfa164d3720cb618deea7e1c098b1d61af530d258a6f17d27b,0x019C79A0
0x01EE58C0,hkbJigglerGroup::collectBindables,221-PDB-bytesig-port,488015e2010308bfa164d3720cb618deea7e1c098b1d61af530d258a6f17d27b,0x019CA5E0
0x01EE6180,hkbJigglerModifier::isValid,221-PDB-bytesig-port,488015e2010308bfa164d3720cb618deea7e1c098b1d61af530d258a6f17d27b,0x019CABB0
0x01EEE8C0,hkbManualSelectorTransitionEffect::getChildren,221-PDB-bytesig-port,488015e2010308bfa164d3720cb618deea7e1c098b1d61af530d258a6f17d27b,0x019D1A40
0x01EEEB10,hkbManualSelectorTransitionEffect::cloneNode,221-PDB-bytesig-port,488015e2010308bfa164d3720cb618deea7e1c098b1d61af530d258a6f17d27b,0x019D1CA0
0x01EEFB00,hkbModifierGenerator::isValid,221-PDB-bytesig-port,488015e2010308bfa164d3720cb618deea7e1c098b1d61af530d258a6f17d27b,0x019D27B0
0x01EF1490,hkbMoveBoneAttachmentModifier::isValid,221-PDB-bytesig-port,488015e2010308bfa164d3720cb618deea7e1c098b1d61af530d258a6f17d27b,0x019D3A80
0x01EF1D60,hkbPoweredRagdollControlsModifier::collectBindables,221-PDB-bytesig-port,488015e2010308bfa164d3720cb618deea7e1c098b1d61af530d258a6f17d27b,0x019D4300
0x01EF2420,hkbRigidBodyRagdollControlsModifier::collectBindables,221-PDB-bytesig-port,488015e2010308bfa164d3720cb618deea7e1c098b1d61af530d258a6f17d27b,0x019D4A20
0x01EF2D70,hkbScriptGenerator::getChildren,221-PDB-bytesig-port,488015e2010308bfa164d3720cb618deea7e1c098b1d61af530d258a6f17d27b,0x019D51E0
0x01EF3890,hkbSenseHandleModifier::deactivate,221-PDB-bytesig-port,488015e2010308bfa164d3720cb618deea7e1c098b1d61af530d258a6f17d27b,0x019D5E20
0x01EF3B20,hkbSenseHandleModifier::modify,221-PDB-bytesig-port,488015e2010308bfa164d3720cb618deea7e1c098b1d61af530d258a6f17d27b,0x019D60B0
0x01EF88C0,hkMemoryResourceContainer::destroyResource,221-PDB-bytesig-port,488015e2010308bfa164d3720cb618deea7e1c098b1d61af530d258a6f17d27b,0x019622C0
0x01EF8A20,hkMemoryResourceContainer::createContainer,221-PDB-bytesig-port,488015e2010308bfa164d3720cb618deea7e1c098b1d61af530d258a6f17d27b,0x01962430
0x01EF8B90,hkMemoryResourceContainer::destroyContainer,221-PDB-bytesig-port,488015e2010308bfa164d3720cb618deea7e1c098b1d61af530d258a6f17d27b,0x019625A0
0x01EF9230,hkContainerResourceMap::findObjectByName,221-PDB-bytesig-port,488015e2010308bfa164d3720cb618deea7e1c098b1d61af530d258a6f17d27b,0x01962C80
0x01F0EEB0,BGSMod::Template::Items::CreateInstanceDataForObjectAndExtra,AE-bytesig-port,e555c6c0e7aba3e9e4801c2e5e11e3a76b42ce080683b4b9c1cf074c2030b737,0x00254DD0
0x01F4B4E0,hkbCustomTestGenerator::collectBindables,221-PDB-bytesig-port,488015e2010308bfa164d3720cb618deea7e1c098b1d61af530d258a6f17d27b,0x019DF0E0
0x01F4B540,hkbCustomTestGenerator::cloneNode,221-PDB-bytesig-port,488015e2010308bfa164d3720cb618deea7e1c098b1d61af530d258a6f17d27b,0x019DF140
0x01F50DB0,hkbBlendingTransitionEffect::createInternalState,221-PDB-bytesig-port,488015e2010308bfa164d3720cb618deea7e1c098b1d61af530d258a6f17d27b,0x019E1C70
0x01F51220,hkbHoldFromBlendingTransitionEffect::deactivate,221-PDB-bytesig-port,488015e2010308bfa164d3720cb618deea7e1c098b1d61af530d258a6f17d27b,0x019E2090
0x01F513B0,hkbHoldFromBlendingTransitionEffect::cloneNode,221-PDB-bytesig-port,488015e2010308bfa164d3720cb618deea7e1c098b1d61af530d258a6f17d27b,0x019E2210
0x01F51F00,hkbPinBonesGenerator::collectBindables,221-PDB-bytesig-port,488015e2010308bfa164d3720cb618deea7e1c098b1d61af530d258a6f17d27b,0x019E2DE0
0x01F51F50,hkbPinBonesGenerator::getChildren,221-PDB-bytesig-port,488015e2010308bfa164d3720cb618deea7e1c098b1d61af530d258a6f17d27b,0x019E2E30
0x01F52060,hkbPinBonesGenerator::isValid,221-PDB-bytesig-port,488015e2010308bfa164d3720cb618deea7e1c098b1d61af530d258a6f17d27b,0x019E2F40
0x01F52990,hkbHoldFromBlendingTransitionEffect::updateSync,221-PDB-bytesig-port,488015e2010308bfa164d3720cb618deea7e1c098b1d61af530d258a6f17d27b,0x019E2610
0x01F52D60,hkbPoseStoringGeneratorOutputListener::handleOutput,221-PDB-bytesig-port,488015e2010308bfa164d3720cb618deea7e1c098b1d61af530d258a6f17d27b,0x019E3C10
0x01F581A0,hkStorageSkinnedMeshShape::addBoneSet,221-PDB-bytesig-port,488015e2010308bfa164d3720cb618deea7e1c098b1d61af530d258a6f17d27b,0x01991C50
0x01F5CF40,BSAssignVariablesModifier::cloneNode,221-PDB-bytesig-port,488015e2010308bfa164d3720cb618deea7e1c098b1d61af530d258a6f17d27b,0x019E6BD0
0x01F5D620,hkMemoryMeshTexture::createSampler,221-PDB-bytesig-port,488015e2010308bfa164d3720cb618deea7e1c098b1d61af530d258a6f17d27b,0x01993BA0
0x01F5DC30,hkMemoryMeshVertexBuffer::lock,221-PDB-bytesig-port,488015e2010308bfa164d3720cb618deea7e1c098b1d61af530d258a6f17d27b,0x01993F90
0x01F5DDC0,hkMemoryMeshVertexBuffer::clone,221-PDB-bytesig-port,488015e2010308bfa164d3720cb618deea7e1c098b1d61af530d258a6f17d27b,0x01994120
0x01F5E950,BSBoneSwitchGenerator::getChildren,221-PDB-bytesig-port,488015e2010308bfa164d3720cb618deea7e1c098b1d61af530d258a6f17d27b,0x019E7320
0x01F5FA20,hkMultipleVertexBuffer::clone,221-PDB-bytesig-port,488015e2010308bfa164d3720cb618deea7e1c098b1d61af530d258a6f17d27b,0x01994E50
0x01F5FAC0,hkMultipleVertexBuffer::lock,221-PDB-bytesig-port,488015e2010308bfa164d3720cb618deea7e1c098b1d61af530d258a6f17d27b,0x01994EF0
0x01F63D10,BSCyclicBlendTransitionGenerator::activate,221-PDB-bytesig-port,488015e2010308bfa164d3720cb618deea7e1c098b1d61af530d258a6f17d27b,0x019E8850
0x01F643B0,BSCyclicBlendTransitionGenerator::cloneNode,221-PDB-bytesig-port,488015e2010308bfa164d3720cb618deea7e1c098b1d61af530d258a6f17d27b,0x019E8E40
0x01F65B60,BSDirectAtModifier::cloneNode,221-PDB-bytesig-port,488015e2010308bfa164d3720cb618deea7e1c098b1d61af530d258a6f17d27b,0x019EA3C0
0x01F66B70,BSEventEveryNEventsModifier::isValid,221-PDB-bytesig-port,488015e2010308bfa164d3720cb618deea7e1c098b1d61af530d258a6f17d27b,0x019EB200
0x01F67030,BSEventOnDeactivateModifier::deactivate,221-PDB-bytesig-port,488015e2010308bfa164d3720cb618deea7e1c098b1d61af530d258a6f17d27b,0x019EB670
0x01F67660,BSEventOnFalseToTrueModifier::isValid,221-PDB-bytesig-port,488015e2010308bfa164d3720cb618deea7e1c098b1d61af530d258a6f17d27b,0x019EBD00
0x01F6ACD0,BSLimbIKModifier::isValid,221-PDB-bytesig-port,488015e2010308bfa164d3720cb618deea7e1c098b1d61af530d258a6f17d27b,0x019EDF30
0x01F6D280,BSLookAtModifier::cloneNode,221-PDB-bytesig-port,488015e2010308bfa164d3720cb618deea7e1c098b1d61af530d258a6f17d27b,0x019F0410
0x01F6FB90,hkpCallbackConstraintMotor::clone,221-PDB-bytesig-port,488015e2010308bfa164d3720cb618deea7e1c098b1d61af530d258a6f17d27b,0x01996A80
0x01F70070,BSOffsetAnimationGenerator::isValid,221-PDB-bytesig-port,488015e2010308bfa164d3720cb618deea7e1c098b1d61af530d258a6f17d27b,0x019F2BF0
0x01F72790,BSRandomAlarmModifier::isValid,221-PDB-bytesig-port,488015e2010308bfa164d3720cb618deea7e1c098b1d61af530d258a6f17d27b,0x019F4930
0x01F72CC0,BSRetargetBodyBlend::getChildren,221-PDB-bytesig-port,488015e2010308bfa164d3720cb618deea7e1c098b1d61af530d258a6f17d27b,0x019F4E10
0x01F72D40,BSRetargetBodyBlend::isValid,221-PDB-bytesig-port,488015e2010308bfa164d3720cb618deea7e1c098b1d61af530d258a6f17d27b,0x019F4E90
0x01F73830,hkpLinearClearanceConstraintData::isValid,221-PDB-bytesig-port,488015e2010308bfa164d3720cb618deea7e1c098b1d61af530d258a6f17d27b,0x01997AD0
0x01F7EA60,hclBonePlanesConstraintSet::apply,221-PDB-bytesig-port,488015e2010308bfa164d3720cb618deea7e1c098b1d61af530d258a6f17d27b,0x019FC6C0
0x01F8F240,hclTransformSetDefinition::checkTransformSetValidity,221-PDB-bytesig-port,488015e2010308bfa164d3720cb618deea7e1c098b1d61af530d258a6f17d27b,0x01A082A0
0x01F931D0,hknpLodShape::buildSurfaceGeometry,221-PDB-bytesig-port,488015e2010308bfa164d3720cb618deea7e1c098b1d61af530d258a6f17d27b,0x0199BE80
0x01F95AE0,hknpVehicleDriverInputAnalogStatus::clone,221-PDB-bytesig-port,488015e2010308bfa164d3720cb618deea7e1c098b1d61af530d258a6f17d27b,0x0199D920
0x01F964F0,hknpVehicleDefaultEngine::calcEngineInfo,221-PDB-bytesig-port,488015e2010308bfa164d3720cb618deea7e1c098b1d61af530d258a6f17d27b,0x0199E140
0x01F96750,hknpVehicleDefaultSteering::calcMainSteeringAngle,221-PDB-bytesig-port,488015e2010308bfa164d3720cb618deea7e1c098b1d61af530d258a6f17d27b,0x0199E350
0x01F96AA0,hknpVehicleDefaultTransmission::calcTransmission,221-PDB-bytesig-port,488015e2010308bfa164d3720cb618deea7e1c098b1d61af530d258a6f17d27b,0x0199E650
0x01F96BD0,hknpVehicleDefaultTransmission::calcMainTransmittedTorque,221-PDB-bytesig-port,488015e2010308bfa164d3720cb618deea7e1c098b1d61af530d258a6f17d27b,0x0199E770
0x01F97980,hknpVehicleInstance::applyAction,221-PDB-bytesig-port,488015e2010308bfa164d3720cb618deea7e1c098b1d61af530d258a6f17d27b,0x0199F4E0
0x01F9C050,hknpVehicleLinearCastWheelCollide::updateBeforeCollisionDetection,221-PDB-bytesig-port,488015e2010308bfa164d3720cb618deea7e1c098b1d61af530d258a6f17d27b,0x019A2FB0
0x01F9C8D0,hknpVehicleLinearCastWheelCollide::getCollisionOutputFromCastResult,221-PDB-bytesig-port,488015e2010308bfa164d3720cb618deea7e1c098b1d61af530d258a6f17d27b,0x019A3810
0x01F9EB50,hkaDefaultAnimatedReferenceFrame::getDeltaReferenceFrame,221-PDB-bytesig-port,488015e2010308bfa164d3720cb618deea7e1c098b1d61af530d258a6f17d27b,0x019A5590
0x01FCB0B0,hkbDampingModifier::createInternalState,221-PDB-bytesig-port,488015e2010308bfa164d3720cb618deea7e1c098b1d61af530d258a6f17d27b,0x01A55A50
0x01FCD4B0,hkbLayerGenerator::createInternalState,221-PDB-bytesig-port,488015e2010308bfa164d3720cb618deea7e1c098b1d61af530d258a6f17d27b,0x01A577C0
0x01FD2710,hkbManualSelectorGenerator::createInternalState,221-PDB-bytesig-port,488015e2010308bfa164d3720cb618deea7e1c098b1d61af530d258a6f17d27b,0x01A5B3F0
0x01FE30D0,hkcdPlanarGeometry::extractGeometry,221-PDB-bytesig-port,488015e2010308bfa164d3720cb618deea7e1c098b1d61af530d258a6f17d27b,0x0196E820
0x020164E0,hkaPredictiveCompressedAnimation::sampleTracks,221-PDB-bytesig-port,488015e2010308bfa164d3720cb618deea7e1c098b1d61af530d258a6f17d27b,0x01A42B40
0x0203A890,Scaleform::SysAlloc::initHeapEngine,221-PDB-bytesig-port,488015e2010308bfa164d3720cb618deea7e1c098b1d61af530d258a6f17d27b,0x01A79C80
0x02040960,Scaleform::System::Init,221-PDB-bytesig-port,488015e2010308bfa164d3720cb618deea7e1c098b1d61af530d258a6f17d27b,0x01A7E990
0x020417B0,Scaleform::GFx::StateBag::OpenFileEx,221-PDB-bytesig-port,488015e2010308bfa164d3720cb618deea7e1c098b1d61af530d258a6f17d27b,0x01A7F5A0
0x020418E0,Scaleform::GFx::StateBag::SetState,221-PDB-bytesig-port,488015e2010308bfa164d3720cb618deea7e1c098b1d61af530d258a6f17d27b,0x01A7F6B0
0x0204CB10,UIMessageQueue::UIMessageQueue,221-PDB-bytesig-port,488015e2010308bfa164d3720cb618deea7e1c098b1d61af530d258a6f17d27b,0x01A89100
0x0204D890,BSScaleformRenderer::BeginFrame,221-PDB-bytesig-port,488015e2010308bfa164d3720cb618deea7e1c098b1d61af530d258a6f17d27b,0x01A89E20
0x0204D910,BSScaleformRenderer::BeginScene,221-PDB-bytesig-port,488015e2010308bfa164d3720cb618deea7e1c098b1d61af530d258a6f17d27b,0x01A89EA0
0x020A8060,Scaleform::GFx::Value::ObjectInterface::GetMember,221-PDB-bytesig-port,488015e2010308bfa164d3720cb618deea7e1c098b1d61af530d258a6f17d27b,0x01AC8620
0x020C74F0,Scaleform::GFx::Value::ObjectInterface::RemoveElements,221-PDB-bytesig-port,488015e2010308bfa164d3720cb618deea7e1c098b1d61af530d258a6f17d27b,0x01AE09B0
0x020D05E0,Scaleform::GFx::Value::ObjectInterface::SetMember,221-PDB-bytesig-port,488015e2010308bfa164d3720cb618deea7e1c098b1d61af530d258a6f17d27b,0x01AE6A40
0x020D05E0,Scaleform::GFx::Value::ObjectInterface::SetMember,AE-bytesig-port,e555c6c0e7aba3e9e4801c2e5e11e3a76b42ce080683b4b9c1cf074c2030b737,0x01AE6920
0x020DAA10,Scaleform::Render::Image::Update,221-PDB-bytesig-port,488015e2010308bfa164d3720cb618deea7e1c098b1d61af530d258a6f17d27b,0x01AEFEF0
0x020E00D0,hkSerializeUtil::saveTagfile,221-PDB-bytesig-port,488015e2010308bfa164d3720cb618deea7e1c098b1d61af530d258a6f17d27b,0x01294050
0x020F13B0,BSGFxObject::AcquireFlashObjectByMemberName,221-PDB-bytesig-port,488015e2010308bfa164d3720cb618deea7e1c098b1d61af530d258a6f17d27b,0x01B03870
0x020F13B0,BSGFxObject::AcquireFlashObjectByMemberName,AE-bytesig-port,e555c6c0e7aba3e9e4801c2e5e11e3a76b42ce080683b4b9c1cf074c2030b737,0x01B03750
0x0210DB90,BSGFxDisplayObject::GetBlendedAlpha,221-PDB-bytesig-port,488015e2010308bfa164d3720cb618deea7e1c098b1d61af530d258a6f17d27b,0x01B17F60
0x0210EED0,IMenu::AdvanceMovie,221-PDB-bytesig-port,488015e2010308bfa164d3720cb618deea7e1c098b1d61af530d258a6f17d27b,0x01B18FD0
0x0210EED0,IMenu::AdvanceMovie,AE-bytesig-port,e555c6c0e7aba3e9e4801c2e5e11e3a76b42ce080683b4b9c1cf074c2030b737,0x01B18EB0
0x0210F0D0,IMenu::OnSetSafeRect,221-PDB-bytesig-port,488015e2010308bfa164d3720cb618deea7e1c098b1d61af530d258a6f17d27b,0x01B191D0
0x0210F0D0,IMenu::OnSetSafeRect,AE-bytesig-port,e555c6c0e7aba3e9e4801c2e5e11e3a76b42ce080683b4b9c1cf074c2030b737,0x01B190B0
0x0210F310,IMenu::PassesRenderConditionText,221-PDB-bytesig-port,488015e2010308bfa164d3720cb618deea7e1c098b1d61af530d258a6f17d27b,0x01B19420
0x0210F310,IMenu::PassesRenderConditionText,AE-bytesig-port,e555c6c0e7aba3e9e4801c2e5e11e3a76b42ce080683b4b9c1cf074c2030b737,0x01B19300
0x0210F550,IMenu::OnMenuStackChanged,221-PDB-bytesig-port,488015e2010308bfa164d3720cb618deea7e1c098b1d61af530d258a6f17d27b,0x01B19660
0x021100B0,SWFToCodeFunctionHandler::RegisterCodeObject,221-PDB-bytesig-port,488015e2010308bfa164d3720cb618deea7e1c098b1d61af530d258a6f17d27b,0x01B1A160
0x021100B0,SWFToCodeFunctionHandler::RegisterCodeObject,AE-bytesig-port,e555c6c0e7aba3e9e4801c2e5e11e3a76b42ce080683b4b9c1cf074c2030b737,0x01B1A040
0x02114B50,BSScaleformFileOpener::FlushReleases,221-PDB-bytesig-port,488015e2010308bfa164d3720cb618deea7e1c098b1d61af530d258a6f17d27b,0x01B1E3F0
0x0211ACD0,DebugText::PrintX,221-PDB-bytesig-port,488015e2010308bfa164d3720cb618deea7e1c098b1d61af530d258a6f17d27b,0x01B22260
0x02123E60,Scaleform::String::AllocDataCopy1,221-PDB-bytesig-port,488015e2010308bfa164d3720cb618deea7e1c098b1d61af530d258a6f17d27b,0x01B2AE90
0x02129FC0,Scaleform::GFx::StateBag::GetLog,221-PDB-bytesig-port,488015e2010308bfa164d3720cb618deea7e1c098b1d61af530d258a6f17d27b,0x01B308B0
0x0212A020,Scaleform::GFx::StateBag::GetLogState,221-PDB-bytesig-port,488015e2010308bfa164d3720cb618deea7e1c098b1d61af530d258a6f17d27b,0x01B30910
0x0212A080,Scaleform::GFx::LogState::LogMessageVarg,221-PDB-bytesig-port,488015e2010308bfa164d3720cb618deea7e1c098b1d61af530d258a6f17d27b,0x01B30970
0x02138E40,Scaleform::Render::TextureManager::BeginFrame,221-PDB-bytesig-port,488015e2010308bfa164d3720cb618deea7e1c098b1d61af530d258a6f17d27b,0x01B3B0C0
0x0213C580,Scaleform::Render::Image::SetMatrix,221-PDB-bytesig-port,488015e2010308bfa164d3720cb618deea7e1c098b1d61af530d258a6f17d27b,0x01B3E2B0
0x0213C610,Scaleform::Render::Image::SetMatrixInverse,221-PDB-bytesig-port,488015e2010308bfa164d3720cb618deea7e1c098b1d61af530d258a6f17d27b,0x01B3E340
0x02140B20,Scaleform::Render::ContextImpl::Context::RemoveCaptureNotify,221-PDB-bytesig-port,488015e2010308bfa164d3720cb618deea7e1c098b1d61af530d258a6f17d27b,0x01B42200
0x02141880,Scaleform::Render::ContextImpl::Entry::getWritableData,221-PDB-bytesig-port,488015e2010308bfa164d3720cb618deea7e1c098b1d61af530d258a6f17d27b,0x01B43020
0x02143660,Scaleform::Render::D3D1x::TextureManager::CreateDepthStencilSurface,221-PDB-bytesig-port,488015e2010308bfa164d3720cb618deea7e1c098b1d61af530d258a6f17d27b,0x01B44B00
0x021CE3E0,Scaleform::Render::TreeNodeArray::Insert,221-PDB-bytesig-port,488015e2010308bfa164d3720cb618deea7e1c098b1d61af530d258a6f17d27b,0x01BB9740
0x021CFA00,Scaleform::Render::TreeRoot::SetViewport,221-PDB-bytesig-port,488015e2010308bfa164d3720cb618deea7e1c098b1d61af530d258a6f17d27b,0x01BBAE20
0x0227FFA0,Scaleform::Render::Text::StyledText::SetDefaultParagraphFormat,221-PDB-bytesig-port,488015e2010308bfa164d3720cb618deea7e1c098b1d61af530d258a6f17d27b,0x01C4A390
0x0228A840,Scaleform::Render::Text::DocView::GetViewRect,AE-bytesig-port,e555c6c0e7aba3e9e4801c2e5e11e3a76b42ce080683b4b9c1cf074c2030b737,0x01C52E60
0x02294380,Scaleform::GFx::TextField::GetPosition,AE-bytesig-port,e555c6c0e7aba3e9e4801c2e5e11e3a76b42ce080683b4b9c1cf074c2030b737,0x01C59710
0x022EAEE0,Scaleform::GFx::DrawTextManager::CheckFontStatesChange,221-PDB-bytesig-port,488015e2010308bfa164d3720cb618deea7e1c098b1d61af530d258a6f17d27b,0x01C9F590
0x022ED700,Scaleform::GFx::DrawTextManager::SwapDepths,221-PDB-bytesig-port,488015e2010308bfa164d3720cb618deea7e1c098b1d61af530d258a6f17d27b,0x01CA1BD0
0x022EFF30,Scaleform::SysAllocMapper::reserveSegment,221-PDB-bytesig-port,488015e2010308bfa164d3720cb618deea7e1c098b1d61af530d258a6f17d27b,0x01CA40C0
0x022F0310,Scaleform::GFx::FileOpener::OpenFileEx,221-PDB-bytesig-port,488015e2010308bfa164d3720cb618deea7e1c098b1d61af530d258a6f17d27b,0x01CEC3B0
0x0233D680,Scaleform::Render::RBGenericImpl::RenderBufferManager::Destroy,221-PDB-bytesig-port,488015e2010308bfa164d3720cb618deea7e1c098b1d61af530d258a6f17d27b,0x01CEB5B0
0x0233D800,Scaleform::Render::RBGenericImpl::RenderBufferManager::Initialize,221-PDB-bytesig-port,488015e2010308bfa164d3720cb618deea7e1c098b1d61af530d258a6f17d27b,0x01CEB6F0
0x0233DB30,Scaleform::Render::RBGenericImpl::RenderBufferManager::Reset,221-PDB-bytesig-port,488015e2010308bfa164d3720cb618deea7e1c098b1d61af530d258a6f17d27b,0x01CEB930
0x023EA600,ModManagerPluginUtility::GetManifestFilepath,221-PDB-bytesig-port,488015e2010308bfa164d3720cb618deea7e1c098b1d61af530d258a6f17d27b,0x00BCAC00
0x024841C0,MoviePlayer::Stop,221-PDB-bytesig-port,488015e2010308bfa164d3720cb618deea7e1c098b1d61af530d258a6f17d27b,0x01DEBEC0
0x02484220,MoviePlayer::ClearPreloaded,221-PDB-bytesig-port,488015e2010308bfa164d3720cb618deea7e1c098b1d61af530d258a6f17d27b,0x01DEBF20
0x02484540,MoviePlayer::WaitForSequenceToBegin,221-PDB-bytesig-port,488015e2010308bfa164d3720cb618deea7e1c098b1d61af530d258a6f17d27b,0x01DEC220
0x02484580,MoviePlayer::CalculateScale,221-PDB-bytesig-port,488015e2010308bfa164d3720cb618deea7e1c098b1d61af530d258a6f17d27b,0x01DEC260
0x024846D0,MoviePlayer::MovieLoadingThread,221-PDB-bytesig-port,488015e2010308bfa164d3720cb618deea7e1c098b1d61af530d258a6f17d27b,0x01DEC3B0
0x024847C0,MoviePlayer::MovieLoadingThreadWithSettings,221-PDB-bytesig-port,488015e2010308bfa164d3720cb618deea7e1c098b1d61af530d258a6f17d27b,0x01DEC4A0
0x0248A890,BSPathingLocation::QValid,221-PDB-bytesig-port,488015e2010308bfa164d3720cb618deea7e1c098b1d61af530d258a6f17d27b,0x01DF16A0
0x0248B130,BSPathingLocation::Read,221-PDB-bytesig-port,488015e2010308bfa164d3720cb618deea7e1c098b1d61af530d258a6f17d27b,0x01DF1F10
0x0248B320,BSPathingLocation::SetupData,221-PDB-bytesig-port,488015e2010308bfa164d3720cb618deea7e1c098b1d61af530d258a6f17d27b,0x01DF2110
0x0248B320,BSPathingLocation::SetupData,AE-bytesig-port,e555c6c0e7aba3e9e4801c2e5e11e3a76b42ce080683b4b9c1cf074c2030b737,0x01DF1FF0
0x0249C8E0,BSPathingSolution::Clear,221-PDB-bytesig-port,488015e2010308bfa164d3720cb618deea7e1c098b1d61af530d258a6f17d27b,0x01E00F20
0x0249D2E0,BSPathingSolution::ComputeTotalPathLength,221-PDB-bytesig-port,488015e2010308bfa164d3720cb618deea7e1c098b1d61af530d258a6f17d27b,0x01E01920
0x0249F330,BSPathingSolution::ComputeDistanceFromPathAndGoal,221-PDB-bytesig-port,488015e2010308bfa164d3720cb618deea7e1c098b1d61af530d258a6f17d27b,0x01E03AF0
0x024A45C0,BSActorPathingMessageQueue::TryPush,221-PDB-bytesig-port,488015e2010308bfa164d3720cb618deea7e1c098b1d61af530d258a6f17d27b,0x01E080F0
0x024A4AB0,AnimationFileManagerSingleton::GetBindingForDynamicClipImpl,221-PDB-bytesig-port,488015e2010308bfa164d3720cb618deea7e1c098b1d61af530d258a6f17d27b,0x013686F0
0x024A5040,BSPathManager::Update,221-PDB-bytesig-port,488015e2010308bfa164d3720cb618deea7e1c098b1d61af530d258a6f17d27b,0x01E08F10
0x024A75F0,PathManagerImpl::GetRayCastPath,221-PDB-bytesig-port,488015e2010308bfa164d3720cb618deea7e1c098b1d61af530d258a6f17d27b,0x01E0B750
0x024A7730,PathManagerImpl::GetRayCastPathToNavmesh,221-PDB-bytesig-port,488015e2010308bfa164d3720cb618deea7e1c098b1d61af530d258a6f17d27b,0x01E0B860
0x024A7880,PathManagerImpl::QueueHavokPathRequest,221-PDB-bytesig-port,488015e2010308bfa164d3720cb618deea7e1c098b1d61af530d258a6f17d27b,0x01E0B980
0x024AC7E0,BSNavmesh::BSNavmesh,221-PDB-bytesig-port,488015e2010308bfa164d3720cb618deea7e1c098b1d61af530d258a6f17d27b,0x01E0E170
0x024AC7E0,BSNavmesh::BSNavmesh,AE-bytesig-port,e555c6c0e7aba3e9e4801c2e5e11e3a76b42ce080683b4b9c1cf074c2030b737,0x01E0E050
0x024AD090,BSNavmesh::GetTriangle,221-PDB-bytesig-port,488015e2010308bfa164d3720cb618deea7e1c098b1d61af530d258a6f17d27b,0x01E0EA40
0x024B0090,BSNavmesh::GetVerticesForTriangles,221-PDB-bytesig-port,488015e2010308bfa164d3720cb618deea7e1c098b1d61af530d258a6f17d27b,0x01E124B0
0x024B01E0,BSNavmesh::GetExtraEdgeInfoForTriangles,221-PDB-bytesig-port,488015e2010308bfa164d3720cb618deea7e1c098b1d61af530d258a6f17d27b,0x01E12600
0x024B4E90,BSNavmesh::FindNextSphereIntersectingEdge,221-PDB-bytesig-port,488015e2010308bfa164d3720cb618deea7e1c098b1d61af530d258a6f17d27b,0x01E17AA0
0x024B9480,IntersectionCompareFunction,221-PDB-bytesig-port,488015e2010308bfa164d3720cb618deea7e1c098b1d61af530d258a6f17d27b,0x01E1C500
0x024CAE70,BSPathingNode::Read,221-PDB-bytesig-port,488015e2010308bfa164d3720cb618deea7e1c098b1d61af530d258a6f17d27b,0x01E28350
0x024F6000,MovementMessageFreezeDirection::Write,221-PDB-bytesig-port,488015e2010308bfa164d3720cb618deea7e1c098b1d61af530d258a6f17d27b,0x01E4AF30
0x024F67C0,MovementTweenerArbiter::UnregisterWithController,221-PDB-bytesig-port,488015e2010308bfa164d3720cb618deea7e1c098b1d61af530d258a6f17d27b,0x01E4B640
0x024FB880,BSVirtualPathingNode::Write,221-PDB-bytesig-port,488015e2010308bfa164d3720cb618deea7e1c098b1d61af530d258a6f17d27b,0x01E4FA80
0x024FF2F0,MovementPathManagerArbiter::UnregisterWithController,221-PDB-bytesig-port,488015e2010308bfa164d3720cb618deea7e1c098b1d61af530d258a6f17d27b,0x01E52A30
0x024FF580,MovementPathManagerArbiter::RemoveAllAgents,221-PDB-bytesig-port,488015e2010308bfa164d3720cb618deea7e1c098b1d61af530d258a6f17d27b,0x01E52CB0
0x024FFFD0,MovementPathManagerArbiter::SaveGame,221-PDB-bytesig-port,488015e2010308bfa164d3720cb618deea7e1c098b1d61af530d258a6f17d27b,0x01E536E0
0x025027A0,MovementAgentActorState::UnregisterWithController,221-PDB-bytesig-port,488015e2010308bfa164d3720cb618deea7e1c098b1d61af530d258a6f17d27b,0x01E55430
0x02502820,MovementAgentActorState::Init,221-PDB-bytesig-port,488015e2010308bfa164d3720cb618deea7e1c098b1d61af530d258a6f17d27b,0x01E554B0
0x02504810,MovementAgentPathFollowerStandard::Init,221-PDB-bytesig-port,488015e2010308bfa164d3720cb618deea7e1c098b1d61af530d258a6f17d27b,0x01E57550
0x025048F0,MovementAgentPathFollowerStandard::UnregisterWithController,221-PDB-bytesig-port,488015e2010308bfa164d3720cb618deea7e1c098b1d61af530d258a6f17d27b,0x01E575F0
0x02507150,MovementAgentPathFollowerStandard::SaveGame,221-PDB-bytesig-port,488015e2010308bfa164d3720cb618deea7e1c098b1d61af530d258a6f17d27b,0x01E5A640
0x0250C970,BSNavmeshGrid::SetBoundingExtents,221-PDB-bytesig-port,488015e2010308bfa164d3720cb618deea7e1c098b1d61af530d258a6f17d27b,0x01E5F2D0
0x0250EDB0,BSNavmeshInfo::GetNavMesh,221-PDB-bytesig-port,488015e2010308bfa164d3720cb618deea7e1c098b1d61af530d258a6f17d27b,0x01E613D0
0x0250EDB0,BSNavmeshInfo::GetNavMesh,AE-bytesig-port,e555c6c0e7aba3e9e4801c2e5e11e3a76b42ce080683b4b9c1cf074c2030b737,0x01E612B0
0x02510070,BSNavmeshTriangleDoorPortal::Write,221-PDB-bytesig-port,488015e2010308bfa164d3720cb618deea7e1c098b1d61af530d258a6f17d27b,0x01E621C0
0x0251CFB0,BSPathingLOSGridCell::Write,221-PDB-bytesig-port,488015e2010308bfa164d3720cb618deea7e1c098b1d61af530d258a6f17d27b,0x01E6D610
0x0252E4D0,MovementPathManagerAgentStaticAvoider::UnregisterWithController,221-PDB-bytesig-port,488015e2010308bfa164d3720cb618deea7e1c098b1d61af530d258a6f17d27b,0x01E7A900
0x02534B90,MovementMessageDoor::Read,221-PDB-bytesig-port,488015e2010308bfa164d3720cb618deea7e1c098b1d61af530d258a6f17d27b,0x01E7F380
0x02537FF0,MovementMessagePlayIdle::Write,221-PDB-bytesig-port,488015e2010308bfa164d3720cb618deea7e1c098b1d61af530d258a6f17d27b,0x01E81DB0
0x025394E0,MovementPostUpdateArbiter::UnregisterWithController,221-PDB-bytesig-port,488015e2010308bfa164d3720cb618deea7e1c098b1d61af530d258a6f17d27b,0x01E82D50
0x02539530,MovementPostUpdateArbiter::Init,221-PDB-bytesig-port,488015e2010308bfa164d3720cb618deea7e1c098b1d61af530d258a6f17d27b,0x01E82DA0
0x0253B240,MovementPlannerArbiter::Activate,221-PDB-bytesig-port,488015e2010308bfa164d3720cb618deea7e1c098b1d61af530d258a6f17d27b,0x01E84380
0x0253B6F0,MovementPlannerArbiter::SaveGame,221-PDB-bytesig-port,488015e2010308bfa164d3720cb618deea7e1c098b1d61af530d258a6f17d27b,0x01E84880
0x0253B780,PathingTaskData::Process,221-PDB-bytesig-port,488015e2010308bfa164d3720cb618deea7e1c098b1d61af530d258a6f17d27b,0x01E099B0
0x0253F790,MovementPathManagerAgentLoadedAreaMonitor::LoadGame,221-PDB-bytesig-port,488015e2010308bfa164d3720cb618deea7e1c098b1d61af530d258a6f17d27b,0x01E871F0
0x0253FEE0,MovementAgentPathFollowerFlight::UnregisterWithController,221-PDB-bytesig-port,488015e2010308bfa164d3720cb618deea7e1c098b1d61af530d258a6f17d27b,0x01E878D0
0x02543040,MovementAgentPathFollowerVirtual::SaveGame,221-PDB-bytesig-port,488015e2010308bfa164d3720cb618deea7e1c098b1d61af530d258a6f17d27b,0x01E8A8D0
0x02543090,MovementAgentPathFollowerVirtual::LoadGame,221-PDB-bytesig-port,488015e2010308bfa164d3720cb618deea7e1c098b1d61af530d258a6f17d27b,0x01E8A920
0x0254B3F0,MovementPathManagerAgentAvoidBox::Activate,221-PDB-bytesig-port,488015e2010308bfa164d3720cb618deea7e1c098b1d61af530d258a6f17d27b,0x01E91550
0x0254B820,MovementPathManagerAgentAvoidBox::SaveGame,221-PDB-bytesig-port,488015e2010308bfa164d3720cb618deea7e1c098b1d61af530d258a6f17d27b,0x01E919A0
0x0254B900,MovementPathManagerAgentAvoidBox::LoadGame,221-PDB-bytesig-port,488015e2010308bfa164d3720cb618deea7e1c098b1d61af530d258a6f17d27b,0x01E91A80
0x02550DD0,MovementHandlerAgentStorePlannerOutput::LoadGame,221-PDB-bytesig-port,488015e2010308bfa164d3720cb618deea7e1c098b1d61af530d258a6f17d27b,0x01E96480
0x025581F0,GroundPathPathingNodeGenerator::GenerateNodesForSegment,221-PDB-bytesig-port,488015e2010308bfa164d3720cb618deea7e1c098b1d61af530d258a6f17d27b,0x01E9C600
0x02558590,WaterPathPathingNodeGenerator::GenerateNodesForSegment,221-PDB-bytesig-port,488015e2010308bfa164d3720cb618deea7e1c098b1d61af530d258a6f17d27b,0x01E9CA30
0x0255B060,BSNavmeshEdgeExtraInfo::Write,221-PDB-bytesig-port,488015e2010308bfa164d3720cb618deea7e1c098b1d61af530d258a6f17d27b,0x01E9EDE0
0x0255B100,BSNavmeshObstacleCutter::BSNavmeshObstacleCutter,221-PDB-bytesig-port,488015e2010308bfa164d3720cb618deea7e1c098b1d61af530d258a6f17d27b,0x01E9EE80
0x026EC190,BSScript::Object::PreSave,221-PDB-bytesig-port,488015e2010308bfa164d3720cb618deea7e1c098b1d61af530d258a6f17d27b,0x020E1290
0x026ED160,BSScript::Object::IncRef,221-PDB-bytesig-port,488015e2010308bfa164d3720cb618deea7e1c098b1d61af530d258a6f17d27b,0x020E2310
0x026ED160,BSScript::Object::IncRef,AE-bytesig-port,e555c6c0e7aba3e9e4801c2e5e11e3a76b42ce080683b4b9c1cf074c2030b737,0x020E2230
0x026ED210,BSScript::Object::DecRef,221-PDB-bytesig-port,488015e2010308bfa164d3720cb618deea7e1c098b1d61af530d258a6f17d27b,0x020E23C0
0x026ED210,BSScript::Object::DecRef,AE-bytesig-port,e555c6c0e7aba3e9e4801c2e5e11e3a76b42ce080683b4b9c1cf074c2030b737,0x020E22E0
0x026ED2C0,BSScript::Object::GetInUse,221-PDB-bytesig-port,488015e2010308bfa164d3720cb618deea7e1c098b1d61af530d258a6f17d27b,0x020E2470
0x026EDA00,BSScript::Object::SetHandle,221-PDB-bytesig-port,488015e2010308bfa164d3720cb618deea7e1c098b1d61af530d258a6f17d27b,0x020E2C40
0x026F3450,BSScript::ObjectTypeInfo::GetVariableUserFlags,221-PDB-bytesig-port,488015e2010308bfa164d3720cb618deea7e1c098b1d61af530d258a6f17d27b,0x020E6870
0x026F3E50,BSScript::ObjectTypeInfo::HasState,221-PDB-bytesig-port,488015e2010308bfa164d3720cb618deea7e1c098b1d61af530d258a6f17d27b,0x020E71F0
0x026F4590,BSScript::ObjectTypeInfo::GetNameForVariable,221-PDB-bytesig-port,488015e2010308bfa164d3720cb618deea7e1c098b1d61af530d258a6f17d27b,0x020E79D0
0x02732C90,BSScript::Internal::VirtualMachine::TypeIsValid,221-PDB-bytesig-port,488015e2010308bfa164d3720cb618deea7e1c098b1d61af530d258a6f17d27b,0x02111780
0x02734060,BSScript::Internal::VirtualMachine::FindBoundObject,221-PDB-bytesig-port,488015e2010308bfa164d3720cb618deea7e1c098b1d61af530d258a6f17d27b,0x02112C20
0x02736470,BSScript::Internal::VirtualMachine::DispatchStaticCall,221-PDB-bytesig-port,488015e2010308bfa164d3720cb618deea7e1c098b1d61af530d258a6f17d27b,0x021150F0
0x0276D860,BSScript::Internal::AutoPropGetFunction::Call,221-PDB-bytesig-port,488015e2010308bfa164d3720cb618deea7e1c098b1d61af530d258a6f17d27b,0x02138E80
0x027ACCB0,BSScript::Internal::ScriptFunction::Call,221-PDB-bytesig-port,488015e2010308bfa164d3720cb618deea7e1c098b1d61af530d258a6f17d27b,0x02160970
0x027ACD10,BSScript::Internal::ScriptFunction::TranslateIPToLineNumber,221-PDB-bytesig-port,488015e2010308bfa164d3720cb618deea7e1c098b1d61af530d258a6f17d27b,0x021609D0
0x027BC3A0,BSShaderProperty::CanMerge,221-PDB-bytesig-port,488015e2010308bfa164d3720cb618deea7e1c098b1d61af530d258a6f17d27b,0x021619F0
0x027BC560,BSShaderProperty::SetMaterial,221-PDB-bytesig-port,488015e2010308bfa164d3720cb618deea7e1c098b1d61af530d258a6f17d27b,0x02161BF0
0x027BC560,BSShaderProperty::SetMaterial,AE-bytesig-port,e555c6c0e7aba3e9e4801c2e5e11e3a76b42ce080683b4b9c1cf074c2030b737,0x02161B10
0x027BD000,BSTextureSet::CompareTextureNames,221-PDB-bytesig-port,488015e2010308bfa164d3720cb618deea7e1c098b1d61af530d258a6f17d27b,0x021624B0
0x027BD1D0,BSShaderTextureSet::CreateObject,AE-bytesig-port,e555c6c0e7aba3e9e4801c2e5e11e3a76b42ce080683b4b9c1cf074c2030b737,0x021625A0
0x027BE6F0,BSShaderData::SetupDataLightingShader,221-PDB-bytesig-port,488015e2010308bfa164d3720cb618deea7e1c098b1d61af530d258a6f17d27b,0x02163BE0
0x027CAE10,BSEffectShaderProperty::GetRenderPasses,221-PDB-bytesig-port,488015e2010308bfa164d3720cb618deea7e1c098b1d61af530d258a6f17d27b,0x0216FD70
0x027CC390,BSLightingShaderProperty::LoadBinary,221-PDB-bytesig-port,488015e2010308bfa164d3720cb618deea7e1c098b1d61af530d258a6f17d27b,0x021711C0
0x027CC660,BSLightingShaderProperty::RegisterStreamables,221-PDB-bytesig-port,488015e2010308bfa164d3720cb618deea7e1c098b1d61af530d258a6f17d27b,0x021714E0
0x027CFB40,BSLightingShaderProperty::DoClearRenderPasses,221-PDB-bytesig-port,488015e2010308bfa164d3720cb618deea7e1c098b1d61af530d258a6f17d27b,0x02174AE0
0x027D1F40,BSFadeNode::AddMovingSoundCallback,221-PDB-bytesig-port,488015e2010308bfa164d3720cb618deea7e1c098b1d61af530d258a6f17d27b,0x02176A50
0x027D26B0,BSFadeNode::UpdateGeomArray,221-PDB-bytesig-port,488015e2010308bfa164d3720cb618deea7e1c098b1d61af530d258a6f17d27b,0x02177170
0x027D2840,BSFadeNode::ComputeGeomArray,221-PDB-bytesig-port,488015e2010308bfa164d3720cb618deea7e1c098b1d61af530d258a6f17d27b,0x02177300
0x027DACE0,ImageSpaceManager::ApplyModifier,221-PDB-bytesig-port,488015e2010308bfa164d3720cb618deea7e1c098b1d61af530d258a6f17d27b,0x0217EAB0
0x0280A5E0,BSPreCulledObjects::Get3DForID,221-PDB-bytesig-port,488015e2010308bfa164d3720cb618deea7e1c098b1d61af530d258a6f17d27b,0x021A7590
0x02810180,ShadowSceneNode::RemoveLightsFromObject,221-PDB-bytesig-port,488015e2010308bfa164d3720cb618deea7e1c098b1d61af530d258a6f17d27b,0x021B2850
0x02811E30,ShadowSceneNode::UpdateRoomAndPortalVisibility,221-PDB-bytesig-port,488015e2010308bfa164d3720cb618deea7e1c098b1d61af530d258a6f17d27b,0x021B4810
0x028128E0,ShadowSceneNode::UpdateOcclusionPlaneVisibility,AE-bytesig-port,e555c6c0e7aba3e9e4801c2e5e11e3a76b42ce080683b4b9c1cf074c2030b737,0x021B51F0
0x0281A880,BSShaderUtil::SetMaterialAlpha,221-PDB-bytesig-port,488015e2010308bfa164d3720cb618deea7e1c098b1d61af530d258a6f17d27b,0x021BB670
0x0281A880,BSShaderUtil::SetMaterialAlpha,AE-bytesig-port,e555c6c0e7aba3e9e4801c2e5e11e3a76b42ce080683b4b9c1cf074c2030b737,0x021BB590
0x0281F670,BSShaderUtil::GenerateBox,221-PDB-bytesig-port,488015e2010308bfa164d3720cb618deea7e1c098b1d61af530d258a6f17d27b,0x021C08F0
0x028256B0,BSGrassShaderProperty::BSGrassShaderProperty,AE-bytesig-port,e555c6c0e7aba3e9e4801c2e5e11e3a76b42ce080683b4b9c1cf074c2030b737,0x021C59B0
0x02825E70,BSLightingShaderMaterialBase::ComputeCRC32,221-PDB-bytesig-port,488015e2010308bfa164d3720cb618deea7e1c098b1d61af530d258a6f17d27b,0x021C62A0
0x02826350,BSLightingShaderMaterialBase::ReceiveValuesFromRootMaterial,221-PDB-bytesig-port,488015e2010308bfa164d3720cb618deea7e1c098b1d61af530d258a6f17d27b,0x021C6780
0x02827690,BSLightingShaderMaterialEnvmap::ComputeCRC32,221-PDB-bytesig-port,488015e2010308bfa164d3720cb618deea7e1c098b1d61af530d258a6f17d27b,0x021C7B60
0x02827810,BSLightingShaderMaterialEnvmap::SaveBinary,221-PDB-bytesig-port,488015e2010308bfa164d3720cb618deea7e1c098b1d61af530d258a6f17d27b,0x021C7CF0
0x028278B0,BSLightingShaderMaterialEnvmap::LoadBinary,221-PDB-bytesig-port,488015e2010308bfa164d3720cb618deea7e1c098b1d61af530d258a6f17d27b,0x021C7D90
0x028279B0,BSLightingShaderMaterialEnvmap::OnLoadTextureSet,221-PDB-bytesig-port,488015e2010308bfa164d3720cb618deea7e1c098b1d61af530d258a6f17d27b,0x021C7E90
0x02827E40,BSLightingShaderMaterialEye::ComputeCRC32,221-PDB-bytesig-port,488015e2010308bfa164d3720cb618deea7e1c098b1d61af530d258a6f17d27b,0x021C8360
0x02828020,BSLightingShaderMaterialEye::SaveBinary,221-PDB-bytesig-port,488015e2010308bfa164d3720cb618deea7e1c098b1d61af530d258a6f17d27b,0x021C8530
0x02828090,BSLightingShaderMaterialEye::LoadBinary,221-PDB-bytesig-port,488015e2010308bfa164d3720cb618deea7e1c098b1d61af530d258a6f17d27b,0x021C85A0
0x028283C0,BSLightingShaderMaterialGlowmap::ComputeCRC32,221-PDB-bytesig-port,488015e2010308bfa164d3720cb618deea7e1c098b1d61af530d258a6f17d27b,0x021C88F0
0x02828AE0,BSLightingShaderMaterialParallaxOcc::CopyMembers,221-PDB-bytesig-port,488015e2010308bfa164d3720cb618deea7e1c098b1d61af530d258a6f17d27b,0x021C9040
0x02828CC0,BSLightingShaderMaterialParallaxOcc::SaveBinary,221-PDB-bytesig-port,488015e2010308bfa164d3720cb618deea7e1c098b1d61af530d258a6f17d27b,0x021C9220
0x02828D40,BSLightingShaderMaterialParallaxOcc::LoadBinary,221-PDB-bytesig-port,488015e2010308bfa164d3720cb618deea7e1c098b1d61af530d258a6f17d27b,0x021C92A0
0x02829490,BSLightingShaderMaterialFace::ComputeCRC32,221-PDB-bytesig-port,488015e2010308bfa164d3720cb618deea7e1c098b1d61af530d258a6f17d27b,0x021C9A30
0x028297F0,BSLightingShaderMaterialSkinTint::BSLightingShaderMaterialSkinTint,221-PDB-bytesig-port,488015e2010308bfa164d3720cb618deea7e1c098b1d61af530d258a6f17d27b,0x021C9DA0
0x0282AE40,BSLightingShaderMaterialMultiLayerParallax::ComputeCRC32,221-PDB-bytesig-port,488015e2010308bfa164d3720cb618deea7e1c098b1d61af530d258a6f17d27b,0x021CB4A0
0x0282B060,BSLightingShaderMaterialMultiLayerParallax::SaveBinary,221-PDB-bytesig-port,488015e2010308bfa164d3720cb618deea7e1c098b1d61af530d258a6f17d27b,0x021CB6C0
0x0282B140,BSLightingShaderMaterialMultiLayerParallax::LoadBinary,221-PDB-bytesig-port,488015e2010308bfa164d3720cb618deea7e1c098b1d61af530d258a6f17d27b,0x021CB7A0
0x0282CED0,BSShaderAccumulator::RegisterObject,221-PDB-bytesig-port,488015e2010308bfa164d3720cb618deea7e1c098b1d61af530d258a6f17d27b,0x021CCE70
0x0282CFD0,BSShaderAccumulator::FinishAccumulating,221-PDB-bytesig-port,488015e2010308bfa164d3720cb618deea7e1c098b1d61af530d258a6f17d27b,0x021CCF70
0x0282D6F0,BSShaderAccumulator::RegisterObject_ScreenSplatter,221-PDB-bytesig-port,488015e2010308bfa164d3720cb618deea7e1c098b1d61af530d258a6f17d27b,0x021CD660
0x0282D800,BSShaderAccumulator::RegisterObject_ShadowMapOrMask,221-PDB-bytesig-port,488015e2010308bfa164d3720cb618deea7e1c098b1d61af530d258a6f17d27b,0x021CD770
0x0282DAF0,BSShaderAccumulator::RegisterObject_OcclusionMap,221-PDB-bytesig-port,488015e2010308bfa164d3720cb618deea7e1c098b1d61af530d258a6f17d27b,0x021CDA90
0x0282DC50,BSShaderAccumulator::FinishAccumulatingPreResolveDepth,221-PDB-bytesig-port,488015e2010308bfa164d3720cb618deea7e1c098b1d61af530d258a6f17d27b,0x021CDBF0
0x0282DCB0,BSShaderAccumulator::FinishAccumulatingPostResolveDepth,221-PDB-bytesig-port,488015e2010308bfa164d3720cb618deea7e1c098b1d61af530d258a6f17d27b,0x021CDC50
0x0282E470,BSShaderAccumulator::FinishAccumulating_ShadowMapOrMask,221-PDB-bytesig-port,488015e2010308bfa164d3720cb618deea7e1c098b1d61af530d258a6f17d27b,0x021CE750
0x0282E6B0,BSShaderAccumulator::FinishAccumulating_VatsQuery,221-PDB-bytesig-port,488015e2010308bfa164d3720cb618deea7e1c098b1d61af530d258a6f17d27b,0x021CE990
0x0282EE40,BSShaderAccumulator::ClearSunQueries,221-PDB-bytesig-port,488015e2010308bfa164d3720cb618deea7e1c098b1d61af530d258a6f17d27b,0x021CF170
0x0282EE40,BSShaderAccumulator::ClearSunQueries,AE-bytesig-port,e555c6c0e7aba3e9e4801c2e5e11e3a76b42ce080683b4b9c1cf074c2030b737,0x021CF090
0x0282EF70,BSShaderAccumulator::RenderBatches,221-PDB-bytesig-port,488015e2010308bfa164d3720cb618deea7e1c098b1d61af530d258a6f17d27b,0x021CF2A0
0x0282F020,BSShaderAccumulator::RenderBatchesInOrder,221-PDB-bytesig-port,488015e2010308bfa164d3720cb618deea7e1c098b1d61af530d258a6f17d27b,0x021CF350
0x0282F110,BSShaderAccumulator::RenderGeometryGroup,221-PDB-bytesig-port,488015e2010308bfa164d3720cb618deea7e1c098b1d61af530d258a6f17d27b,0x021CF520
0x02830A60,BSDistantObjectInstanceRenderer::CreateRenderPass,221-PDB-bytesig-port,488015e2010308bfa164d3720cb618deea7e1c098b1d61af530d258a6f17d27b,0x021D0DA0
0x02834880,NVFlex::DebrisInstanceNode::UpdateDownwardPass,221-PDB-bytesig-port,488015e2010308bfa164d3720cb618deea7e1c098b1d61af530d258a6f17d27b,0x021D4640
0x0283ABC0,BSShaderMaterial::IsCopy,221-PDB-bytesig-port,488015e2010308bfa164d3720cb618deea7e1c098b1d61af530d258a6f17d27b,0x021D6850
0x0285B4C0,BSLight::AddObject,221-PDB-bytesig-port,488015e2010308bfa164d3720cb618deea7e1c098b1d61af530d258a6f17d27b,0x021F62A0
0x0285B860,BSLight::AddFadeNode,221-PDB-bytesig-port,488015e2010308bfa164d3720cb618deea7e1c098b1d61af530d258a6f17d27b,0x021F66E0
0x02860640,BSMTAManager::InitSDM,221-PDB-bytesig-port,488015e2010308bfa164d3720cb618deea7e1c098b1d61af530d258a6f17d27b,0x021FA850
0x02860640,BSMTAManager::InitSDM,AE-bytesig-port,e555c6c0e7aba3e9e4801c2e5e11e3a76b42ce080683b4b9c1cf074c2030b737,0x021FA770
0x02860790,TESAudio::KillSDM,221-PDB-bytesig-port,488015e2010308bfa164d3720cb618deea7e1c098b1d61af530d258a6f17d27b,0x00BA12F0
0x02860D70,BSMTAManager::CalculateBoneMatrices,221-PDB-bytesig-port,488015e2010308bfa164d3720cb618deea7e1c098b1d61af530d258a6f17d27b,0x021FB250
0x02869130,ImageSpaceEffectHDR::Render,221-PDB-bytesig-port,488015e2010308bfa164d3720cb618deea7e1c098b1d61af530d258a6f17d27b,0x02202340
0x02869F90,ImageSpaceEffectAmbientOcclusion::Setup,221-PDB-bytesig-port,488015e2010308bfa164d3720cb618deea7e1c098b1d61af530d258a6f17d27b,0x02203140
0x0286E580,BSDynamicObjectQueryManager::InitSDM,AE-bytesig-port,e555c6c0e7aba3e9e4801c2e5e11e3a76b42ce080683b4b9c1cf074c2030b737,0x02207B40
0x0286E780,BSDynamicObjectQueryManager::KillSDM,221-PDB-bytesig-port,488015e2010308bfa164d3720cb618deea7e1c098b1d61af530d258a6f17d27b,0x02207E10
0x02871C70,ImageSpaceEffectScalableAmbientObscurance::Setup,221-PDB-bytesig-port,488015e2010308bfa164d3720cb618deea7e1c098b1d61af530d258a6f17d27b,0x0220A7F0
0x02873880,ImageSpaceEffectTemporalAA::Setup,221-PDB-bytesig-port,488015e2010308bfa164d3720cb618deea7e1c098b1d61af530d258a6f17d27b,0x0220C540
0x0287EB60,BSBatchRenderer::ClearRenderPasses,221-PDB-bytesig-port,488015e2010308bfa164d3720cb618deea7e1c098b1d61af530d258a6f17d27b,0x022173D0
0x0287ED20,UI::EndRender,AE-bytesig-port,e555c6c0e7aba3e9e4801c2e5e11e3a76b42ce080683b4b9c1cf074c2030b737,0x01A81DB0
0x0287FBB0,BSBatchRenderer::EndPass,221-PDB-bytesig-port,488015e2010308bfa164d3720cb618deea7e1c098b1d61af530d258a6f17d27b,0x02218550
0x028814A0,BSBatchRenderer::RenderNextAlpha,221-PDB-bytesig-port,488015e2010308bfa164d3720cb618deea7e1c098b1d61af530d258a6f17d27b,0x02219F10
0x02888EF0,BSDistantTreeShaderProperty::CreateClone,221-PDB-bytesig-port,488015e2010308bfa164d3720cb618deea7e1c098b1d61af530d258a6f17d27b,0x02220DE0
0x02889140,BSDistantTreeShaderProperty::GetRenderPasses,221-PDB-bytesig-port,488015e2010308bfa164d3720cb618deea7e1c098b1d61af530d258a6f17d27b,0x02221030
0x0288A3D0,BSWaterShaderMaterial::ComputeCRC32,221-PDB-bytesig-port,488015e2010308bfa164d3720cb618deea7e1c098b1d61af530d258a6f17d27b,0x02221FB0
0x02897B10,ImageSpaceEffectBlur::UpdateParams,221-PDB-bytesig-port,488015e2010308bfa164d3720cb618deea7e1c098b1d61af530d258a6f17d27b,0x0222D7C0
0x02898D30,ImageSpaceEffectFullScreenBlur::Render,221-PDB-bytesig-port,488015e2010308bfa164d3720cb618deea7e1c098b1d61af530d258a6f17d27b,0x0222E9E0
0x0289C2B0,BSShaderSDM::InitSDM,AE-bytesig-port,e555c6c0e7aba3e9e4801c2e5e11e3a76b42ce080683b4b9c1cf074c2030b737,0x02231950
0x028B9CF0,BSShaderPropertyLightData::CreateActiveLightList,221-PDB-bytesig-port,488015e2010308bfa164d3720cb618deea7e1c098b1d61af530d258a6f17d27b,0x02238B10
0x028BE740,BSOrderedNode::LoadBinary,221-PDB-bytesig-port,488015e2010308bfa164d3720cb618deea7e1c098b1d61af530d258a6f17d27b,0x0223D1F0
0x028BE820,BSOrderedNode::SaveBinary,221-PDB-bytesig-port,488015e2010308bfa164d3720cb618deea7e1c098b1d61af530d258a6f17d27b,0x0223D2C0
0x028BE880,BSOrderedNode::IsEqual,221-PDB-bytesig-port,488015e2010308bfa164d3720cb618deea7e1c098b1d61af530d258a6f17d27b,0x0223D320
0x028C6EF0,BSPSysSimpleColorModifier::IsEqual,221-PDB-bytesig-port,488015e2010308bfa164d3720cb618deea7e1c098b1d61af530d258a6f17d27b,0x02245220
0x028C7460,BSPSysSimpleColorModifier::SetSystemPointer,221-PDB-bytesig-port,488015e2010308bfa164d3720cb618deea7e1c098b1d61af530d258a6f17d27b,0x02245740
0x028CA710,BSShadowDirectionalLight::Render,221-PDB-bytesig-port,488015e2010308bfa164d3720cb618deea7e1c098b1d61af530d258a6f17d27b,0x02248910
0x028D0590,ImageSpaceEffectRefraction::Render,221-PDB-bytesig-port,488015e2010308bfa164d3720cb618deea7e1c098b1d61af530d258a6f17d27b,0x0224E140
0x028E0250,BSDirectoryMonitor::StartMonitoring,221-PDB-bytesig-port,488015e2010308bfa164d3720cb618deea7e1c098b1d61af530d258a6f17d27b,0x0226DDB0
0x028E0B70,BSShaderResourceManager::ConvertBSTriShapeToBSDynamicTriShape,221-PDB-bytesig-port,488015e2010308bfa164d3720cb618deea7e1c098b1d61af530d258a6f17d27b,0x0226E5B0
0x028E10F0,BSShaderResourceManager::CreateStreamingTextureArraySlice,221-PDB-bytesig-port,488015e2010308bfa164d3720cb618deea7e1c098b1d61af530d258a6f17d27b,0x0226EB40
0x028E1580,BSShaderResourceManager::CreateDefaultEffectShaderProperty,221-PDB-bytesig-port,488015e2010308bfa164d3720cb618deea7e1c098b1d61af530d258a6f17d27b,0x0226EFF0
0x0292D340,BSCacheDriveSystemUtility::Initialize,221-PDB-bytesig-port,488015e2010308bfa164d3720cb618deea7e1c098b1d61af530d258a6f17d27b,0x022AE750
0x0292D550,BSSystemUtilitiesStrings::Destroy,221-PDB-bytesig-port,488015e2010308bfa164d3720cb618deea7e1c098b1d61af530d258a6f17d27b,0x022AE980
0x0292D8E0,BSDiscBootSystemUtility::Initialize,221-PDB-bytesig-port,488015e2010308bfa164d3720cb618deea7e1c098b1d61af530d258a6f17d27b,0x022AED00
0x0292DA50,futSetLastError,221-PDB-bytesig-port,488015e2010308bfa164d3720cb618deea7e1c098b1d61af530d258a6f17d27b,0x022AEE50
0x02936CC0,_alloca_probe,221-PDB-bytesig-port,488015e2010308bfa164d3720cb618deea7e1c098b1d61af530d258a6f17d27b,0x022B7790
0x029380C0,Module_InitializeHelper,221-PDB-bytesig-port,488015e2010308bfa164d3720cb618deea7e1c098b1d61af530d258a6f17d27b,0x00029AC0
0x02938200,LoadModule,221-PDB-bytesig-port,488015e2010308bfa164d3720cb618deea7e1c098b1d61af530d258a6f17d27b,0x00029C00
0x02938300,ValidateModuleHandle,221-PDB-bytesig-port,488015e2010308bfa164d3720cb618deea7e1c098b1d61af530d258a6f17d27b,0x00029D00
0x02938400,NvAPI_Unload,221-PDB-bytesig-port,488015e2010308bfa164d3720cb618deea7e1c098b1d61af530d258a6f17d27b,0x00029E00
0x0296B600,nvLoadSystemLibraryExW,221-PDB-bytesig-port,488015e2010308bfa164d3720cb618deea7e1c098b1d61af530d258a6f17d27b,0x0005D000
0x0296B6A0,nvLoadSystemLibraryExA,221-PDB-bytesig-port,488015e2010308bfa164d3720cb618deea7e1c098b1d61af530d258a6f17d27b,0x0005D0A0
0x02971CA0,NiCollisionObject::RegisterStreamables,221-PDB-bytesig-port,488015e2010308bfa164d3720cb618deea7e1c098b1d61af530d258a6f17d27b,0x022C19C0
0x02977DF0,BSGeometryListCullingProcess::AppendNonAccum,221-PDB-bytesig-port,488015e2010308bfa164d3720cb618deea7e1c098b1d61af530d258a6f17d27b,0x022C8140
