target_rva,name,source_tag,source_sha256,source_rva
0x00007860,inflate,AE-bytesig-port,e555c6c0e7aba3e9e4801c2e5e11e3a76b42ce080683b4b9c1cf074c2030b737,0x00007860
0x000091C0,inflateEnd,AE-bytesig-port,e555c6c0e7aba3e9e4801c2e5e11e3a76b42ce080683b4b9c1cf074c2030b737,0x000091C0
0x00009250,inflateInit2,AE-bytesig-port,e555c6c0e7aba3e9e4801c2e5e11e3a76b42ce080683b4b9c1cf074c2030b737,0x00009250
0x00009440,inflateReset2,AE-bytesig-port,e555c6c0e7aba3e9e4801c2e5e11e3a76b42ce080683b4b9c1cf074c2030b737,0x00009440
0x001DFF80,MemoryManager::GetSingleton,AE-bytesig-port,e555c6c0e7aba3e9e4801c2e5e11e3a76b42ce080683b4b9c1cf074c2030b737,0x001DFF80
0x001E61D0,BSStringT::Set,AE-bytesig-port,e555c6c0e7aba3e9e4801c2e5e11e3a76b42ce080683b4b9c1cf074c2030b737,0x001E61D0
0x0022D360,IsPlayerInDialogue,AE-bytesig-port,e555c6c0e7aba3e9e4801c2e5e11e3a76b42ce080683b4b9c1cf074c2030b737,0x0022D360
0x0022D3A0,BSSpinLock::Lock,AE-bytesig-port,e555c6c0e7aba3e9e4801c2e5e11e3a76b42ce080683b4b9c1cf074c2030b737,0x0022D3A0
0x00231BF0,AnimationEventLookupSingleton::GetClipGeneratorForEvent,AE-bytesig-port,e555c6c0e7aba3e9e4801c2e5e11e3a76b42ce080683b4b9c1cf074c2030b737,0x00231BF0
0x002471A0,BGSObjectInstanceExtra::ctor,AE-bytesig-port,e555c6c0e7aba3e9e4801c2e5e11e3a76b42ce080683b4b9c1cf074c2030b737,0x002471A0
0x00247600,BGSObjectInstanceExtra::GetNumMods,AE-bytesig-port,e555c6c0e7aba3e9e4801c2e5e11e3a76b42ce080683b4b9c1cf074c2030b737,0x00247600
0x00247C70,BGSObjectInstanceExtra::LoadAndAttach3D,AE-bytesig-port,e555c6c0e7aba3e9e4801c2e5e11e3a76b42ce080683b4b9c1cf074c2030b737,0x00247C70
0x002480F0,BGSObjectInstanceExtra::AddMod,AE-bytesig-port,e555c6c0e7aba3e9e4801c2e5e11e3a76b42ce080683b4b9c1cf074c2030b737,0x002480F0
0x00248610,BGSObjectInstanceExtra::RemoveMod,AE-bytesig-port,e555c6c0e7aba3e9e4801c2e5e11e3a76b42ce080683b4b9c1cf074c2030b737,0x00248610
0x00248880,BGSObjectInstanceExtra::RemoveInvalidMods,AE-bytesig-port,e555c6c0e7aba3e9e4801c2e5e11e3a76b42ce080683b4b9c1cf074c2030b737,0x00248880
0x00248D70,BGSObjectInstanceExtra::MakeCopy,AE-bytesig-port,e555c6c0e7aba3e9e4801c2e5e11e3a76b42ce080683b4b9c1cf074c2030b737,0x00248D70
0x00248F40,BGSObjectInstanceExtra::AttachModToReference,AE-bytesig-port,e555c6c0e7aba3e9e4801c2e5e11e3a76b42ce080683b4b9c1cf074c2030b737,0x00248F40
0x00249320,BGSObjectInstanceExtra::GenerateName,AE-bytesig-port,e555c6c0e7aba3e9e4801c2e5e11e3a76b42ce080683b4b9c1cf074c2030b737,0x00249320
0x0024D440,PluginsFile::CollectFiles,AE-bytesig-port,e555c6c0e7aba3e9e4801c2e5e11e3a76b42ce080683b4b9c1cf074c2030b737,0x0024D440
0x00252280,BGSMod::Container::GetData,AE-bytesig-port,e555c6c0e7aba3e9e4801c2e5e11e3a76b42ce080683b4b9c1cf074c2030b737,0x00252280
0x00254DD0,BGSMod::Template::Items::CreateInstanceDataForObjectAndExtra,AE-bytesig-port,e555c6c0e7aba3e9e4801c2e5e11e3a76b42ce080683b4b9c1cf074c2030b737,0x00254DD0
0x0025C640,hknpPhysicsSystemData::hknpPhysicsSystemData,AE-bytesig-port,e555c6c0e7aba3e9e4801c2e5e11e3a76b42ce080683b4b9c1cf074c2030b737,0x0025C640
0x00263720,EffectItem::Compare,AE-bytesig-port,e555c6c0e7aba3e9e4801c2e5e11e3a76b42ce080683b4b9c1cf074c2030b737,0x00263720
0x00263B80,EffectItem::GetCost,AE-bytesig-port,e555c6c0e7aba3e9e4801c2e5e11e3a76b42ce080683b4b9c1cf074c2030b737,0x00263B80
0x00263C50,EffectItem::GetDescription,AE-bytesig-port,e555c6c0e7aba3e9e4801c2e5e11e3a76b42ce080683b4b9c1cf074c2030b737,0x00263C50
0x0026B030,MagicItem::IsPermanent,AE-bytesig-port,e555c6c0e7aba3e9e4801c2e5e11e3a76b42ce080683b4b9c1cf074c2030b737,0x0026B030
0x0026C660,MagicItem::GetCost,AE-bytesig-port,e555c6c0e7aba3e9e4801c2e5e11e3a76b42ce080683b4b9c1cf074c2030b737,0x0026C660
0x0026CD90,MagicItem::ShouldAdjustEffects,AE-bytesig-port,e555c6c0e7aba3e9e4801c2e5e11e3a76b42ce080683b4b9c1cf074c2030b737,0x0026CD90
0x00272380,BaseExtraList::AddExtra,AE-bytesig-port,e555c6c0e7aba3e9e4801c2e5e11e3a76b42ce080683b4b9c1cf074c2030b737,0x00272380
0x002724E0,BaseExtraList::RemoveExtra,AE-bytesig-port,e555c6c0e7aba3e9e4801c2e5e11e3a76b42ce080683b4b9c1cf074c2030b737,0x002724E0
0x00272540,BaseExtraList::UnlinkExtra,AE-bytesig-port,e555c6c0e7aba3e9e4801c2e5e11e3a76b42ce080683b4b9c1cf074c2030b737,0x00272540
0x00272650,BaseExtraList::GetExtraData,AE-bytesig-port,e555c6c0e7aba3e9e4801c2e5e11e3a76b42ce080683b4b9c1cf074c2030b737,0x00272650
0x00272730,ExtraDataList::ExtraDataList,AE-bytesig-port,e555c6c0e7aba3e9e4801c2e5e11e3a76b42ce080683b4b9c1cf074c2030b737,0x00272730
0x00275D90,ExtraDataList::CompareList,AE-bytesig-port,e555c6c0e7aba3e9e4801c2e5e11e3a76b42ce080683b4b9c1cf074c2030b737,0x00275D90
0x0027A8E0,ExtraDataList::SetOwnership,AE-bytesig-port,e555c6c0e7aba3e9e4801c2e5e11e3a76b42ce080683b4b9c1cf074c2030b737,0x0027A8E0
0x0027B120,ExtraDataList::SetHealthPerc,AE-bytesig-port,e555c6c0e7aba3e9e4801c2e5e11e3a76b42ce080683b4b9c1cf074c2030b737,0x0027B120
0x0027B5E0,ExtraDataList::SetCachedScale,AE-bytesig-port,e555c6c0e7aba3e9e4801c2e5e11e3a76b42ce080683b4b9c1cf074c2030b737,0x0027B5E0
0x0027B930,ExtraDataList::SetCreatureAwakeSound,AE-bytesig-port,e555c6c0e7aba3e9e4801c2e5e11e3a76b42ce080683b4b9c1cf074c2030b737,0x0027B930
0x0027C260,ExtraDataList::SetPackageExtra,AE-bytesig-port,e555c6c0e7aba3e9e4801c2e5e11e3a76b42ce080683b4b9c1cf074c2030b737,0x0027C260
0x0027CDA0,ExtraDataList::SetRunOnceExtraPackage,AE-bytesig-port,e555c6c0e7aba3e9e4801c2e5e11e3a76b42ce080683b4b9c1cf074c2030b737,0x0027CDA0
0x0027DA50,ExtraDataList::SetOverrideName,AE-bytesig-port,e555c6c0e7aba3e9e4801c2e5e11e3a76b42ce080683b4b9c1cf074c2030b737,0x0027DA50
0x0027DB30,ExtraDataList::ClearMatchingTextData,AE-bytesig-port,e555c6c0e7aba3e9e4801c2e5e11e3a76b42ce080683b4b9c1cf074c2030b737,0x0027DB30
0x0027E1D0,ExtraDataList::AddKeywordOverride,AE-bytesig-port,e555c6c0e7aba3e9e4801c2e5e11e3a76b42ce080683b4b9c1cf074c2030b737,0x0027E1D0
0x0027E310,ExtraDataList::RemoveKeywordOverride,AE-bytesig-port,e555c6c0e7aba3e9e4801c2e5e11e3a76b42ce080683b4b9c1cf074c2030b737,0x0027E310
0x0027E3E0,ExtraDataList::GetKeywordOverride,AE-bytesig-port,e555c6c0e7aba3e9e4801c2e5e11e3a76b42ce080683b4b9c1cf074c2030b737,0x0027E3E0
0x0027E5E0,ExtraDataList::SetDisplayNameFromInstanceData,AE-bytesig-port,e555c6c0e7aba3e9e4801c2e5e11e3a76b42ce080683b4b9c1cf074c2030b737,0x0027E5E0
0x0027E730,ExtraDataList::GetLegendaryMod,AE-bytesig-port,e555c6c0e7aba3e9e4801c2e5e11e3a76b42ce080683b4b9c1cf074c2030b737,0x0027E730
0x0027ED70,ExtraDataList::GetInstanceData,AE-bytesig-port,e555c6c0e7aba3e9e4801c2e5e11e3a76b42ce080683b4b9c1cf074c2030b737,0x0027ED70
0x0027EF30,ExtraDataList::SetFavorite,AE-bytesig-port,e555c6c0e7aba3e9e4801c2e5e11e3a76b42ce080683b4b9c1cf074c2030b737,0x0027EF30
0x0027F050,ExtraDataList::IsFavorite,AE-bytesig-port,e555c6c0e7aba3e9e4801c2e5e11e3a76b42ce080683b4b9c1cf074c2030b737,0x0027F050
0x0027F9F0,ExtraDataList::GetOwnerFaction,AE-bytesig-port,e555c6c0e7aba3e9e4801c2e5e11e3a76b42ce080683b4b9c1cf074c2030b737,0x0027F9F0
0x0027FA20,ExtraDataList::GetOwner,AE-bytesig-port,e555c6c0e7aba3e9e4801c2e5e11e3a76b42ce080683b4b9c1cf074c2030b737,0x0027FA20
0x0027FB80,ExtraDataList::GetOwnedNoCrime,AE-bytesig-port,e555c6c0e7aba3e9e4801c2e5e11e3a76b42ce080683b4b9c1cf074c2030b737,0x0027FB80
0x0027FC10,ExtraDataList::GetRank,AE-bytesig-port,e555c6c0e7aba3e9e4801c2e5e11e3a76b42ce080683b4b9c1cf074c2030b737,0x0027FC10
0x0027FDD0,ExtraDataList::GetCount,AE-bytesig-port,e555c6c0e7aba3e9e4801c2e5e11e3a76b42ce080683b4b9c1cf074c2030b737,0x0027FDD0
0x0027FF70,ExtraDataList::GetCreatureAwakeSound,AE-bytesig-port,e555c6c0e7aba3e9e4801c2e5e11e3a76b42ce080683b4b9c1cf074c2030b737,0x0027FF70
0x002800D0,ExtraDataList::GetContainerReferenceHandle,AE-bytesig-port,e555c6c0e7aba3e9e4801c2e5e11e3a76b42ce080683b4b9c1cf074c2030b737,0x002800D0
0x00280200,ExtraDataList::GetPackageExtraTarget,AE-bytesig-port,e555c6c0e7aba3e9e4801c2e5e11e3a76b42ce080683b4b9c1cf074c2030b737,0x00280200
0x00280800,ExtraDataList::IsInRunOnceDayPackageList,AE-bytesig-port,e555c6c0e7aba3e9e4801c2e5e11e3a76b42ce080683b4b9c1cf074c2030b737,0x00280800
0x002823C0,ExtraDataList::HasLocationRefType,AE-bytesig-port,e555c6c0e7aba3e9e4801c2e5e11e3a76b42ce080683b4b9c1cf074c2030b737,0x002823C0
0x00282AB0,ExtraDataList::GetAshPileRef,AE-bytesig-port,e555c6c0e7aba3e9e4801c2e5e11e3a76b42ce080683b4b9c1cf074c2030b737,0x00282AB0
0x00282C20,ExtraDataList::GetLinkedRef,AE-bytesig-port,e555c6c0e7aba3e9e4801c2e5e11e3a76b42ce080683b4b9c1cf074c2030b737,0x00282C20
0x00283310,ExtraDataList::CleanUpLinkedRefs,AE-bytesig-port,e555c6c0e7aba3e9e4801c2e5e11e3a76b42ce080683b4b9c1cf074c2030b737,0x00283310
0x002847E0,ExtraDataList::GetOpenCloseActivateRef,AE-bytesig-port,e555c6c0e7aba3e9e4801c2e5e11e3a76b42ce080683b4b9c1cf074c2030b737,0x002847E0
0x00284810,ExtraDataList::SetOpenCloseActivateRef,AE-bytesig-port,e555c6c0e7aba3e9e4801c2e5e11e3a76b42ce080683b4b9c1cf074c2030b737,0x00284810
0x00284970,ExtraDataList::GetLevCreaMultiplier,AE-bytesig-port,e555c6c0e7aba3e9e4801c2e5e11e3a76b42ce080683b4b9c1cf074c2030b737,0x00284970
0x00285750,ExtraDataList::SetEncounterZone,AE-bytesig-port,e555c6c0e7aba3e9e4801c2e5e11e3a76b42ce080683b4b9c1cf074c2030b737,0x00285750
0x00289AA0,ExtraDataList::SetExtraSayToTopicDialogueItem,AE-bytesig-port,e555c6c0e7aba3e9e4801c2e5e11e3a76b42ce080683b4b9c1cf074c2030b737,0x00289AA0
0x0028C540,ExtraDataList::GetAction,AE-bytesig-port,e555c6c0e7aba3e9e4801c2e5e11e3a76b42ce080683b4b9c1cf074c2030b737,0x0028C540
0x0028C6B0,ExtraDataList::SetAction,AE-bytesig-port,e555c6c0e7aba3e9e4801c2e5e11e3a76b42ce080683b4b9c1cf074c2030b737,0x0028C6B0
0x0028C7C0,ExtraDataList::ClearAction,AE-bytesig-port,e555c6c0e7aba3e9e4801c2e5e11e3a76b42ce080683b4b9c1cf074c2030b737,0x0028C7C0
0x0028CE00,ExtraDataList::AddFactionChangesExtra,AE-bytesig-port,e555c6c0e7aba3e9e4801c2e5e11e3a76b42ce080683b4b9c1cf074c2030b737,0x0028CE00
0x0028D3C0,ExtraDataList::AddDismembermentExtra,AE-bytesig-port,e555c6c0e7aba3e9e4801c2e5e11e3a76b42ce080683b4b9c1cf074c2030b737,0x0028D3C0
0x0028DB50,ExtraDataList::NotifyGuardsAboutActivation,AE-bytesig-port,e555c6c0e7aba3e9e4801c2e5e11e3a76b42ce080683b4b9c1cf074c2030b737,0x0028DB50
0x0028DFB0,ExtraDataList::GetFavorCost,AE-bytesig-port,e555c6c0e7aba3e9e4801c2e5e11e3a76b42ce080683b4b9c1cf074c2030b737,0x0028DFB0
0x0028E980,ExtraDataList::SetExtraFlag,AE-bytesig-port,e555c6c0e7aba3e9e4801c2e5e11e3a76b42ce080683b4b9c1cf074c2030b737,0x0028E980
0x0028EB10,ExtraDataList::GetExtraFlag,AE-bytesig-port,e555c6c0e7aba3e9e4801c2e5e11e3a76b42ce080683b4b9c1cf074c2030b737,0x0028EB10
0x0028EF30,ExtraDataList::HasKeyWordOnAlias,AE-bytesig-port,e555c6c0e7aba3e9e4801c2e5e11e3a76b42ce080683b4b9c1cf074c2030b737,0x0028EF30
0x0028F1A0,ExtraDataList::HasAlias,AE-bytesig-port,e555c6c0e7aba3e9e4801c2e5e11e3a76b42ce080683b4b9c1cf074c2030b737,0x0028F1A0
0x0028F370,ExtraDataList::GetForcedVoiceType,AE-bytesig-port,e555c6c0e7aba3e9e4801c2e5e11e3a76b42ce080683b4b9c1cf074c2030b737,0x0028F370
0x0028F570,ExtraDataList::AddPromotedRefOwner,AE-bytesig-port,e555c6c0e7aba3e9e4801c2e5e11e3a76b42ce080683b4b9c1cf074c2030b737,0x0028F570
0x00290070,ExtraDataList::GetInteraction,AE-bytesig-port,e555c6c0e7aba3e9e4801c2e5e11e3a76b42ce080683b4b9c1cf074c2030b737,0x00290070
0x00290450,ExtraDataList::CreatePowerArmorExtraData,AE-bytesig-port,e555c6c0e7aba3e9e4801c2e5e11e3a76b42ce080683b4b9c1cf074c2030b737,0x00290450
0x00290560,ExtraDataList::SetPowerArmorHandle,AE-bytesig-port,e555c6c0e7aba3e9e4801c2e5e11e3a76b42ce080683b4b9c1cf074c2030b737,0x00290560
0x002905A0,ExtraDataList::GetPowerArmorHandle,AE-bytesig-port,e555c6c0e7aba3e9e4801c2e5e11e3a76b42ce080683b4b9c1cf074c2030b737,0x002905A0
0x00290610,ExtraDataList::GetPowerArmorCollisionGroup,AE-bytesig-port,e555c6c0e7aba3e9e4801c2e5e11e3a76b42ce080683b4b9c1cf074c2030b737,0x00290610
0x002906A0,ExtraDataList::GetPowerArmorState,AE-bytesig-port,e555c6c0e7aba3e9e4801c2e5e11e3a76b42ce080683b4b9c1cf074c2030b737,0x002906A0
0x00291280,ExtraDataList::SetBendableSplineInfo,AE-bytesig-port,e555c6c0e7aba3e9e4801c2e5e11e3a76b42ce080683b4b9c1cf074c2030b737,0x00291280
0x00292970,ExtraDataList::CreateFurnitureEntryData,AE-bytesig-port,e555c6c0e7aba3e9e4801c2e5e11e3a76b42ce080683b4b9c1cf074c2030b737,0x00292970
0x00299CE0,ComparisonQualifiers::UIQualifier,AE-bytesig-port,e555c6c0e7aba3e9e4801c2e5e11e3a76b42ce080683b4b9c1cf074c2030b737,0x00299CE0
0x0029C620,ExtraKeywords::ExtraKeywords,AE-bytesig-port,e555c6c0e7aba3e9e4801c2e5e11e3a76b42ce080683b4b9c1cf074c2030b737,0x0029C620
0x0029C850,ExtraTextDisplayData::ExtraTextDisplayData,AE-bytesig-port,e555c6c0e7aba3e9e4801c2e5e11e3a76b42ce080683b4b9c1cf074c2030b737,0x0029C850
0x0029F5F0,ExtraDataList::AddExtra,AE-bytesig-port,e555c6c0e7aba3e9e4801c2e5e11e3a76b42ce080683b4b9c1cf074c2030b737,0x0029F5F0
0x002A0030,ExtraDataList::GetExtraData,AE-bytesig-port,e555c6c0e7aba3e9e4801c2e5e11e3a76b42ce080683b4b9c1cf074c2030b737,0x002A0030
0x002A0660,ExtraDataList::HasExtra,AE-bytesig-port,e555c6c0e7aba3e9e4801c2e5e11e3a76b42ce080683b4b9c1cf074c2030b737,0x002A0660
0x002A15B0,ExtraDataList::RemoveExtra,AE-bytesig-port,e555c6c0e7aba3e9e4801c2e5e11e3a76b42ce080683b4b9c1cf074c2030b737,0x002A15B0
0x002A2840,ExtraDismemberedLimbs::Dismember,AE-bytesig-port,e555c6c0e7aba3e9e4801c2e5e11e3a76b42ce080683b4b9c1cf074c2030b737,0x002A2840
0x002A2A80,ExtraDismemberedLimbs::GetDismemberedLimb,AE-bytesig-port,e555c6c0e7aba3e9e4801c2e5e11e3a76b42ce080683b4b9c1cf074c2030b737,0x002A2A80
0x002A3280,REFR_LOCK::GetLockLevel,AE-bytesig-port,e555c6c0e7aba3e9e4801c2e5e11e3a76b42ce080683b4b9c1cf074c2030b737,0x002A3280
0x002A3380,REFR_LOCK::IsBroken,AE-bytesig-port,e555c6c0e7aba3e9e4801c2e5e11e3a76b42ce080683b4b9c1cf074c2030b737,0x002A3380
0x002A4270,ExtraPlayerCrimeList::ExtraPlayerCrimeList,AE-bytesig-port,e555c6c0e7aba3e9e4801c2e5e11e3a76b42ce080683b4b9c1cf074c2030b737,0x002A4270
0x002A4690,ExtraUsedMarkers::SetMarkerUsed,AE-bytesig-port,e555c6c0e7aba3e9e4801c2e5e11e3a76b42ce080683b4b9c1cf074c2030b737,0x002A4690
0x002A4850,ExtraReservedMarkers::ExtraReservedMarkers,AE-bytesig-port,e555c6c0e7aba3e9e4801c2e5e11e3a76b42ce080683b4b9c1cf074c2030b737,0x002A4850
0x002A48F0,ExtraReservedMarkers::SetMarkerReserved,AE-bytesig-port,e555c6c0e7aba3e9e4801c2e5e11e3a76b42ce080683b4b9c1cf074c2030b737,0x002A48F0
0x002A5290,ExtraLinkedRef::GetLinkedRef,AE-bytesig-port,e555c6c0e7aba3e9e4801c2e5e11e3a76b42ce080683b4b9c1cf074c2030b737,0x002A5290
0x002A7D90,ExtraLastFinishedSequence::ExtraLastFinishedSequence,AE-bytesig-port,e555c6c0e7aba3e9e4801c2e5e11e3a76b42ce080683b4b9c1cf074c2030b737,0x002A7D90
0x002A8BB0,ExtraFactionChanges::ExtraFactionChanges,AE-bytesig-port,e555c6c0e7aba3e9e4801c2e5e11e3a76b42ce080683b4b9c1cf074c2030b737,0x002A8BB0
0x002A8DA0,ExtraFactionChanges::ExpelFromFaction,AE-bytesig-port,e555c6c0e7aba3e9e4801c2e5e11e3a76b42ce080683b4b9c1cf074c2030b737,0x002A8DA0
0x002A8E90,ExtraFactionChanges::AddToFaction,AE-bytesig-port,e555c6c0e7aba3e9e4801c2e5e11e3a76b42ce080683b4b9c1cf074c2030b737,0x002A8E90
0x002ABC70,ExtraAliasInstanceArray::HasNonStartsEnabledAlias,AE-bytesig-port,e555c6c0e7aba3e9e4801c2e5e11e3a76b42ce080683b4b9c1cf074c2030b737,0x002ABC70
0x002AC140,ExtraPromotedRef::RemoveOwner,AE-bytesig-port,e555c6c0e7aba3e9e4801c2e5e11e3a76b42ce080683b4b9c1cf074c2030b737,0x002AC140
0x002AC780,ExtraTextDisplayData::SetCustomName,AE-bytesig-port,e555c6c0e7aba3e9e4801c2e5e11e3a76b42ce080683b4b9c1cf074c2030b737,0x002AC780
0x002B4A50,ExtraAnimGraphPreload::ReloadWeaponGraph,AE-bytesig-port,e555c6c0e7aba3e9e4801c2e5e11e3a76b42ce080683b4b9c1cf074c2030b737,0x002B4A50
0x002C1D80,DoorTeleportData::GetTeleportCell,AE-bytesig-port,e555c6c0e7aba3e9e4801c2e5e11e3a76b42ce080683b4b9c1cf074c2030b737,0x002C1D80
0x002CC560,TES::TES,AE-bytesig-port,e555c6c0e7aba3e9e4801c2e5e11e3a76b42ce080683b4b9c1cf074c2030b737,0x002CC560
0x002CD890,TES::UpdateCurrentGridCell,AE-bytesig-port,e555c6c0e7aba3e9e4801c2e5e11e3a76b42ce080683b4b9c1cf074c2030b737,0x002CD890
0x002D03D0,TES::LoadInterior,AE-bytesig-port,e555c6c0e7aba3e9e4801c2e5e11e3a76b42ce080683b4b9c1cf074c2030b737,0x002D03D0
0x002D14C0,TES::GetCellPriority,AE-bytesig-port,e555c6c0e7aba3e9e4801c2e5e11e3a76b42ce080683b4b9c1cf074c2030b737,0x002D14C0
0x002D4090,TES::HideLoadingMenu,AE-bytesig-port,e555c6c0e7aba3e9e4801c2e5e11e3a76b42ce080683b4b9c1cf074c2030b737,0x002D4090
0x002D71D0,TES::UpdateMultiBoundVisibility,AE-bytesig-port,e555c6c0e7aba3e9e4801c2e5e11e3a76b42ce080683b4b9c1cf074c2030b737,0x002D71D0
0x002D77F0,TES::ResetAllMultiBoundNodes,AE-bytesig-port,e555c6c0e7aba3e9e4801c2e5e11e3a76b42ce080683b4b9c1cf074c2030b737,0x002D77F0
0x002DD4E0,BSSpinLock::lock,AE-bytesig-port,e555c6c0e7aba3e9e4801c2e5e11e3a76b42ce080683b4b9c1cf074c2030b737,0x002DD4E0
0x002DEED0,TESDataHandler::LoadForm,AE-bytesig-port,e555c6c0e7aba3e9e4801c2e5e11e3a76b42ce080683b4b9c1cf074c2030b737,0x002DEED0
0x002DF1C0,TESDataHandler::AddFormToDataHandler,AE-bytesig-port,e555c6c0e7aba3e9e4801c2e5e11e3a76b42ce080683b4b9c1cf074c2030b737,0x002DF1C0
0x002E4DF0,TESDataHandler::CreateReferenceAtLocation,AE-bytesig-port,e555c6c0e7aba3e9e4801c2e5e11e3a76b42ce080683b4b9c1cf074c2030b737,0x002E4DF0
0x002E6880,TESDataHandler::RemoveIDFromDataHandler,AE-bytesig-port,e555c6c0e7aba3e9e4801c2e5e11e3a76b42ce080683b4b9c1cf074c2030b737,0x002E6880
0x002E7D00,TESDataHandler::CompileFiles,AE-bytesig-port,e555c6c0e7aba3e9e4801c2e5e11e3a76b42ce080683b4b9c1cf074c2030b737,0x002E7D00
0x002E8C70,TESDataHandler::CheckModsLoaded,AE-bytesig-port,e555c6c0e7aba3e9e4801c2e5e11e3a76b42ce080683b4b9c1cf074c2030b737,0x002E8C70
0x002EA240,TESDataHandler::ConstructObject,AE-bytesig-port,e555c6c0e7aba3e9e4801c2e5e11e3a76b42ce080683b4b9c1cf074c2030b737,0x002EA240
0x002EB500,TESDataHandler::CreateFormOfType,AE-bytesig-port,e555c6c0e7aba3e9e4801c2e5e11e3a76b42ce080683b4b9c1cf074c2030b737,0x002EB500
0x002EC2E0,TESDataHandler::RegisterSingleArchive,AE-bytesig-port,e555c6c0e7aba3e9e4801c2e5e11e3a76b42ce080683b4b9c1cf074c2030b737,0x002EC2E0
0x002EC330,TESDataHandler::GetModFileSize,AE-bytesig-port,e555c6c0e7aba3e9e4801c2e5e11e3a76b42ce080683b4b9c1cf074c2030b737,0x002EC330
0x002EC6F0,TESDataHandler::CollectFiles,AE-bytesig-port,e555c6c0e7aba3e9e4801c2e5e11e3a76b42ce080683b4b9c1cf074c2030b737,0x002EC6F0
0x002EE6F0,TESDataHandler::TemplateActorBaseCopy,AE-bytesig-port,e555c6c0e7aba3e9e4801c2e5e11e3a76b42ce080683b4b9c1cf074c2030b737,0x002EE6F0
0x002EEA20,TESDataHandler::RegisterBaseArchivesForFile,AE-bytesig-port,e555c6c0e7aba3e9e4801c2e5e11e3a76b42ce080683b4b9c1cf074c2030b737,0x002EEA20
0x002EECD0,TESDataHandler::RegisterAdditionalArchivesForFile,AE-bytesig-port,e555c6c0e7aba3e9e4801c2e5e11e3a76b42ce080683b4b9c1cf074c2030b737,0x002EECD0
0x002EF120,TESDataHandler::IsFormIDInuse,AE-bytesig-port,e555c6c0e7aba3e9e4801c2e5e11e3a76b42ce080683b4b9c1cf074c2030b737,0x002EF120
0x002F2320,TESWorldSpace::GetCellFromKey,AE-bytesig-port,e555c6c0e7aba3e9e4801c2e5e11e3a76b42ce080683b4b9c1cf074c2030b737,0x002F2320
0x002F3460,BGSDefaultObjectManager::GetSingleton,AE-bytesig-port,e555c6c0e7aba3e9e4801c2e5e11e3a76b42ce080683b4b9c1cf074c2030b737,0x002F33E0
0x002F34E0,BGSObjectVisibilityManager::GetSingleton,AE-bytesig-port,e555c6c0e7aba3e9e4801c2e5e11e3a76b42ce080683b4b9c1cf074c2030b737,0x002F3460
0x002F4880,TESPageCache::TESPageCache,AE-bytesig-port,e555c6c0e7aba3e9e4801c2e5e11e3a76b42ce080683b4b9c1cf074c2030b737,0x002F4880
0x002F5340,TESFile::OpenTES,AE-bytesig-port,e555c6c0e7aba3e9e4801c2e5e11e3a76b42ce080683b4b9c1cf074c2030b737,0x002F5340
0x002F5880,TESFile::CloseTES,AE-bytesig-port,e555c6c0e7aba3e9e4801c2e5e11e3a76b42ce080683b4b9c1cf074c2030b737,0x002F5870
0x002F7850,TESFile::FindForm,AE-bytesig-port,e555c6c0e7aba3e9e4801c2e5e11e3a76b42ce080683b4b9c1cf074c2030b737,0x002F7840
0x002F7D70,TESFile::TESRewind,AE-bytesig-port,e555c6c0e7aba3e9e4801c2e5e11e3a76b42ce080683b4b9c1cf074c2030b737,0x002F7D60
0x002F7E80,TESFile::NextForm,AE-bytesig-port,e555c6c0e7aba3e9e4801c2e5e11e3a76b42ce080683b4b9c1cf074c2030b737,0x002F7E70
0x002F8020,TESFile::GetNextForm,AE-bytesig-port,e555c6c0e7aba3e9e4801c2e5e11e3a76b42ce080683b4b9c1cf074c2030b737,0x002F8010
0x002F81A0,TESFile::GetTESForm,AE-bytesig-port,e555c6c0e7aba3e9e4801c2e5e11e3a76b42ce080683b4b9c1cf074c2030b737,0x002F8190
0x002F8230,TESFile::SetOffset,AE-bytesig-port,e555c6c0e7aba3e9e4801c2e5e11e3a76b42ce080683b4b9c1cf074c2030b737,0x002F8220
0x002F85C0,TESFile::GetTESChunk,AE-bytesig-port,e555c6c0e7aba3e9e4801c2e5e11e3a76b42ce080683b4b9c1cf074c2030b737,0x002F85B0
0x002F8610,TESFile::NextChunk,AE-bytesig-port,e555c6c0e7aba3e9e4801c2e5e11e3a76b42ce080683b4b9c1cf074c2030b737,0x002F8600
0x002F86D0,TESFile::GetChunkData,AE-bytesig-port,e555c6c0e7aba3e9e4801c2e5e11e3a76b42ce080683b4b9c1cf074c2030b737,0x002F86C0
0x002F91C0,TESFile::GetThreadSafeFile,AE-bytesig-port,e555c6c0e7aba3e9e4801c2e5e11e3a76b42ce080683b4b9c1cf074c2030b737,0x002F91B0
0x002F9440,TESFile::GetDecompressedBuffer,AE-bytesig-port,e555c6c0e7aba3e9e4801c2e5e11e3a76b42ce080683b4b9c1cf074c2030b737,0x002F9430
0x002F9490,TESFile::DecompressCurrentForm,AE-bytesig-port,e555c6c0e7aba3e9e4801c2e5e11e3a76b42ce080683b4b9c1cf074c2030b737,0x002F9480
0x002F9710,TESFile::ReadFormHeader,AE-bytesig-port,e555c6c0e7aba3e9e4801c2e5e11e3a76b42ce080683b4b9c1cf074c2030b737,0x002F9700
0x002F9870,TESFile::ReadChunkHeader,AE-bytesig-port,e555c6c0e7aba3e9e4801c2e5e11e3a76b42ce080683b4b9c1cf074c2030b737,0x002F9860
0x002F9B20,TESFile::GetThreadSafeFileForThread,AE-bytesig-port,e555c6c0e7aba3e9e4801c2e5e11e3a76b42ce080683b4b9c1cf074c2030b737,0x002F9B10
0x002FA240,TESFile::GetTempIDCanLoadFromFile,AE-bytesig-port,e555c6c0e7aba3e9e4801c2e5e11e3a76b42ce080683b4b9c1cf074c2030b737,0x002FA230
0x002FA740,scrapMalloc,AE-bytesig-port,e555c6c0e7aba3e9e4801c2e5e11e3a76b42ce080683b4b9c1cf074c2030b737,0x002FA730
0x002FBB00,TESModelDB::QueueTextureSet,AE-bytesig-port,e555c6c0e7aba3e9e4801c2e5e11e3a76b42ce080683b4b9c1cf074c2030b737,0x002FBAF0
0x002FBF00,TESModelDB::TESQueuedHandles::AddRequest,AE-bytesig-port,e555c6c0e7aba3e9e4801c2e5e11e3a76b42ce080683b4b9c1cf074c2030b737,0x002FBEF0
0x002FE070,BGSDestructibleObjectForm::DamageObject,AE-bytesig-port,e555c6c0e7aba3e9e4801c2e5e11e3a76b42ce080683b4b9c1cf074c2030b737,0x002FE060
0x00303770,BGSKeywordForm::GetInstanceKeywordData,AE-bytesig-port,e555c6c0e7aba3e9e4801c2e5e11e3a76b42ce080683b4b9c1cf074c2030b737,0x00303760
0x00303CA0,BGSKeywordForm::AddKeyword,AE-bytesig-port,e555c6c0e7aba3e9e4801c2e5e11e3a76b42ce080683b4b9c1cf074c2030b737,0x00303C90
0x003046F0,BGSOpenCloseForm::GetAsOpenCloseForm,AE-bytesig-port,e555c6c0e7aba3e9e4801c2e5e11e3a76b42ce080683b4b9c1cf074c2030b737,0x003046E0
0x003054F0,BGSOpenCloseForm::HasOnlyOpenCloseAnims,AE-bytesig-port,e555c6c0e7aba3e9e4801c2e5e11e3a76b42ce080683b4b9c1cf074c2030b737,0x003054E0
0x00305600,BGSOpenCloseForm::AutoCloseRef,AE-bytesig-port,e555c6c0e7aba3e9e4801c2e5e11e3a76b42ce080683b4b9c1cf074c2030b737,0x003055F0
0x00305770,BGSOpenCloseForm::SetOpenState,AE-bytesig-port,e555c6c0e7aba3e9e4801c2e5e11e3a76b42ce080683b4b9c1cf074c2030b737,0x00305760
0x003059C0,BGSOpenCloseForm::GetOpenState,AE-bytesig-port,e555c6c0e7aba3e9e4801c2e5e11e3a76b42ce080683b4b9c1cf074c2030b737,0x003059B0
0x00305BA0,BGSOpenCloseForm::IsAnimating,AE-bytesig-port,e555c6c0e7aba3e9e4801c2e5e11e3a76b42ce080683b4b9c1cf074c2030b737,0x00305B90
0x00306320,AttemptOpenCloseAnimation,AE-bytesig-port,e555c6c0e7aba3e9e4801c2e5e11e3a76b42ce080683b4b9c1cf074c2030b737,0x00306310
0x003064B0,PlayOpenCloseAnimHelper,AE-bytesig-port,e555c6c0e7aba3e9e4801c2e5e11e3a76b42ce080683b4b9c1cf074c2030b737,0x003064A0
0x003077A0,BGSPerkRankArray::ClearPerks,AE-bytesig-port,e555c6c0e7aba3e9e4801c2e5e11e3a76b42ce080683b4b9c1cf074c2030b737,0x00307790
0x00307840,BGSPerkRankArray::AllocatePerkRankArray,AE-bytesig-port,e555c6c0e7aba3e9e4801c2e5e11e3a76b42ce080683b4b9c1cf074c2030b737,0x00307830
0x00308100,FormComponentCollection::InitFormComponentArray,AE-bytesig-port,e555c6c0e7aba3e9e4801c2e5e11e3a76b42ce080683b4b9c1cf074c2030b737,0x003080F0
0x00308710,FormComponentCollection::InitializeDataAllComponents,AE-bytesig-port,e555c6c0e7aba3e9e4801c2e5e11e3a76b42ce080683b4b9c1cf074c2030b737,0x00308700
0x00308750,FormComponentCollection::ClearDataAllComponents,AE-bytesig-port,e555c6c0e7aba3e9e4801c2e5e11e3a76b42ce080683b4b9c1cf074c2030b737,0x00308740
0x00308870,FactionUtil::IntegrateFactionArrays,AE-bytesig-port,e555c6c0e7aba3e9e4801c2e5e11e3a76b42ce080683b4b9c1cf074c2030b737,0x00308860
0x003097F0,TESActorBaseData::CalcTemplateForRef,AE-bytesig-port,e555c6c0e7aba3e9e4801c2e5e11e3a76b42ce080683b4b9c1cf074c2030b737,0x003097E0
0x0030A7A0,TESActorBaseData::SetFactionRank,AE-bytesig-port,e555c6c0e7aba3e9e4801c2e5e11e3a76b42ce080683b4b9c1cf074c2030b737,0x0030A790
0x0030F620,TESFileArray::Add,AE-bytesig-port,e555c6c0e7aba3e9e4801c2e5e11e3a76b42ce080683b4b9c1cf074c2030b737,0x0030F610
0x0030F7B0,TESFileArray::Remove,AE-bytesig-port,e555c6c0e7aba3e9e4801c2e5e11e3a76b42ce080683b4b9c1cf074c2030b737,0x0030F7A0
0x0030FB80,TESFileArray::TESFileArray,AE-bytesig-port,e555c6c0e7aba3e9e4801c2e5e11e3a76b42ce080683b4b9c1cf074c2030b737,0x0030FB70
0x0030FE70,TESFileArray::GetOrCreate,AE-bytesig-port,e555c6c0e7aba3e9e4801c2e5e11e3a76b42ce080683b4b9c1cf074c2030b737,0x0030FE60
0x00311790,TESForm::InitItem,AE-bytesig-port,e555c6c0e7aba3e9e4801c2e5e11e3a76b42ce080683b4b9c1cf074c2030b737,0x00311780
0x00311860,TESForm::GetFormByNumericID,AE-bytesig-port,e555c6c0e7aba3e9e4801c2e5e11e3a76b42ce080683b4b9c1cf074c2030b737,0x00311850
0x00311900,TESForm::GetFormByEditorID,AE-bytesig-port,e555c6c0e7aba3e9e4801c2e5e11e3a76b42ce080683b4b9c1cf074c2030b737,0x003118F0
0x00312130,TESForm::SetFile,AE-bytesig-port,e555c6c0e7aba3e9e4801c2e5e11e3a76b42ce080683b4b9c1cf074c2030b737,0x00312120
0x00312360,TESForm::RemoveFromDataStructures,AE-bytesig-port,e555c6c0e7aba3e9e4801c2e5e11e3a76b42ce080683b4b9c1cf074c2030b737,0x00312350
0x00312FE0,TESForm::CopyComponent,AE-bytesig-port,e555c6c0e7aba3e9e4801c2e5e11e3a76b42ce080683b4b9c1cf074c2030b737,0x00312FD0
0x003133C0,TESForm::AddCompileIndex,AE-bytesig-port,e555c6c0e7aba3e9e4801c2e5e11e3a76b42ce080683b4b9c1cf074c2030b737,0x003133B0
0x00315DD0,TESFullName::GetFullName,AE-bytesig-port,e555c6c0e7aba3e9e4801c2e5e11e3a76b42ce080683b4b9c1cf074c2030b737,0x00315DC0
0x00315EF0,TESFullName::SetSparseFullName,AE-bytesig-port,e555c6c0e7aba3e9e4801c2e5e11e3a76b42ce080683b4b9c1cf074c2030b737,0x00315EE0
0x00316620,TESHealthForm::GetFormHealth,AE-bytesig-port,e555c6c0e7aba3e9e4801c2e5e11e3a76b42ce080683b4b9c1cf074c2030b737,0x00316610
0x00317080,TESLeveledList::AddLeveledObject,AE-bytesig-port,e555c6c0e7aba3e9e4801c2e5e11e3a76b42ce080683b4b9c1cf074c2030b737,0x00317070
0x00317310,TESLeveledList::CalculateCurrentFormList,AE-bytesig-port,e555c6c0e7aba3e9e4801c2e5e11e3a76b42ce080683b4b9c1cf074c2030b737,0x00317300
0x00317AC0,TESLeveledList::CalculateCurrentFormListForRef,AE-bytesig-port,e555c6c0e7aba3e9e4801c2e5e11e3a76b42ce080683b4b9c1cf074c2030b737,0x00317AB0
0x00317E70,TESLeveledList::AddCalcedObject,AE-bytesig-port,e555c6c0e7aba3e9e4801c2e5e11e3a76b42ce080683b4b9c1cf074c2030b737,0x00317E60
0x00318AC0,TESLeveledList::AddScriptAddedLeveledObject,AE-bytesig-port,e555c6c0e7aba3e9e4801c2e5e11e3a76b42ce080683b4b9c1cf074c2030b737,0x00318AB0
0x00318FF0,TESLeveledList::CalculateCurrentForm,AE-bytesig-port,e555c6c0e7aba3e9e4801c2e5e11e3a76b42ce080683b4b9c1cf074c2030b737,0x00318FE0
0x0031AF20,TESModel::QueueAddons,AE-bytesig-port,e555c6c0e7aba3e9e4801c2e5e11e3a76b42ce080683b4b9c1cf074c2030b737,0x0031AF10
0x0031B3D0,TESModel::QueueMaterials,AE-bytesig-port,e555c6c0e7aba3e9e4801c2e5e11e3a76b42ce080683b4b9c1cf074c2030b737,0x0031B3C0
0x0031B4B0,TESModel::QueueTextures,AE-bytesig-port,e555c6c0e7aba3e9e4801c2e5e11e3a76b42ce080683b4b9c1cf074c2030b737,0x0031B4A0
0x00320120,TESSpellList::AddSpell,AE-bytesig-port,e555c6c0e7aba3e9e4801c2e5e11e3a76b42ce080683b4b9c1cf074c2030b737,0x00320110
0x00321870,TESValueForm::GetFormValue,AE-bytesig-port,e555c6c0e7aba3e9e4801c2e5e11e3a76b42ce080683b4b9c1cf074c2030b737,0x00321860
0x00321CB0,TESWeightForm::GetFormWeight,AE-bytesig-port,e555c6c0e7aba3e9e4801c2e5e11e3a76b42ce080683b4b9c1cf074c2030b737,0x00321CA0
0x00321E70,ActionInput::ActionInput_dtor,AE-bytesig-port,e555c6c0e7aba3e9e4801c2e5e11e3a76b42ce080683b4b9c1cf074c2030b737,0x00321E60
0x00322170,BGSAnimationSequencer::EvaluateSequence,AE-bytesig-port,e555c6c0e7aba3e9e4801c2e5e11e3a76b42ce080683b4b9c1cf074c2030b737,0x00322160
0x003255E0,BGSAttachTechniques::InitSDM,AE-bytesig-port,e555c6c0e7aba3e9e4801c2e5e11e3a76b42ce080683b4b9c1cf074c2030b737,0x003255D0
0x0032F6E0,BGSDecalManager::UpdateDecals,AE-bytesig-port,e555c6c0e7aba3e9e4801c2e5e11e3a76b42ce080683b4b9c1cf074c2030b737,0x0032F6D0
0x00337DC0,BGSDynamicPersistenceManager::DemoteReferences,AE-bytesig-port,e555c6c0e7aba3e9e4801c2e5e11e3a76b42ce080683b4b9c1cf074c2030b737,0x00337DB0
0x00337EF0,BGSDynamicPersistenceManager::PromoteReference,AE-bytesig-port,e555c6c0e7aba3e9e4801c2e5e11e3a76b42ce080683b4b9c1cf074c2030b737,0x00337EE0
0x003380D0,BGSDynamicPersistenceManager::DemoteReference,AE-bytesig-port,e555c6c0e7aba3e9e4801c2e5e11e3a76b42ce080683b4b9c1cf074c2030b737,0x003380C0
0x00338CD0,BGSDynamicPersistenceManager::RefPromoteAutoLock::RefPromoteAutoLock,AE-bytesig-port,e555c6c0e7aba3e9e4801c2e5e11e3a76b42ce080683b4b9c1cf074c2030b737,0x00338CC0
0x0033C590,BGSGrassManager::CreateCellGrassDirectory,AE-bytesig-port,e555c6c0e7aba3e9e4801c2e5e11e3a76b42ce080683b4b9c1cf074c2030b737,0x0033C580
0x003405E0,InteractionUtils::CollectInteractionData,AE-bytesig-port,e555c6c0e7aba3e9e4801c2e5e11e3a76b42ce080683b4b9c1cf074c2030b737,0x003405D0
0x003478F0,BGSInventoryInterface::RequestInventoryItem,AE-bytesig-port,e555c6c0e7aba3e9e4801c2e5e11e3a76b42ce080683b4b9c1cf074c2030b737,0x003478E0
0x00348570,BGSInventoryInterface::IncRefCount,AE-bytesig-port,e555c6c0e7aba3e9e4801c2e5e11e3a76b42ce080683b4b9c1cf074c2030b737,0x00348560
0x00349840,BGSInventoryItem::GetScratchItem,AE-bytesig-port,e555c6c0e7aba3e9e4801c2e5e11e3a76b42ce080683b4b9c1cf074c2030b737,0x00349830
0x00349C10,BGSInventoryItem::GetTotalWeight,AE-bytesig-port,e555c6c0e7aba3e9e4801c2e5e11e3a76b42ce080683b4b9c1cf074c2030b737,0x00349C00
0x00349D00,BGSInventoryItem::IsQuestObject,AE-bytesig-port,e555c6c0e7aba3e9e4801c2e5e11e3a76b42ce080683b4b9c1cf074c2030b737,0x00349CF0
0x00349E80,BGSInventoryItem::GetDisplayFullName,AE-bytesig-port,e555c6c0e7aba3e9e4801c2e5e11e3a76b42ce080683b4b9c1cf074c2030b737,0x00349E70
0x0034B140,BGSInventoryItem::GetInventoryValue,AE-bytesig-port,e555c6c0e7aba3e9e4801c2e5e11e3a76b42ce080683b4b9c1cf074c2030b737,0x0034B130
0x0034B8A0,BGSInventoryItem::MergeStacks,AE-bytesig-port,e555c6c0e7aba3e9e4801c2e5e11e3a76b42ce080683b4b9c1cf074c2030b737,0x0034B890
0x0034C0E0,BGSInventoryItem::FindAndWriteStackData,AE-bytesig-port,e555c6c0e7aba3e9e4801c2e5e11e3a76b42ce080683b4b9c1cf074c2030b737,0x0034C0D0
0x0034D330,BGSInventoryList::ctor,AE-bytesig-port,e555c6c0e7aba3e9e4801c2e5e11e3a76b42ce080683b4b9c1cf074c2030b737,0x0034D320
0x0034D610,BGSInventoryList::BuildFromContainer,AE-bytesig-port,e555c6c0e7aba3e9e4801c2e5e11e3a76b42ce080683b4b9c1cf074c2030b737,0x0034D600
0x0034D920,BGSInventoryList::GetCount,AE-bytesig-port,e555c6c0e7aba3e9e4801c2e5e11e3a76b42ce080683b4b9c1cf074c2030b737,0x0034D910
0x0034DA20,BGSInventoryList::FindItemIndex,AE-bytesig-port,e555c6c0e7aba3e9e4801c2e5e11e3a76b42ce080683b4b9c1cf074c2030b737,0x0034DA10
0x003517E0,BGSLocalizedStringDL::GetText,AE-bytesig-port,e555c6c0e7aba3e9e4801c2e5e11e3a76b42ce080683b4b9c1cf074c2030b737,0x003517D0
0x003567A0,BGSPrimitive::CreateAbstract,AE-bytesig-port,e555c6c0e7aba3e9e4801c2e5e11e3a76b42ce080683b4b9c1cf074c2030b737,0x00356790
0x00357EB0,BIPOBJECT::BIPOBJECT,AE-bytesig-port,e555c6c0e7aba3e9e4801c2e5e11e3a76b42ce080683b4b9c1cf074c2030b737,0x00357EA0
0x00357FF0,BIPOBJECT::Clear,AE-bytesig-port,e555c6c0e7aba3e9e4801c2e5e11e3a76b42ce080683b4b9c1cf074c2030b737,0x00357FE0
0x003580E0,BIPOBJECT::SetModExtra,AE-bytesig-port,e555c6c0e7aba3e9e4801c2e5e11e3a76b42ce080683b4b9c1cf074c2030b737,0x003580D0
0x00358130,BIPOBJECT::operator_assign,AE-bytesig-port,e555c6c0e7aba3e9e4801c2e5e11e3a76b42ce080683b4b9c1cf074c2030b737,0x00358120
0x003582B0,BipedAnim::BipedAnim,AE-bytesig-port,e555c6c0e7aba3e9e4801c2e5e11e3a76b42ce080683b4b9c1cf074c2030b737,0x003582A0
0x00358470,BipedAnim::BipedAnim_dtor,AE-bytesig-port,e555c6c0e7aba3e9e4801c2e5e11e3a76b42ce080683b4b9c1cf074c2030b737,0x00358460
0x00358580,BipedAnim::RemoveClothingAndArmor,AE-bytesig-port,e555c6c0e7aba3e9e4801c2e5e11e3a76b42ce080683b4b9c1cf074c2030b737,0x00358570
0x003585E0,BipedAnim::RemoveAllParts,AE-bytesig-port,e555c6c0e7aba3e9e4801c2e5e11e3a76b42ce080683b4b9c1cf074c2030b737,0x003585D0
0x00358F80,BipedAnim::Revert,AE-bytesig-port,e555c6c0e7aba3e9e4801c2e5e11e3a76b42ce080683b4b9c1cf074c2030b737,0x00358F70
0x003594C0,BipedAnim::SetBipedPart,AE-bytesig-port,e555c6c0e7aba3e9e4801c2e5e11e3a76b42ce080683b4b9c1cf074c2030b737,0x003594B0
0x00359880,BipedAnim::LoadBipedParts,AE-bytesig-port,e555c6c0e7aba3e9e4801c2e5e11e3a76b42ce080683b4b9c1cf074c2030b737,0x00359870
0x0035A500,BipedAnim::QueueBipedParts,AE-bytesig-port,e555c6c0e7aba3e9e4801c2e5e11e3a76b42ce080683b4b9c1cf074c2030b737,0x0035A4F0
0x0035A8A0,BipedAnim::LoadBipedAnimationGraphs,AE-bytesig-port,e555c6c0e7aba3e9e4801c2e5e11e3a76b42ce080683b4b9c1cf074c2030b737,0x0035A890
0x0035A9D0,BipedAnim::SetBipedWeapon,AE-bytesig-port,e555c6c0e7aba3e9e4801c2e5e11e3a76b42ce080683b4b9c1cf074c2030b737,0x0035A9C0
0x0035AB20,BipedAnim::AttachBipedWeapon,AE-bytesig-port,e555c6c0e7aba3e9e4801c2e5e11e3a76b42ce080683b4b9c1cf074c2030b737,0x0035AB10
0x0035B1B0,BipedAnim::ClearDroppedWeapons,AE-bytesig-port,e555c6c0e7aba3e9e4801c2e5e11e3a76b42ce080683b4b9c1cf074c2030b737,0x0035B1A0
0x0035B400,BipedAnim::SetBipedAmmo,AE-bytesig-port,e555c6c0e7aba3e9e4801c2e5e11e3a76b42ce080683b4b9c1cf074c2030b737,0x0035B3F0
0x0035B530,BipedAnim::AttachBipedAmmo,AE-bytesig-port,e555c6c0e7aba3e9e4801c2e5e11e3a76b42ce080683b4b9c1cf074c2030b737,0x0035B520
0x0035B860,BipedAnim::SetBipedTorch,AE-bytesig-port,e555c6c0e7aba3e9e4801c2e5e11e3a76b42ce080683b4b9c1cf074c2030b737,0x0035B850
0x0035B9A0,BipedAnim::AttachBipedTorch,AE-bytesig-port,e555c6c0e7aba3e9e4801c2e5e11e3a76b42ce080683b4b9c1cf074c2030b737,0x0035B990
0x0035BEB0,BipedAnim::RemoveBipedTorch,AE-bytesig-port,e555c6c0e7aba3e9e4801c2e5e11e3a76b42ce080683b4b9c1cf074c2030b737,0x0035BEA0
0x0035C960,BipedAnim::LoadAndAttachAddOn,AE-bytesig-port,e555c6c0e7aba3e9e4801c2e5e11e3a76b42ce080683b4b9c1cf074c2030b737,0x0035C950
0x0035CE90,BipedAnim::AddAddonNodes,AE-bytesig-port,e555c6c0e7aba3e9e4801c2e5e11e3a76b42ce080683b4b9c1cf074c2030b737,0x0035CE80
0x0035D1D0,BipedAnim::AttachToParent,AE-bytesig-port,e555c6c0e7aba3e9e4801c2e5e11e3a76b42ce080683b4b9c1cf074c2030b737,0x0035D1C0
0x0035D8C0,BipedAnim::GetBipedObjectEquipIndex,AE-bytesig-port,e555c6c0e7aba3e9e4801c2e5e11e3a76b42ce080683b4b9c1cf074c2030b737,0x0035D8B0
0x0035D900,BipedAnim::ApplySkinnedObjects,AE-bytesig-port,e555c6c0e7aba3e9e4801c2e5e11e3a76b42ce080683b4b9c1cf074c2030b737,0x0035D8F0
0x0035DC90,BipedAnim::BuildObjectArray,AE-bytesig-port,e555c6c0e7aba3e9e4801c2e5e11e3a76b42ce080683b4b9c1cf074c2030b737,0x0035DC80
0x0035DFD0,BipedAnim::HideShowBufferedSkin,AE-bytesig-port,e555c6c0e7aba3e9e4801c2e5e11e3a76b42ce080683b4b9c1cf074c2030b737,0x0035DFC0
0x0035E090,BipedAnim::HideShowSkinParts,AE-bytesig-port,e555c6c0e7aba3e9e4801c2e5e11e3a76b42ce080683b4b9c1cf074c2030b737,0x0035E080
0x0035E640,BipedAnim::AttachSkinnedObject,AE-bytesig-port,e555c6c0e7aba3e9e4801c2e5e11e3a76b42ce080683b4b9c1cf074c2030b737,0x0035E630
0x0035ECC0,BipedAnim::AdjustSkinComplexion,AE-bytesig-port,e555c6c0e7aba3e9e4801c2e5e11e3a76b42ce080683b4b9c1cf074c2030b737,0x0035ECB0
0x0035ED00,BipedAnim::CreateAnimationGraphManagerHolder,AE-bytesig-port,e555c6c0e7aba3e9e4801c2e5e11e3a76b42ce080683b4b9c1cf074c2030b737,0x0035ECF0
0x0035F090,BipedAnim::RetrieveProjectForBipedSlot,AE-bytesig-port,e555c6c0e7aba3e9e4801c2e5e11e3a76b42ce080683b4b9c1cf074c2030b737,0x0035F080
0x0035F230,AttachModsForBipedObject,AE-bytesig-port,e555c6c0e7aba3e9e4801c2e5e11e3a76b42ce080683b4b9c1cf074c2030b737,0x0035F220
0x00360EC0,BSModelDB::HandleListHead::Add,AE-bytesig-port,e555c6c0e7aba3e9e4801c2e5e11e3a76b42ce080683b4b9c1cf074c2030b737,0x00360EB0
0x00360F70,BSConnectPoint::Parents::Add,AE-bytesig-port,e555c6c0e7aba3e9e4801c2e5e11e3a76b42ce080683b4b9c1cf074c2030b737,0x00360F60
0x003653F0,FillUserNameGlobal,AE-bytesig-port,e555c6c0e7aba3e9e4801c2e5e11e3a76b42ce080683b4b9c1cf074c2030b737,0x003653E0
0x00365F20,NiCamera::BoundInFrustum,AE-bytesig-port,e555c6c0e7aba3e9e4801c2e5e11e3a76b42ce080683b4b9c1cf074c2030b737,0x00365F10
0x00377870,ActorUtils::GetWeaponBoneName,AE-bytesig-port,e555c6c0e7aba3e9e4801c2e5e11e3a76b42ce080683b4b9c1cf074c2030b737,0x00377860
0x00378560,VatsEffectTarget::VatsEffectTarget,AE-bytesig-port,e555c6c0e7aba3e9e4801c2e5e11e3a76b42ce080683b4b9c1cf074c2030b737,0x00378550
0x00378A40,VatsEffectControl::Enable,AE-bytesig-port,e555c6c0e7aba3e9e4801c2e5e11e3a76b42ce080683b4b9c1cf074c2030b737,0x00378A30
0x0037D910,Workshop::IsTurret,AE-bytesig-port,e555c6c0e7aba3e9e4801c2e5e11e3a76b42ce080683b4b9c1cf074c2030b737,0x0037D900
0x003820B0,Workshop::IsWorkshopItem,AE-bytesig-port,e555c6c0e7aba3e9e4801c2e5e11e3a76b42ce080683b4b9c1cf074c2030b737,0x003820A0
0x00382210,Workshop::IsPowered,AE-bytesig-port,e555c6c0e7aba3e9e4801c2e5e11e3a76b42ce080683b4b9c1cf074c2030b737,0x00382200
0x003841B0,Workshop::IsLocationWithinBuildableArea,AE-bytesig-port,e555c6c0e7aba3e9e4801c2e5e11e3a76b42ce080683b4b9c1cf074c2030b737,0x003841A0
0x00384560,Workshop::WorkshopCanSelectRef,AE-bytesig-port,e555c6c0e7aba3e9e4801c2e5e11e3a76b42ce080683b4b9c1cf074c2030b737,0x00384550
0x00385400,Workshop::FindNearestValidWorkshop,AE-bytesig-port,e555c6c0e7aba3e9e4801c2e5e11e3a76b42ce080683b4b9c1cf074c2030b737,0x003853F0
0x00386D70,Workshop::ExtraData::AddItem,AE-bytesig-port,e555c6c0e7aba3e9e4801c2e5e11e3a76b42ce080683b4b9c1cf074c2030b737,0x00386D60
0x003873B0,Workshop::ExtraData::AddConnection,AE-bytesig-port,e555c6c0e7aba3e9e4801c2e5e11e3a76b42ce080683b4b9c1cf074c2030b737,0x003873A0
0x003878B0,Workshop::ExtraData::RemoveConnection,AE-bytesig-port,e555c6c0e7aba3e9e4801c2e5e11e3a76b42ce080683b4b9c1cf074c2030b737,0x003878A0
0x003880B0,Workshop::ExtraData::UpdateWirelessConnection,AE-bytesig-port,e555c6c0e7aba3e9e4801c2e5e11e3a76b42ce080683b4b9c1cf074c2030b737,0x003880A0
0x00389910,Workshop::WorkshopMenuNode::FindAndSetSelectedNode,AE-bytesig-port,e555c6c0e7aba3e9e4801c2e5e11e3a76b42ce080683b4b9c1cf074c2030b737,0x00389900
0x00389A90,Workshop::GetSelectedWorkshopMenuNode,AE-bytesig-port,e555c6c0e7aba3e9e4801c2e5e11e3a76b42ce080683b4b9c1cf074c2030b737,0x00389A80
0x0038C440,Workshop::ItemNeedsRepair,AE-bytesig-port,e555c6c0e7aba3e9e4801c2e5e11e3a76b42ce080683b4b9c1cf074c2030b737,0x0038C430
0x0038CDE0,PowerUtils::ItemIsPowerReceiver,AE-bytesig-port,e555c6c0e7aba3e9e4801c2e5e11e3a76b42ce080683b4b9c1cf074c2030b737,0x0038CDD0
0x0038CFE0,PowerUtils::ItemInterruptsPower,AE-bytesig-port,e555c6c0e7aba3e9e4801c2e5e11e3a76b42ce080683b4b9c1cf074c2030b737,0x0038CFD0
0x0038DCC0,SplineUtils::ConnectSpline,AE-bytesig-port,e555c6c0e7aba3e9e4801c2e5e11e3a76b42ce080683b4b9c1cf074c2030b737,0x0038DCB0
0x0038E060,PowerUtils::ItemIsPowerConnection,AE-bytesig-port,e555c6c0e7aba3e9e4801c2e5e11e3a76b42ce080683b4b9c1cf074c2030b737,0x0038E050
0x0038E4A0,PowerUtils::GatherPotentialConnectionsAroundRadiator,AE-bytesig-port,e555c6c0e7aba3e9e4801c2e5e11e3a76b42ce080683b4b9c1cf074c2030b737,0x0038E490
0x0038E7B0,PowerUtils::IsWithinRadiatorRange,AE-bytesig-port,e555c6c0e7aba3e9e4801c2e5e11e3a76b42ce080683b4b9c1cf074c2030b737,0x0038E7A0
0x0038E990,PowerUtils::UpdateMovingWirelessItem,AE-bytesig-port,e555c6c0e7aba3e9e4801c2e5e11e3a76b42ce080683b4b9c1cf074c2030b737,0x0038E980
0x0038ED80,PowerUtils::UpdateReferencePower,AE-bytesig-port,e555c6c0e7aba3e9e4801c2e5e11e3a76b42ce080683b4b9c1cf074c2030b737,0x0038ED70
0x0038EFA0,PowerUtils::ConnectToRadiator,AE-bytesig-port,e555c6c0e7aba3e9e4801c2e5e11e3a76b42ce080683b4b9c1cf074c2030b737,0x0038EF90
0x00391D30,Workshop::WorkshopCanShowRecipe,AE-bytesig-port,e555c6c0e7aba3e9e4801c2e5e11e3a76b42ce080683b4b9c1cf074c2030b737,0x00391D20
0x00395100,Workshop::ToggleEditMode,AE-bytesig-port,e555c6c0e7aba3e9e4801c2e5e11e3a76b42ce080683b4b9c1cf074c2030b737,0x003950F0
0x003A1760,Workshop::UpdateActiveEdit,AE-bytesig-port,e555c6c0e7aba3e9e4801c2e5e11e3a76b42ce080683b4b9c1cf074c2030b737,0x003A1750
0x003B8860,PowerUtils::PowerGrid::AddEdgeToNode,AE-bytesig-port,e555c6c0e7aba3e9e4801c2e5e11e3a76b42ce080683b4b9c1cf074c2030b737,0x003B8850
0x003BC8C0,PowerUtils::PowerGrid::GatherDirectlyConnected,AE-bytesig-port,e555c6c0e7aba3e9e4801c2e5e11e3a76b42ce080683b4b9c1cf074c2030b737,0x003BC8B0
0x003BEF50,NiTransform::InvertNonUniform,AE-bytesig-port,e555c6c0e7aba3e9e4801c2e5e11e3a76b42ce080683b4b9c1cf074c2030b737,0x003BEF40
0x003C43F0,Workshop::PlacementItemData::Set,AE-bytesig-port,e555c6c0e7aba3e9e4801c2e5e11e3a76b42ce080683b4b9c1cf074c2030b737,0x003C43E0
0x003C56A0,NiQuaternion::ToRotation,AE-bytesig-port,e555c6c0e7aba3e9e4801c2e5e11e3a76b42ce080683b4b9c1cf074c2030b737,0x003C5690
0x003D4500,NVFlex::BeginFrame,AE-bytesig-port,e555c6c0e7aba3e9e4801c2e5e11e3a76b42ce080683b4b9c1cf074c2030b737,0x003D44F0
0x003D45E0,NVFlex::EndFrame,AE-bytesig-port,e555c6c0e7aba3e9e4801c2e5e11e3a76b42ce080683b4b9c1cf074c2030b737,0x003D45D0
0x003DBB40,NVFlex::GetHavokWorld,AE-bytesig-port,e555c6c0e7aba3e9e4801c2e5e11e3a76b42ce080683b4b9c1cf074c2030b737,0x003DBB30
0x003E8240,MovementTweenerAnimationUtils::GetAnimationMovementData,AE-bytesig-port,e555c6c0e7aba3e9e4801c2e5e11e3a76b42ce080683b4b9c1cf074c2030b737,0x003E8230
0x003E83A0,GetAnimationAverageRotationSpeed,AE-bytesig-port,e555c6c0e7aba3e9e4801c2e5e11e3a76b42ce080683b4b9c1cf074c2030b737,0x003E8390
0x003E8840,GetSplitAnimationTweenerData,AE-bytesig-port,e555c6c0e7aba3e9e4801c2e5e11e3a76b42ce080683b4b9c1cf074c2030b737,0x003E8830
0x003F74C0,BSDismember::CalculateBoneOriginOffset,AE-bytesig-port,e555c6c0e7aba3e9e4801c2e5e11e3a76b42ce080683b4b9c1cf074c2030b737,0x003F74B0
0x003F8AB0,BSDismember::ExtractVertexData,AE-bytesig-port,e555c6c0e7aba3e9e4801c2e5e11e3a76b42ce080683b4b9c1cf074c2030b737,0x003F8AA0
0x00404C10,DISMEMBERMENT_CREATION_DATA::DISMEMBERMENT_CREATION_DATA_dtor,AE-bytesig-port,e555c6c0e7aba3e9e4801c2e5e11e3a76b42ce080683b4b9c1cf074c2030b737,0x00404C00
0x00405130,BGSDismembermentManager::GatherQueuedBodyPartsForDismemberment,AE-bytesig-port,e555c6c0e7aba3e9e4801c2e5e11e3a76b42ce080683b4b9c1cf074c2030b737,0x00405120
0x00407370,DISMEMBERMENT_CREATION_DATA::DISMEMBERMENT_CREATION_DATA,AE-bytesig-port,e555c6c0e7aba3e9e4801c2e5e11e3a76b42ce080683b4b9c1cf074c2030b737,0x00407360
0x00407730,BGSDismembermentManager::DismemberStateRing::TryPush,AE-bytesig-port,e555c6c0e7aba3e9e4801c2e5e11e3a76b42ce080683b4b9c1cf074c2030b737,0x00407720
0x00408540,BGSDismembermentManager::FinalizeDismemberment,AE-bytesig-port,e555c6c0e7aba3e9e4801c2e5e11e3a76b42ce080683b4b9c1cf074c2030b737,0x00408530
0x00408B20,BGSDismembermentManager::DoModelSwapDismemberment,AE-bytesig-port,e555c6c0e7aba3e9e4801c2e5e11e3a76b42ce080683b4b9c1cf074c2030b737,0x00408B10
0x004162E0,BGSSceneActionNPCResponseDialogue::GetCurrentTopicInfo,AE-bytesig-port,e555c6c0e7aba3e9e4801c2e5e11e3a76b42ce080683b4b9c1cf074c2030b737,0x004162D0
0x00416880,BGSScene::SetLastTarget,AE-bytesig-port,e555c6c0e7aba3e9e4801c2e5e11e3a76b42ce080683b4b9c1cf074c2030b737,0x00416870
0x0041D540,BGSDefaultObject::ctor,AE-bytesig-port,e555c6c0e7aba3e9e4801c2e5e11e3a76b42ce080683b4b9c1cf074c2030b737,0x0041D530
0x0041ECF0,BGSInstanceNamingRules::GenerateName,AE-bytesig-port,e555c6c0e7aba3e9e4801c2e5e11e3a76b42ce080683b4b9c1cf074c2030b737,0x0041ECE0
0x00434450,BGSMod::Attachment::Mod::FindModsForLooseMod,AE-bytesig-port,e555c6c0e7aba3e9e4801c2e5e11e3a76b42ce080683b4b9c1cf074c2030b737,0x00434440
0x00434800,BGSMod::Attachment::Mod::Queue,AE-bytesig-port,e555c6c0e7aba3e9e4801c2e5e11e3a76b42ce080683b4b9c1cf074c2030b737,0x004347F0
0x00436910,BGSObjectInstance::operator_assign,AE-bytesig-port,e555c6c0e7aba3e9e4801c2e5e11e3a76b42ce080683b4b9c1cf074c2030b737,0x00436900
0x004420B0,BGSTerminal::Show,AE-bytesig-port,e555c6c0e7aba3e9e4801c2e5e11e3a76b42ce080683b4b9c1cf074c2030b737,0x004420A0
0x00442110,BGSTerminal::GetHackDifficultyLockLevel,AE-bytesig-port,e555c6c0e7aba3e9e4801c2e5e11e3a76b42ce080683b4b9c1cf074c2030b737,0x00442100
0x0044C310,TESFurniture::IsWorkbench,AE-bytesig-port,e555c6c0e7aba3e9e4801c2e5e11e3a76b42ce080683b4b9c1cf074c2030b737,0x0044C300
0x0044C400,TESFurniture::IsFirstOnly,AE-bytesig-port,e555c6c0e7aba3e9e4801c2e5e11e3a76b42ce080683b4b9c1cf074c2030b737,0x0044C3F0
0x0044D2D0,TESFurniture::HandleMultiActorFurniture,AE-bytesig-port,e555c6c0e7aba3e9e4801c2e5e11e3a76b42ce080683b4b9c1cf074c2030b737,0x0044D2C0
0x00454560,TESObjectLIGH::GenDynamic,AE-bytesig-port,e555c6c0e7aba3e9e4801c2e5e11e3a76b42ce080683b4b9c1cf074c2030b737,0x00454550
0x00457100,TESBoundObject::ApplyMods,AE-bytesig-port,e555c6c0e7aba3e9e4801c2e5e11e3a76b42ce080683b4b9c1cf074c2030b737,0x004570F0
0x004583A0,TESBoundObject::Clone3D,AE-bytesig-port,e555c6c0e7aba3e9e4801c2e5e11e3a76b42ce080683b4b9c1cf074c2030b737,0x00458390
0x00458750,TESBoundObject::CloneLoadedGraphics,AE-bytesig-port,e555c6c0e7aba3e9e4801c2e5e11e3a76b42ce080683b4b9c1cf074c2030b737,0x00458740
0x0045B000,TESObjectACTI::IsSwitch,AE-bytesig-port,e555c6c0e7aba3e9e4801c2e5e11e3a76b42ce080683b4b9c1cf074c2030b737,0x0045AFF0
0x0045EF50,TESObjectARMA::AddToBiped,AE-bytesig-port,e555c6c0e7aba3e9e4801c2e5e11e3a76b42ce080683b4b9c1cf074c2030b737,0x0045EF40
0x0045F290,TESObjectARMA::GetBipedTESModel,AE-bytesig-port,e555c6c0e7aba3e9e4801c2e5e11e3a76b42ce080683b4b9c1cf074c2030b737,0x0045F280
0x0045F2E0,TESObjectARMA::GetBipedTESModel1stPerson,AE-bytesig-port,e555c6c0e7aba3e9e4801c2e5e11e3a76b42ce080683b4b9c1cf074c2030b737,0x0045F2D0
0x0045F390,TESObjectARMA::GetFacebonesTESModel,AE-bytesig-port,e555c6c0e7aba3e9e4801c2e5e11e3a76b42ce080683b4b9c1cf074c2030b737,0x0045F380
0x004626B0,TESObjectARMO::AddToBiped,AE-bytesig-port,e555c6c0e7aba3e9e4801c2e5e11e3a76b42ce080683b4b9c1cf074c2030b737,0x004626A0
0x00462AD0,TESObjectARMO::Protects,AE-bytesig-port,e555c6c0e7aba3e9e4801c2e5e11e3a76b42ce080683b4b9c1cf074c2030b737,0x00462AC0
0x0046BA80,TESObjectDOOR::CanActorIgnoreLock,AE-bytesig-port,e555c6c0e7aba3e9e4801c2e5e11e3a76b42ce080683b4b9c1cf074c2030b737,0x0046BA70
0x00484730,BGSCombinedCellGeometryDB::RegisterResourceIndexList,AE-bytesig-port,e555c6c0e7aba3e9e4801c2e5e11e3a76b42ce080683b4b9c1cf074c2030b737,0x00484720
0x00494BA0,BGSEncounterZone::GetCalcedZoneLevel,AE-bytesig-port,e555c6c0e7aba3e9e4801c2e5e11e3a76b42ce080683b4b9c1cf074c2030b737,0x00494B90
0x004967D0,BGSLargeRefData::IsLargeRef,AE-bytesig-port,e555c6c0e7aba3e9e4801c2e5e11e3a76b42ce080683b4b9c1cf074c2030b737,0x004967C0
0x00499640,BGSLoadedReferenceCollection::BGSLoadedReferenceCollection,AE-bytesig-port,e555c6c0e7aba3e9e4801c2e5e11e3a76b42ce080683b4b9c1cf074c2030b737,0x00499630
0x0049EE20,BGSLocation::AddNewSpecialRef,AE-bytesig-port,e555c6c0e7aba3e9e4801c2e5e11e3a76b42ce080683b4b9c1cf074c2030b737,0x0049EE10
0x0049F820,BGSLocation::GetUnreportedCrimeFactionForRef,AE-bytesig-port,e555c6c0e7aba3e9e4801c2e5e11e3a76b42ce080683b4b9c1cf074c2030b737,0x0049F810
0x004AC640,ImageSpaceModifierInstanceForm::Trigger,AE-bytesig-port,e555c6c0e7aba3e9e4801c2e5e11e3a76b42ce080683b4b9c1cf074c2030b737,0x004AC630
0x004AD830,ImageSpaceModifierInstanceDOF::Trigger,AE-bytesig-port,e555c6c0e7aba3e9e4801c2e5e11e3a76b42ce080683b4b9c1cf074c2030b737,0x004AD820
0x004B1E00,TESObjectLAND::TESObjectLAND,AE-bytesig-port,e555c6c0e7aba3e9e4801c2e5e11e3a76b42ce080683b4b9c1cf074c2030b737,0x004B1DF0
0x004B68A0,TESObjectLAND::GetWorldCellX,AE-bytesig-port,e555c6c0e7aba3e9e4801c2e5e11e3a76b42ce080683b4b9c1cf074c2030b737,0x004B6890
0x004B6900,TESObjectLAND::GetWorldCellY,AE-bytesig-port,e555c6c0e7aba3e9e4801c2e5e11e3a76b42ce080683b4b9c1cf074c2030b737,0x004B68F0
0x004B6980,TESObjectLAND::SetCell,AE-bytesig-port,e555c6c0e7aba3e9e4801c2e5e11e3a76b42ce080683b4b9c1cf074c2030b737,0x004B6970
0x004B87F0,TESObjectLAND::GetCoordData,AE-bytesig-port,e555c6c0e7aba3e9e4801c2e5e11e3a76b42ce080683b4b9c1cf074c2030b737,0x004B87E0
0x004B9D80,TESObjectLAND::GetLandHeight,AE-bytesig-port,e555c6c0e7aba3e9e4801c2e5e11e3a76b42ce080683b4b9c1cf074c2030b737,0x004B9D70
0x004BD100,TESObjectLAND::GetVertex,AE-bytesig-port,e555c6c0e7aba3e9e4801c2e5e11e3a76b42ce080683b4b9c1cf074c2030b737,0x004BD0F0
0x004C4B60,TESObjectCELL::GetLocation,AE-bytesig-port,e555c6c0e7aba3e9e4801c2e5e11e3a76b42ce080683b4b9c1cf074c2030b737,0x004C4B50
0x004C4E50,TESObjectCELL::IsActorCellOwner,AE-bytesig-port,e555c6c0e7aba3e9e4801c2e5e11e3a76b42ce080683b4b9c1cf074c2030b737,0x004C4E40
0x004C7080,TESObjectCELL::GetLand,AE-bytesig-port,e555c6c0e7aba3e9e4801c2e5e11e3a76b42ce080683b4b9c1cf074c2030b737,0x004C7070
0x004C71F0,TESObjectCELL::SetNavMeshArray,AE-bytesig-port,e555c6c0e7aba3e9e4801c2e5e11e3a76b42ce080683b4b9c1cf074c2030b737,0x004C71E0
0x004C8F60,TESObjectCELL::GetOwner,AE-bytesig-port,e555c6c0e7aba3e9e4801c2e5e11e3a76b42ce080683b4b9c1cf074c2030b737,0x004C8F50
0x004C9010,TESObjectCELL::SetDetachTime,AE-bytesig-port,e555c6c0e7aba3e9e4801c2e5e11e3a76b42ce080683b4b9c1cf074c2030b737,0x004C9000
0x004C9160,TESObjectCELL::CalculateEncounterZone,AE-bytesig-port,e555c6c0e7aba3e9e4801c2e5e11e3a76b42ce080683b4b9c1cf074c2030b737,0x004C9150
0x004C9340,TESObjectCELL::ReAddCombinedObjectRefs,AE-bytesig-port,e555c6c0e7aba3e9e4801c2e5e11e3a76b42ce080683b4b9c1cf074c2030b737,0x004C9330
0x004CA950,TESObjectCELL::GetRegionList,AE-bytesig-port,e555c6c0e7aba3e9e4801c2e5e11e3a76b42ce080683b4b9c1cf074c2030b737,0x004CA940
0x004CB1A0,TESObjectCELL::GetWaterType,AE-bytesig-port,e555c6c0e7aba3e9e4801c2e5e11e3a76b42ce080683b4b9c1cf074c2030b737,0x004CB190
0x004D1740,TESObjectCELL::GetCOCPlacementInfo,AE-bytesig-port,e555c6c0e7aba3e9e4801c2e5e11e3a76b42ce080683b4b9c1cf074c2030b737,0x004D1730
0x004D3A00,TESObjectCELL::IsFormCellChild,AE-bytesig-port,e555c6c0e7aba3e9e4801c2e5e11e3a76b42ce080683b4b9c1cf074c2030b737,0x004D39F0
0x004D4510,TESObjectCELL::LoadTempDataFromFile,AE-bytesig-port,e555c6c0e7aba3e9e4801c2e5e11e3a76b42ce080683b4b9c1cf074c2030b737,0x004D4500
0x004D8D10,TESObjectCELL::UpdateAllRefsLoaded,AE-bytesig-port,e555c6c0e7aba3e9e4801c2e5e11e3a76b42ce080683b4b9c1cf074c2030b737,0x004D8D00
0x004DBC70,TESObjectCELL::CellRefLockEnter,AE-bytesig-port,e555c6c0e7aba3e9e4801c2e5e11e3a76b42ce080683b4b9c1cf074c2030b737,0x004DBC60
0x004E63B0,NavMeshArray::AddNavMesh,AE-bytesig-port,e555c6c0e7aba3e9e4801c2e5e11e3a76b42ce080683b4b9c1cf074c2030b737,0x004E63A0
0x004E87D0,TESObjectCELL::AddReference,AE-bytesig-port,e555c6c0e7aba3e9e4801c2e5e11e3a76b42ce080683b4b9c1cf074c2030b737,0x004E87C0
0x004E9050,TESObjectCELL::AttatchReference3D,AE-bytesig-port,e555c6c0e7aba3e9e4801c2e5e11e3a76b42ce080683b4b9c1cf074c2030b737,0x004E9040
0x004F0D50,TESObjectREFR_Util::ExistInSameSpace,AE-bytesig-port,e555c6c0e7aba3e9e4801c2e5e11e3a76b42ce080683b4b9c1cf074c2030b737,0x004F0D40
0x004F1170,TESObjectREFR::TESObjectREFR,AE-bytesig-port,e555c6c0e7aba3e9e4801c2e5e11e3a76b42ce080683b4b9c1cf074c2030b737,0x004F1160
0x004F3BD0,TESObjectREFR::AddLockChange,AE-bytesig-port,e555c6c0e7aba3e9e4801c2e5e11e3a76b42ce080683b4b9c1cf074c2030b737,0x004F3BC0
0x004F3E10,TESObjectREFR::SetLastFinishedSequence,AE-bytesig-port,e555c6c0e7aba3e9e4801c2e5e11e3a76b42ce080683b4b9c1cf074c2030b737,0x004F3E00
0x004F4040,TESObjectREFR::UpdateCachedAttractFormFlag,AE-bytesig-port,e555c6c0e7aba3e9e4801c2e5e11e3a76b42ce080683b4b9c1cf074c2030b737,0x004F4030
0x004F4530,TESObjectREFR::GetVoiceType,AE-bytesig-port,e555c6c0e7aba3e9e4801c2e5e11e3a76b42ce080683b4b9c1cf074c2030b737,0x004F4520
0x004F55F0,TESObjectREFR::DamageObject,AE-bytesig-port,e555c6c0e7aba3e9e4801c2e5e11e3a76b42ce080683b4b9c1cf074c2030b737,0x004F55E0
0x004F8630,TESObjectREFR::MoveHavokSaveData,AE-bytesig-port,e555c6c0e7aba3e9e4801c2e5e11e3a76b42ce080683b4b9c1cf074c2030b737,0x004F8620
0x004FB930,TESObjectREFR::SetRefPersists,AE-bytesig-port,e555c6c0e7aba3e9e4801c2e5e11e3a76b42ce080683b4b9c1cf074c2030b737,0x004FB920
0x004FBE90,TESObjectREFR::IsPromoted,AE-bytesig-port,e555c6c0e7aba3e9e4801c2e5e11e3a76b42ce080683b4b9c1cf074c2030b737,0x004FBE80
0x004FC5E0,TESObjectREFR::HasTimeControllers,AE-bytesig-port,e555c6c0e7aba3e9e4801c2e5e11e3a76b42ce080683b4b9c1cf074c2030b737,0x004FC5D0
0x004FCAF0,TESObjectREFR::HasNonStartsEnabledAlias,AE-bytesig-port,e555c6c0e7aba3e9e4801c2e5e11e3a76b42ce080683b4b9c1cf074c2030b737,0x004FCAE0
0x004FCC20,TESObjectREFR::AddAddonNodes,AE-bytesig-port,e555c6c0e7aba3e9e4801c2e5e11e3a76b42ce080683b4b9c1cf074c2030b737,0x004FCC10
0x004FCF80,TESObjectREFR::AddMasterParticleAddonNodes,AE-bytesig-port,e555c6c0e7aba3e9e4801c2e5e11e3a76b42ce080683b4b9c1cf074c2030b737,0x004FCF70
0x004FD790,TESObjectREFR::GetOriginalOpenByDefaultState,AE-bytesig-port,e555c6c0e7aba3e9e4801c2e5e11e3a76b42ce080683b4b9c1cf074c2030b737,0x004FD780
0x004FE000,TESObjectREFR::PostKeywordsModified,AE-bytesig-port,e555c6c0e7aba3e9e4801c2e5e11e3a76b42ce080683b4b9c1cf074c2030b737,0x004FDFF0
0x004FE440,TESObjectREFR::DisableInputForPlayer,AE-bytesig-port,e555c6c0e7aba3e9e4801c2e5e11e3a76b42ce080683b4b9c1cf074c2030b737,0x004FE430
0x004FE540,TESObjectREFR::EnableInputForPlayer,AE-bytesig-port,e555c6c0e7aba3e9e4801c2e5e11e3a76b42ce080683b4b9c1cf074c2030b737,0x004FE530
0x004FF530,TESObjectREFR::GetScale,AE-bytesig-port,e555c6c0e7aba3e9e4801c2e5e11e3a76b42ce080683b4b9c1cf074c2030b737,0x004FF520
0x004FF5A0,TESObjectREFR::SetScale,AE-bytesig-port,e555c6c0e7aba3e9e4801c2e5e11e3a76b42ce080683b4b9c1cf074c2030b737,0x004FF590
0x004FF8D0,TESObjectREFR::EnsureStartingPosition,AE-bytesig-port,e555c6c0e7aba3e9e4801c2e5e11e3a76b42ce080683b4b9c1cf074c2030b737,0x004FF8C0
0x004FF9F0,TESObjectREFR::CanBeMoved,AE-bytesig-port,e555c6c0e7aba3e9e4801c2e5e11e3a76b42ce080683b4b9c1cf074c2030b737,0x004FF9E0
0x00501A20,TESObjectREFR::GetGoldAmount,AE-bytesig-port,e555c6c0e7aba3e9e4801c2e5e11e3a76b42ce080683b4b9c1cf074c2030b737,0x00501A10
0x00502160,TESObjectREFR::HasObjectId,AE-bytesig-port,e555c6c0e7aba3e9e4801c2e5e11e3a76b42ce080683b4b9c1cf074c2030b737,0x00502150
0x00502290,TESObjectREFR::GetInventoryObjectCount,AE-bytesig-port,e555c6c0e7aba3e9e4801c2e5e11e3a76b42ce080683b4b9c1cf074c2030b737,0x00502280
0x00502950,TESObjectREFR::AddInventoryItem,AE-bytesig-port,e555c6c0e7aba3e9e4801c2e5e11e3a76b42ce080683b4b9c1cf074c2030b737,0x00502940
0x00503960,TESObjectREFR::MakeInventoryChanges,AE-bytesig-port,e555c6c0e7aba3e9e4801c2e5e11e3a76b42ce080683b4b9c1cf074c2030b737,0x00503950
0x00503B10,TESObjectREFR::CopyInventoryList,AE-bytesig-port,e555c6c0e7aba3e9e4801c2e5e11e3a76b42ce080683b4b9c1cf074c2030b737,0x00503B00
0x00504290,TESObjectREFR::InitLeveledItems,AE-bytesig-port,e555c6c0e7aba3e9e4801c2e5e11e3a76b42ce080683b4b9c1cf074c2030b737,0x00504280
0x00504A60,TESObjectREFR::InitInventoryIfRequired,AE-bytesig-port,e555c6c0e7aba3e9e4801c2e5e11e3a76b42ce080683b4b9c1cf074c2030b737,0x00504A50
0x00504F10,TESObjectREFR::InitWorn,AE-bytesig-port,e555c6c0e7aba3e9e4801c2e5e11e3a76b42ce080683b4b9c1cf074c2030b737,0x00504F00
0x00504F50,TESObjectREFR::InitFavorites,AE-bytesig-port,e555c6c0e7aba3e9e4801c2e5e11e3a76b42ce080683b4b9c1cf074c2030b737,0x00504F40
0x005052A0,TESObjectREFR::GetInventoryItem,AE-bytesig-port,e555c6c0e7aba3e9e4801c2e5e11e3a76b42ce080683b4b9c1cf074c2030b737,0x00505290
0x00505450,TESObjectREFR::GetInventoryItemInstanceData,AE-bytesig-port,e555c6c0e7aba3e9e4801c2e5e11e3a76b42ce080683b4b9c1cf074c2030b737,0x00505440
0x00505860,TESObjectREFR::GetEquippedObject,AE-bytesig-port,e555c6c0e7aba3e9e4801c2e5e11e3a76b42ce080683b4b9c1cf074c2030b737,0x00505850
0x00505980,TESObjectREFR::GetEquipSlot,AE-bytesig-port,e555c6c0e7aba3e9e4801c2e5e11e3a76b42ce080683b4b9c1cf074c2030b737,0x00505970
0x00506140,TESObjectREFR::FixDisplayedHeadParts,AE-bytesig-port,e555c6c0e7aba3e9e4801c2e5e11e3a76b42ce080683b4b9c1cf074c2030b737,0x00506130
0x005075D0,TESObjectREFR::GetKeywordItemCount,AE-bytesig-port,e555c6c0e7aba3e9e4801c2e5e11e3a76b42ce080683b4b9c1cf074c2030b737,0x005075C0
0x00507620,TESObjectREFR::WornHasKeyword,AE-bytesig-port,e555c6c0e7aba3e9e4801c2e5e11e3a76b42ce080683b4b9c1cf074c2030b737,0x00507610
0x00507670,TESObjectREFR::GetItemCount,AE-bytesig-port,e555c6c0e7aba3e9e4801c2e5e11e3a76b42ce080683b4b9c1cf074c2030b737,0x00507660
0x0050A540,TESObjectREFR::InitModHavok,AE-bytesig-port,e555c6c0e7aba3e9e4801c2e5e11e3a76b42ce080683b4b9c1cf074c2030b737,0x0050A530
0x0050F990,TESObjectREFR::UpdateReference3D,AE-bytesig-port,e555c6c0e7aba3e9e4801c2e5e11e3a76b42ce080683b4b9c1cf074c2030b737,0x0050F980
0x0050FDC0,TESObjectREFR::UpdateReference3DStencilRef,AE-bytesig-port,e555c6c0e7aba3e9e4801c2e5e11e3a76b42ce080683b4b9c1cf074c2030b737,0x0050FDB0
0x0050FE60,TESObjectREFR::ReplaceModel,AE-bytesig-port,e555c6c0e7aba3e9e4801c2e5e11e3a76b42ce080683b4b9c1cf074c2030b737,0x0050FE50
0x0050FF50,TESObjectREFR::GetModel,AE-bytesig-port,e555c6c0e7aba3e9e4801c2e5e11e3a76b42ce080683b4b9c1cf074c2030b737,0x0050FF40
0x00510170,TESObjectREFR::FindReferenceFor3D,AE-bytesig-port,e555c6c0e7aba3e9e4801c2e5e11e3a76b42ce080683b4b9c1cf074c2030b737,0x00510160
0x00510370,TESObjectREFR::GetOrientation,AE-bytesig-port,e555c6c0e7aba3e9e4801c2e5e11e3a76b42ce080683b4b9c1cf074c2030b737,0x00510360
0x00510430,TESObjectREFR::GetTransform,AE-bytesig-port,e555c6c0e7aba3e9e4801c2e5e11e3a76b42ce080683b4b9c1cf074c2030b737,0x00510420
0x005107D0,TESObjectREFR::GetObjectCenter,AE-bytesig-port,e555c6c0e7aba3e9e4801c2e5e11e3a76b42ce080683b4b9c1cf074c2030b737,0x005107C0
0x00511590,TESObjectREFR::SetDismembered,AE-bytesig-port,e555c6c0e7aba3e9e4801c2e5e11e3a76b42ce080683b4b9c1cf074c2030b737,0x00511580
0x00511960,TESObjectREFR::AttachTorch,AE-bytesig-port,e555c6c0e7aba3e9e4801c2e5e11e3a76b42ce080683b4b9c1cf074c2030b737,0x00511950
0x00511B60,TESObjectREFR::AttachAmmo,AE-bytesig-port,e555c6c0e7aba3e9e4801c2e5e11e3a76b42ce080683b4b9c1cf074c2030b737,0x00511B50
0x005123E0,TESObjectREFR::RebuildBendableSpline,AE-bytesig-port,e555c6c0e7aba3e9e4801c2e5e11e3a76b42ce080683b4b9c1cf074c2030b737,0x005123D0
0x00513310,TESObjectREFR::GetDisplayFullName,AE-bytesig-port,e555c6c0e7aba3e9e4801c2e5e11e3a76b42ce080683b4b9c1cf074c2030b737,0x00513300
0x00513660,TESObjectREFR::IsAshPile,AE-bytesig-port,e555c6c0e7aba3e9e4801c2e5e11e3a76b42ce080683b4b9c1cf074c2030b737,0x00513650
0x005137A0,TESObjectREFR::SetAngleOnReference,AE-bytesig-port,e555c6c0e7aba3e9e4801c2e5e11e3a76b42ce080683b4b9c1cf074c2030b737,0x00513790
0x005139C0,TESObjectREFR::SetAngleOnReferenceZ,AE-bytesig-port,e555c6c0e7aba3e9e4801c2e5e11e3a76b42ce080683b4b9c1cf074c2030b737,0x005139B0
0x00513CA0,TESObjectREFR::BuildPathToTarget,AE-bytesig-port,e555c6c0e7aba3e9e4801c2e5e11e3a76b42ce080683b4b9c1cf074c2030b737,0x00513C90
0x00514190,TESObjectREFR::ActivateRef,AE-bytesig-port,e555c6c0e7aba3e9e4801c2e5e11e3a76b42ce080683b4b9c1cf074c2030b737,0x00514180
0x00515650,TESObjectREFR::Enable,AE-bytesig-port,e555c6c0e7aba3e9e4801c2e5e11e3a76b42ce080683b4b9c1cf074c2030b737,0x00515640
0x00516B20,TESObjectREFR::MarkAsDeleted,AE-bytesig-port,e555c6c0e7aba3e9e4801c2e5e11e3a76b42ce080683b4b9c1cf074c2030b737,0x00516B10
0x00516B60,TESObjectREFR::IsMarker,AE-bytesig-port,e555c6c0e7aba3e9e4801c2e5e11e3a76b42ce080683b4b9c1cf074c2030b737,0x00516B50
0x00516C20,TESObjectREFR::MoveToStartingLocation,AE-bytesig-port,e555c6c0e7aba3e9e4801c2e5e11e3a76b42ce080683b4b9c1cf074c2030b737,0x00516C10
0x00516D10,TESObjectREFR::GetCurrentLocation,AE-bytesig-port,e555c6c0e7aba3e9e4801c2e5e11e3a76b42ce080683b4b9c1cf074c2030b737,0x00516D00
0x00516FC0,TESObjectREFR::GetWorldSpace,AE-bytesig-port,e555c6c0e7aba3e9e4801c2e5e11e3a76b42ce080683b4b9c1cf074c2030b737,0x00516FB0
0x005172D0,TESObjectREFR::GetDistanceSqFromPoint,AE-bytesig-port,e555c6c0e7aba3e9e4801c2e5e11e3a76b42ce080683b4b9c1cf074c2030b737,0x005172C0
0x00517DE0,TESObjectREFR::IsCrimeToActivate,AE-bytesig-port,e555c6c0e7aba3e9e4801c2e5e11e3a76b42ce080683b4b9c1cf074c2030b737,0x00517DD0
0x005191A0,TESObjectREFR::GetHandle,AE-bytesig-port,e555c6c0e7aba3e9e4801c2e5e11e3a76b42ce080683b4b9c1cf074c2030b737,0x00519190
0x00519420,TESObjectREFR::SetWantsDelete,AE-bytesig-port,e555c6c0e7aba3e9e4801c2e5e11e3a76b42ce080683b4b9c1cf074c2030b737,0x00519410
0x005196F0,TESObjectREFR::UpdateDynamicNavmesh,AE-bytesig-port,e555c6c0e7aba3e9e4801c2e5e11e3a76b42ce080683b4b9c1cf074c2030b737,0x005196E0
0x0052BE70,TESObjectREFR_Events::SendCommandModeEnter,AE-bytesig-port,e555c6c0e7aba3e9e4801c2e5e11e3a76b42ce080683b4b9c1cf074c2030b737,0x0052BE60
0x0052BF30,TESObjectREFR_Events::SendCommandModeExit,AE-bytesig-port,e555c6c0e7aba3e9e4801c2e5e11e3a76b42ce080683b4b9c1cf074c2030b737,0x0052BF20
0x0052D1E0,TESObjectREFR_Events::SendInitScript,AE-bytesig-port,e555c6c0e7aba3e9e4801c2e5e11e3a76b42ce080683b4b9c1cf074c2030b737,0x0052D1D0
0x0052D330,TESObjectREFR_Events::SendLockChanged,AE-bytesig-port,e555c6c0e7aba3e9e4801c2e5e11e3a76b42ce080683b4b9c1cf074c2030b737,0x0052D320
0x0052D810,TESObjectREFR_Events::SendPackage,AE-bytesig-port,e555c6c0e7aba3e9e4801c2e5e11e3a76b42ce080683b4b9c1cf074c2030b737,0x0052D800
0x0052DC90,TESObjectREFR_Events::SendQuestStartStop,AE-bytesig-port,e555c6c0e7aba3e9e4801c2e5e11e3a76b42ce080683b4b9c1cf074c2030b737,0x0052DC80
0x0052DE70,TESObjectREFR_Events::SendScene,AE-bytesig-port,e555c6c0e7aba3e9e4801c2e5e11e3a76b42ce080683b4b9c1cf074c2030b737,0x0052DE60
0x0052E020,TESObjectREFR_Events::SendScenePhase,AE-bytesig-port,e555c6c0e7aba3e9e4801c2e5e11e3a76b42ce080683b4b9c1cf074c2030b737,0x0052E010
0x0052E470,TESObjectREFR_Events::SendTopicInfo,AE-bytesig-port,e555c6c0e7aba3e9e4801c2e5e11e3a76b42ce080683b4b9c1cf074c2030b737,0x0052E460
0x0052EBC0,TESObjectREFR_Events::SendWaitStartEvent,AE-bytesig-port,e555c6c0e7aba3e9e4801c2e5e11e3a76b42ce080683b4b9c1cf074c2030b737,0x0052EBB0
0x0052ECE0,TESObjectREFR_Events::SendSwitchRaceCompleteEvent,AE-bytesig-port,e555c6c0e7aba3e9e4801c2e5e11e3a76b42ce080683b4b9c1cf074c2030b737,0x0052ECD0
0x0055E720,TESObjectREFR::GetMarkerUser,AE-bytesig-port,e555c6c0e7aba3e9e4801c2e5e11e3a76b42ce080683b4b9c1cf074c2030b737,0x0055E710
0x0055E850,TESObjectREFR::SetMarkerUsed,AE-bytesig-port,e555c6c0e7aba3e9e4801c2e5e11e3a76b42ce080683b4b9c1cf074c2030b737,0x0055E840
0x0055EDB0,TESObjectREFR::GetFirstFreeMarkerIndex,AE-bytesig-port,e555c6c0e7aba3e9e4801c2e5e11e3a76b42ce080683b4b9c1cf074c2030b737,0x0055EDA0
0x00561B00,TESObjectREFR::GetOwner,AE-bytesig-port,e555c6c0e7aba3e9e4801c2e5e11e3a76b42ce080683b4b9c1cf074c2030b737,0x00561AF0
0x00562060,TESObjectREFR::SetOwner,AE-bytesig-port,e555c6c0e7aba3e9e4801c2e5e11e3a76b42ce080683b4b9c1cf074c2030b737,0x00562050
0x00562630,TESObjectREFR::GetEncounterZone,AE-bytesig-port,e555c6c0e7aba3e9e4801c2e5e11e3a76b42ce080683b4b9c1cf074c2030b737,0x00562620
0x00562780,TESObjectREFR::GetCalcLevel,AE-bytesig-port,e555c6c0e7aba3e9e4801c2e5e11e3a76b42ce080683b4b9c1cf074c2030b737,0x00562770
0x00562970,TESObjectREFR::IsAnOwner,AE-bytesig-port,e555c6c0e7aba3e9e4801c2e5e11e3a76b42ce080683b4b9c1cf074c2030b737,0x00562960
0x00563370,TESObjectREFR::Lock,AE-bytesig-port,e555c6c0e7aba3e9e4801c2e5e11e3a76b42ce080683b4b9c1cf074c2030b737,0x00563360
0x00563630,TESObjectREFR::IsLeveledCreature,AE-bytesig-port,e555c6c0e7aba3e9e4801c2e5e11e3a76b42ce080683b4b9c1cf074c2030b737,0x00563620
0x00563760,TESObjectREFR::InitFromLeveledItemBase,AE-bytesig-port,e555c6c0e7aba3e9e4801c2e5e11e3a76b42ce080683b4b9c1cf074c2030b737,0x00563750
0x005641D0,TESObjectREFR::GetBaseLocationRefType,AE-bytesig-port,e555c6c0e7aba3e9e4801c2e5e11e3a76b42ce080683b4b9c1cf074c2030b737,0x005641C0
0x00564370,TESObjectREFR::CleanUpNewSpecialRef,AE-bytesig-port,e555c6c0e7aba3e9e4801c2e5e11e3a76b42ce080683b4b9c1cf074c2030b737,0x00564360
0x005645B0,TESObjectREFR::SetLinkedRef,AE-bytesig-port,e555c6c0e7aba3e9e4801c2e5e11e3a76b42ce080683b4b9c1cf074c2030b737,0x005645A0
0x005706D0,TESWorldSpace::TESWorldSpace,AE-bytesig-port,e555c6c0e7aba3e9e4801c2e5e11e3a76b42ce080683b4b9c1cf074c2030b737,0x005706C0
0x00573E60,TESWorldSpace::GetEncounterZone,AE-bytesig-port,e555c6c0e7aba3e9e4801c2e5e11e3a76b42ce080683b4b9c1cf074c2030b737,0x00573E50
0x005743A0,TESWorldSpace::GetLocation,AE-bytesig-port,e555c6c0e7aba3e9e4801c2e5e11e3a76b42ce080683b4b9c1cf074c2030b737,0x00574390
0x00574A40,TESWorldSpace::AddCell,AE-bytesig-port,e555c6c0e7aba3e9e4801c2e5e11e3a76b42ce080683b4b9c1cf074c2030b737,0x00574A30
0x00575E30,TESWorldSpace::AddToPersistentRefData,AE-bytesig-port,e555c6c0e7aba3e9e4801c2e5e11e3a76b42ce080683b4b9c1cf074c2030b737,0x00575E20
0x00576040,TESWorldSpace::RemoveFromPersistentRefData,AE-bytesig-port,e555c6c0e7aba3e9e4801c2e5e11e3a76b42ce080683b4b9c1cf074c2030b737,0x00576030
0x00577170,TESWorldSpace::GetLocationForWorldCoord,AE-bytesig-port,e555c6c0e7aba3e9e4801c2e5e11e3a76b42ce080683b4b9c1cf074c2030b737,0x00577160
0x00577740,TESWorldSpace::GetSkyCell,AE-bytesig-port,e555c6c0e7aba3e9e4801c2e5e11e3a76b42ce080683b4b9c1cf074c2030b737,0x00577730
0x00579410,TESWorldSpace::GetDefaultLevelForCell,AE-bytesig-port,e555c6c0e7aba3e9e4801c2e5e11e3a76b42ce080683b4b9c1cf074c2030b737,0x00579400
0x0057EF60,BGSCameraPathManager::GetCameraPathToPlay,AE-bytesig-port,e555c6c0e7aba3e9e4801c2e5e11e3a76b42ce080683b4b9c1cf074c2030b737,0x0057EF50
0x0057FCE0,BGSCameraShot::SetCameraLocation,AE-bytesig-port,e555c6c0e7aba3e9e4801c2e5e11e3a76b42ce080683b4b9c1cf074c2030b737,0x0057FCD0
0x00580050,BGSCameraShot::SetCameraTarget,AE-bytesig-port,e555c6c0e7aba3e9e4801c2e5e11e3a76b42ce080683b4b9c1cf074c2030b737,0x00580040
0x00582050,BGSCameraShotContext::ResetCamera,AE-bytesig-port,e555c6c0e7aba3e9e4801c2e5e11e3a76b42ce080683b4b9c1cf074c2030b737,0x00582040
0x00586400,BGSImpactData::CalculateOrientationVector,AE-bytesig-port,e555c6c0e7aba3e9e4801c2e5e11e3a76b42ce080683b4b9c1cf074c2030b737,0x005863F0
0x00586CD0,BGSImpactDataSet::GetImpactData,AE-bytesig-port,e555c6c0e7aba3e9e4801c2e5e11e3a76b42ce080683b4b9c1cf074c2030b737,0x00586CC0
0x00588EE0,BGSListForm::GetItemIndex,AE-bytesig-port,e555c6c0e7aba3e9e4801c2e5e11e3a76b42ce080683b4b9c1cf074c2030b737,0x00588ED0
0x00593E00,BGSSoundDescriptorForm::GetIsLoop,AE-bytesig-port,e555c6c0e7aba3e9e4801c2e5e11e3a76b42ce080683b4b9c1cf074c2030b737,0x00593DF0
0x00596ED0,BGSTextureSet::CreateShaderTextureSet,AE-bytesig-port,e555c6c0e7aba3e9e4801c2e5e11e3a76b42ce080683b4b9c1cf074c2030b737,0x00596EC0
0x005A0160,Script::GetOpenStateConditionFunction,AE-bytesig-port,e555c6c0e7aba3e9e4801c2e5e11e3a76b42ce080683b4b9c1cf074c2030b737,0x005A0150
0x005B0970,ScriptLocals::GetVariable,AE-bytesig-port,e555c6c0e7aba3e9e4801c2e5e11e3a76b42ce080683b4b9c1cf074c2030b737,0x005B0960
0x005B2300,Script::RunScriptEffectUpdate,AE-bytesig-port,e555c6c0e7aba3e9e4801c2e5e11e3a76b42ce080683b4b9c1cf074c2030b737,0x005B22F0
0x005B2370,Script::CompileAndRun,AE-bytesig-port,e555c6c0e7aba3e9e4801c2e5e11e3a76b42ce080683b4b9c1cf074c2030b737,0x005B2360
0x005B31C0,Script::GetReferencedObject,AE-bytesig-port,e555c6c0e7aba3e9e4801c2e5e11e3a76b42ce080683b4b9c1cf074c2030b737,0x005B31B0
0x005B32E0,Script::ParseParameters,AE-bytesig-port,e555c6c0e7aba3e9e4801c2e5e11e3a76b42ce080683b4b9c1cf074c2030b737,0x005B32D0
0x005B6160,SCRIPT_FUNCTION::GetCompileFunction,AE-bytesig-port,e555c6c0e7aba3e9e4801c2e5e11e3a76b42ce080683b4b9c1cf074c2030b737,0x005B6150
0x005C1D20,Script::SetScaleBase,AE-bytesig-port,e555c6c0e7aba3e9e4801c2e5e11e3a76b42ce080683b4b9c1cf074c2030b737,0x005C1D10
0x005C1D50,Script::SetRigidBodyMassBase,AE-bytesig-port,e555c6c0e7aba3e9e4801c2e5e11e3a76b42ce080683b4b9c1cf074c2030b737,0x005C1D40
0x005C6BC0,Script::SetStageFunction,AE-bytesig-port,e555c6c0e7aba3e9e4801c2e5e11e3a76b42ce080683b4b9c1cf074c2030b737,0x005C6BB0
0x005D3450,Script::SetGlobalTimeMultiplierFunction,AE-bytesig-port,e555c6c0e7aba3e9e4801c2e5e11e3a76b42ce080683b4b9c1cf074c2030b737,0x005D3440
0x0060FDE0,ScriptRunner::Run,AE-bytesig-port,e555c6c0e7aba3e9e4801c2e5e11e3a76b42ce080683b4b9c1cf074c2030b737,0x0060FDC0
0x006110A0,ScriptRunner::ScriptError,AE-bytesig-port,e555c6c0e7aba3e9e4801c2e5e11e3a76b42ce080683b4b9c1cf074c2030b737,0x00611080
0x006111C0,ScriptRunManager::Run,AE-bytesig-port,e555c6c0e7aba3e9e4801c2e5e11e3a76b42ce080683b4b9c1cf074c2030b737,0x006111A0
0x00618540,BGSEntryPoint::HandleEntryPoint,AE-bytesig-port,e555c6c0e7aba3e9e4801c2e5e11e3a76b42ce080683b4b9c1cf074c2030b737,0x00618520
0x00621110,BGSMovementType::GetMovementTypeFromID,AE-bytesig-port,e555c6c0e7aba3e9e4801c2e5e11e3a76b42ce080683b4b9c1cf074c2030b737,0x006210F0
0x00622290,BGSNote::GetNoteProgram,AE-bytesig-port,e555c6c0e7aba3e9e4801c2e5e11e3a76b42ce080683b4b9c1cf074c2030b737,0x00622270
0x00626F00,BGSQuestInstanceText::BGSQuestInstanceText_dtor,AE-bytesig-port,e555c6c0e7aba3e9e4801c2e5e11e3a76b42ce080683b4b9c1cf074c2030b737,0x00626EE0
0x00627E20,BGSQuestInstanceText::ParseString,AE-bytesig-port,e555c6c0e7aba3e9e4801c2e5e11e3a76b42ce080683b4b9c1cf074c2030b737,0x00627E00
0x0062AA40,BGSRefAlias::BGSRefAlias,AE-bytesig-port,e555c6c0e7aba3e9e4801c2e5e11e3a76b42ce080683b4b9c1cf074c2030b737,0x0062AA20
0x0062C140,BGSRefAlias::RemoveFromRef,AE-bytesig-port,e555c6c0e7aba3e9e4801c2e5e11e3a76b42ce080683b4b9c1cf074c2030b737,0x0062C120
0x00632680,BGSRelationship::GetRelationshipLevel,AE-bytesig-port,e555c6c0e7aba3e9e4801c2e5e11e3a76b42ce080683b4b9c1cf074c2030b737,0x00632660
0x006326B0,BGSRelationship::GetRelationshipLevelValue,AE-bytesig-port,e555c6c0e7aba3e9e4801c2e5e11e3a76b42ce080683b4b9c1cf074c2030b737,0x00632690
0x00632700,BGSRelationship::GetRelationshipFavorPointsValue,AE-bytesig-port,e555c6c0e7aba3e9e4801c2e5e11e3a76b42ce080683b4b9c1cf074c2030b737,0x006326E0
0x00632B10,BGSRelationship::GetRelationship,AE-bytesig-port,e555c6c0e7aba3e9e4801c2e5e11e3a76b42ce080683b4b9c1cf074c2030b737,0x00632AF0
0x006359E0,BGSScene::GetSceneProgressionType,AE-bytesig-port,e555c6c0e7aba3e9e4801c2e5e11e3a76b42ce080683b4b9c1cf074c2030b737,0x006359C0
0x00635D50,BGSScene::GetSceneActorFlagValue,AE-bytesig-port,e555c6c0e7aba3e9e4801c2e5e11e3a76b42ce080683b4b9c1cf074c2030b737,0x00635D30
0x006371B0,BGSScene::EvaluateProgressionFlag,AE-bytesig-port,e555c6c0e7aba3e9e4801c2e5e11e3a76b42ce080683b4b9c1cf074c2030b737,0x00637190
0x006373B0,BGSScene::SetSceneActive,AE-bytesig-port,e555c6c0e7aba3e9e4801c2e5e11e3a76b42ce080683b4b9c1cf074c2030b737,0x00637390
0x00637F20,BGSScene::GetLastTarget,AE-bytesig-port,e555c6c0e7aba3e9e4801c2e5e11e3a76b42ce080683b4b9c1cf074c2030b737,0x00637F00
0x00637F70,BGSScene::SetLastSpeakerID,AE-bytesig-port,e555c6c0e7aba3e9e4801c2e5e11e3a76b42ce080683b4b9c1cf074c2030b737,0x00637F50
0x006391D0,BGSScene::GetReferencesSceneID,AE-bytesig-port,e555c6c0e7aba3e9e4801c2e5e11e3a76b42ce080683b4b9c1cf074c2030b737,0x006391B0
0x006398D0,BGSScene::AddOrRemoveSceneOnActors,AE-bytesig-port,e555c6c0e7aba3e9e4801c2e5e11e3a76b42ce080683b4b9c1cf074c2030b737,0x006398B0
0x0063C100,BGSScene::GetAllowDialogueCamera,AE-bytesig-port,e555c6c0e7aba3e9e4801c2e5e11e3a76b42ce080683b4b9c1cf074c2030b737,0x0063C0E0
0x0063C160,PlayerCharacter::GetSceneAllowsDialogueCamera,AE-bytesig-port,e555c6c0e7aba3e9e4801c2e5e11e3a76b42ce080683b4b9c1cf074c2030b737,0x0063C140
0x00642560,BGSScenePhase::RunEndScript,AE-bytesig-port,e555c6c0e7aba3e9e4801c2e5e11e3a76b42ce080683b4b9c1cf074c2030b737,0x00642540
0x00643430,BGSTopicSubtypeUnion::GetTopicInfo,AE-bytesig-port,e555c6c0e7aba3e9e4801c2e5e11e3a76b42ce080683b4b9c1cf074c2030b737,0x00643410
0x00644860,TESActorBase::ShouldRunInitDefaultWorn,AE-bytesig-port,e555c6c0e7aba3e9e4801c2e5e11e3a76b42ce080683b4b9c1cf074c2030b737,0x00644840
0x006470E0,TESFaction::GetPlayerAnEnemy,AE-bytesig-port,e555c6c0e7aba3e9e4801c2e5e11e3a76b42ce080683b4b9c1cf074c2030b737,0x006470C0
0x006471A0,TESFaction::SetPlayerAnEnemy,AE-bytesig-port,e555c6c0e7aba3e9e4801c2e5e11e3a76b42ce080683b4b9c1cf074c2030b737,0x00647180
0x00647C90,TESFaction::IsPlayerResistingArrest,AE-bytesig-port,e555c6c0e7aba3e9e4801c2e5e11e3a76b42ce080683b4b9c1cf074c2030b737,0x00647C70
0x0064AB30,TESIdleManager::TESIdleManager,AE-bytesig-port,e555c6c0e7aba3e9e4801c2e5e11e3a76b42ce080683b4b9c1cf074c2030b737,0x0064AB10
0x006516C0,TESNPC::ScaleFaceBones,AE-bytesig-port,e555c6c0e7aba3e9e4801c2e5e11e3a76b42ce080683b4b9c1cf074c2030b737,0x006516A0
0x006517A0,TESNPC::FillBoneScaleMap,AE-bytesig-port,e555c6c0e7aba3e9e4801c2e5e11e3a76b42ce080683b4b9c1cf074c2030b737,0x00651780
0x00652230,TESNPC::ScaleSkinBones,AE-bytesig-port,e555c6c0e7aba3e9e4801c2e5e11e3a76b42ce080683b4b9c1cf074c2030b737,0x00652210
0x00653DA0,TESNPC::ClearUniqueActor,AE-bytesig-port,e555c6c0e7aba3e9e4801c2e5e11e3a76b42ce080683b4b9c1cf074c2030b737,0x00653D80
0x00653F80,TESNPC::GetShortName,AE-bytesig-port,e555c6c0e7aba3e9e4801c2e5e11e3a76b42ce080683b4b9c1cf074c2030b737,0x00653F60
0x00654B00,TESNPC::GetFacialBoneMorphIntensity,AE-bytesig-port,e555c6c0e7aba3e9e4801c2e5e11e3a76b42ce080683b4b9c1cf074c2030b737,0x00654AE0
0x00655030,TESNPC::AddHeadPart,AE-bytesig-port,e555c6c0e7aba3e9e4801c2e5e11e3a76b42ce080683b4b9c1cf074c2030b737,0x00655010
0x006559E0,TESNPC::ApplyAllCustomizationMorphs,AE-bytesig-port,e555c6c0e7aba3e9e4801c2e5e11e3a76b42ce080683b4b9c1cf074c2030b737,0x006559C0
0x006586B0,TESNPC::Clone3D,AE-bytesig-port,e555c6c0e7aba3e9e4801c2e5e11e3a76b42ce080683b4b9c1cf074c2030b737,0x00658690
0x00658930,TESNPC::InitParts,AE-bytesig-port,e555c6c0e7aba3e9e4801c2e5e11e3a76b42ce080683b4b9c1cf074c2030b737,0x00658910
0x00659010,TESNPC::ReplaceRefModel,AE-bytesig-port,e555c6c0e7aba3e9e4801c2e5e11e3a76b42ce080683b4b9c1cf074c2030b737,0x00658FF0
0x0065A130,TESNPC::GetHeight,AE-bytesig-port,e555c6c0e7aba3e9e4801c2e5e11e3a76b42ce080683b4b9c1cf074c2030b737,0x0065A110
0x0065D940,TESNPC::FreeTintingData,AE-bytesig-port,e555c6c0e7aba3e9e4801c2e5e11e3a76b42ce080683b4b9c1cf074c2030b737,0x0065D920
0x0065F020,TESNPC::BakeChargenMorphs,AE-bytesig-port,e555c6c0e7aba3e9e4801c2e5e11e3a76b42ce080683b4b9c1cf074c2030b737,0x0065F000
0x00665D30,Actor::IsSneaking,AE-bytesig-port,e555c6c0e7aba3e9e4801c2e5e11e3a76b42ce080683b4b9c1cf074c2030b737,0x00665D10
0x006688F0,TESQuest::InitSDM,AE-bytesig-port,e555c6c0e7aba3e9e4801c2e5e11e3a76b42ce080683b4b9c1cf074c2030b737,0x006688D0
0x0066B230,TESQuest::SetStage,AE-bytesig-port,e555c6c0e7aba3e9e4801c2e5e11e3a76b42ce080683b4b9c1cf074c2030b737,0x0066B210
0x0066DD20,TESQuest::GetAlias,AE-bytesig-port,e555c6c0e7aba3e9e4801c2e5e11e3a76b42ce080683b4b9c1cf074c2030b737,0x0066DD00
0x0066FB90,TESQuest::ForceRefIntoAlias,AE-bytesig-port,e555c6c0e7aba3e9e4801c2e5e11e3a76b42ce080683b4b9c1cf074c2030b737,0x0066FB70
0x00671C80,TESQuest::GetAliasedRef,AE-bytesig-port,e555c6c0e7aba3e9e4801c2e5e11e3a76b42ce080683b4b9c1cf074c2030b737,0x00671C60
0x00672860,TESQuest::GetAllMatchingInfos,AE-bytesig-port,e555c6c0e7aba3e9e4801c2e5e11e3a76b42ce080683b4b9c1cf074c2030b737,0x00672840
0x006757E0,TESQuest::InitSearchTables,AE-bytesig-port,e555c6c0e7aba3e9e4801c2e5e11e3a76b42ce080683b4b9c1cf074c2030b737,0x006757C0
0x0067E320,TESQuest::AddAliasedRefAt,AE-bytesig-port,e555c6c0e7aba3e9e4801c2e5e11e3a76b42ce080683b4b9c1cf074c2030b737,0x0067E300
0x0067EA60,TESQuest::ClearAliasAtIndex,AE-bytesig-port,e555c6c0e7aba3e9e4801c2e5e11e3a76b42ce080683b4b9c1cf074c2030b737,0x0067EA40
0x0067F0A0,TESQuest::DoGetAliasedRef,AE-bytesig-port,e555c6c0e7aba3e9e4801c2e5e11e3a76b42ce080683b4b9c1cf074c2030b737,0x0067F080
0x0068AFE0,TESRace::GetMovementTypeDataForMovementType,AE-bytesig-port,e555c6c0e7aba3e9e4801c2e5e11e3a76b42ce080683b4b9c1cf074c2030b737,0x0068AFC0
0x0068C2B0,TESRace::GetMeatCapTextureSet,AE-bytesig-port,e555c6c0e7aba3e9e4801c2e5e11e3a76b42ce080683b4b9c1cf074c2030b737,0x0068C290
0x0068C320,TESRace::GetMeatCollarTextureSet,AE-bytesig-port,e555c6c0e7aba3e9e4801c2e5e11e3a76b42ce080683b4b9c1cf074c2030b737,0x0068C300
0x00693A50,TESResponse::GetAudioFilename,AE-bytesig-port,e555c6c0e7aba3e9e4801c2e5e11e3a76b42ce080683b4b9c1cf074c2030b737,0x00693A30
0x00694570,TESResponse::GetStopOnSceneEnd,AE-bytesig-port,e555c6c0e7aba3e9e4801c2e5e11e3a76b42ce080683b4b9c1cf074c2030b737,0x00694550
0x00694770,TESResponse::GetAudioFullPath,AE-bytesig-port,e555c6c0e7aba3e9e4801c2e5e11e3a76b42ce080683b4b9c1cf074c2030b737,0x00694750
0x00696C10,TESTopic::TESTopic,AE-bytesig-port,e555c6c0e7aba3e9e4801c2e5e11e3a76b42ce080683b4b9c1cf074c2030b737,0x00696BF0
0x00698600,TESTopic::InitDialogueItem,AE-bytesig-port,e555c6c0e7aba3e9e4801c2e5e11e3a76b42ce080683b4b9c1cf074c2030b737,0x006985E0
0x00698B10,TESTopic::GetMatchingInfo,AE-bytesig-port,e555c6c0e7aba3e9e4801c2e5e11e3a76b42ce080683b4b9c1cf074c2030b737,0x00698AF0
0x00699050,TESTopic::InitSDM,AE-bytesig-port,e555c6c0e7aba3e9e4801c2e5e11e3a76b42ce080683b4b9c1cf074c2030b737,0x00699030
0x006992F0,TESTopic::GetMatchingInfoHelper,AE-bytesig-port,e555c6c0e7aba3e9e4801c2e5e11e3a76b42ce080683b4b9c1cf074c2030b737,0x006992D0
0x0069B0C0,DialogueItem::InsertResponse,AE-bytesig-port,e555c6c0e7aba3e9e4801c2e5e11e3a76b42ce080683b4b9c1cf074c2030b737,0x0069B0A0
0x0069BA30,TESTopicInfo::TESTopicInfo,AE-bytesig-port,e555c6c0e7aba3e9e4801c2e5e11e3a76b42ce080683b4b9c1cf074c2030b737,0x0069BA10
0x0069D7E0,TESTopicInfo::CheckChildInfoSaid,AE-bytesig-port,e555c6c0e7aba3e9e4801c2e5e11e3a76b42ce080683b4b9c1cf074c2030b737,0x0069D7C0
0x0069D900,TESTopicInfo::SetChildInfoSaid,AE-bytesig-port,e555c6c0e7aba3e9e4801c2e5e11e3a76b42ce080683b4b9c1cf074c2030b737,0x0069D8E0
0x0069DE10,TESTopicInfo::GetOverrideFilename,AE-bytesig-port,e555c6c0e7aba3e9e4801c2e5e11e3a76b42ce080683b4b9c1cf074c2030b737,0x0069DDF0
0x0069F170,TESTopicInfo::CheckCondition,AE-bytesig-port,e555c6c0e7aba3e9e4801c2e5e11e3a76b42ce080683b4b9c1cf074c2030b737,0x0069F150
0x0069F280,TESTopicInfo::RunResult,AE-bytesig-port,e555c6c0e7aba3e9e4801c2e5e11e3a76b42ce080683b4b9c1cf074c2030b737,0x0069F260
0x0069F530,TESTopicInfo::StartSceneOnEnd,AE-bytesig-port,e555c6c0e7aba3e9e4801c2e5e11e3a76b42ce080683b4b9c1cf074c2030b737,0x0069F510
0x0069F5B0,TESTopicInfo::SetAllSaidTrackingData,AE-bytesig-port,e555c6c0e7aba3e9e4801c2e5e11e3a76b42ce080683b4b9c1cf074c2030b737,0x0069F590
0x0069F6C0,TESTopicInfo::StartScene,AE-bytesig-port,e555c6c0e7aba3e9e4801c2e5e11e3a76b42ce080683b4b9c1cf074c2030b737,0x0069F6A0
0x0069FD70,TESTopicInfo::GetPlayerAddressDataForName,AE-bytesig-port,e555c6c0e7aba3e9e4801c2e5e11e3a76b42ce080683b4b9c1cf074c2030b737,0x0069FD50
0x006A75A0,HavokSystem::Init,AE-bytesig-port,e555c6c0e7aba3e9e4801c2e5e11e3a76b42ce080683b4b9c1cf074c2030b737,0x006A7580
0x006A7980,HavokSystem::HavokStackFunc,AE-bytesig-port,e555c6c0e7aba3e9e4801c2e5e11e3a76b42ce080683b4b9c1cf074c2030b737,0x006A7960
0x006A7E80,HavokError::HavokError,AE-bytesig-port,e555c6c0e7aba3e9e4801c2e5e11e3a76b42ce080683b4b9c1cf074c2030b737,0x006A7E60
0x006A8930,HavokError::DisableReport,AE-bytesig-port,e555c6c0e7aba3e9e4801c2e5e11e3a76b42ce080683b4b9c1cf074c2030b737,0x006A8910
0x006ACD10,TESHavokUtilities::GetSceneGraphMass,AE-bytesig-port,e555c6c0e7aba3e9e4801c2e5e11e3a76b42ce080683b4b9c1cf074c2030b737,0x006ACCF0
0x006BF8C0,Sky::ResetWeather,AE-bytesig-port,e555c6c0e7aba3e9e4801c2e5e11e3a76b42ce080683b4b9c1cf074c2030b737,0x006BF8A0
0x006BF9C0,Sky::ForceWeather,AE-bytesig-port,e555c6c0e7aba3e9e4801c2e5e11e3a76b42ce080683b4b9c1cf074c2030b737,0x006BF9A0
0x006C8D00,AIFormulas::GetBarterValue,AE-bytesig-port,e555c6c0e7aba3e9e4801c2e5e11e3a76b42ce080683b4b9c1cf074c2030b737,0x006C8CE0
0x006CA2A0,CombatFormulas::CalcWeaponDamage,AE-bytesig-port,e555c6c0e7aba3e9e4801c2e5e11e3a76b42ce080683b4b9c1cf074c2030b737,0x006CA280
0x006CD3B0,CombatFormulas::CalcScopeSteadyActionPointDrain,AE-bytesig-port,e555c6c0e7aba3e9e4801c2e5e11e3a76b42ce080683b4b9c1cf074c2030b737,0x006CD390
0x006CD410,CombatFormulas::GetWeaponDisplayDamage,AE-bytesig-port,e555c6c0e7aba3e9e4801c2e5e11e3a76b42ce080683b4b9c1cf074c2030b737,0x006CD3F0
0x006CD590,CombatFormulas::GetWeaponDisplayRange,AE-bytesig-port,e555c6c0e7aba3e9e4801c2e5e11e3a76b42ce080683b4b9c1cf074c2030b737,0x006CD570
0x006CD670,CombatFormulas::GetWeaponDisplayAccuracy,AE-bytesig-port,e555c6c0e7aba3e9e4801c2e5e11e3a76b42ce080683b4b9c1cf074c2030b737,0x006CD650
0x006CD7D0,TESObjectREFR::HasInteraction,AE-bytesig-port,e555c6c0e7aba3e9e4801c2e5e11e3a76b42ce080683b4b9c1cf074c2030b737,0x006CD7B0
0x006CE600,GamePlayFormulas::CanPickLockGateCheck,AE-bytesig-port,e555c6c0e7aba3e9e4801c2e5e11e3a76b42ce080683b4b9c1cf074c2030b737,0x006CE5E0
0x006CE6F0,GamePlayFormulas::CanHackGateCheck,AE-bytesig-port,e555c6c0e7aba3e9e4801c2e5e11e3a76b42ce080683b4b9c1cf074c2030b737,0x006CE6D0
0x006CE9F0,GamePlayFormulas::GetExperienceReward,AE-bytesig-port,e555c6c0e7aba3e9e4801c2e5e11e3a76b42ce080683b4b9c1cf074c2030b737,0x006CE9D0
0x006CF400,MagicFormulas::AdjustMagicSpellCost,AE-bytesig-port,e555c6c0e7aba3e9e4801c2e5e11e3a76b42ce080683b4b9c1cf074c2030b737,0x006CF3E0
0x006CF770,MagicFormulas::CalcActiveEffectMagnitude,AE-bytesig-port,e555c6c0e7aba3e9e4801c2e5e11e3a76b42ce080683b4b9c1cf074c2030b737,0x006CF750
0x006D10C0,BSFaceGenAnimationData::ResetCurrentMorphs,AE-bytesig-port,e555c6c0e7aba3e9e4801c2e5e11e3a76b42ce080683b4b9c1cf074c2030b737,0x006D10A0
0x006D1180,BSFaceGenAnimationData::SetDead,AE-bytesig-port,e555c6c0e7aba3e9e4801c2e5e11e3a76b42ce080683b4b9c1cf074c2030b737,0x006D1160
0x006D1240,BSFaceGenAnimationData::TransitionToExpression,AE-bytesig-port,e555c6c0e7aba3e9e4801c2e5e11e3a76b42ce080683b4b9c1cf074c2030b737,0x006D1220
0x006D4130,BSFaceGenDB::InitSDM,AE-bytesig-port,e555c6c0e7aba3e9e4801c2e5e11e3a76b42ce080683b4b9c1cf074c2030b737,0x006D4110
0x006E01B0,BSFaceGenPendingHeadData::BSFaceGenPendingHeadData,AE-bytesig-port,e555c6c0e7aba3e9e4801c2e5e11e3a76b42ce080683b4b9c1cf074c2030b737,0x006E0190
0x006EF070,BSFaceGenUtils::RemoveHeadPartOnActor,AE-bytesig-port,e555c6c0e7aba3e9e4801c2e5e11e3a76b42ce080683b4b9c1cf074c2030b737,0x006EF040
0x006EF0E0,BSFaceGenUtils::ReplaceHeadPartOnActor,AE-bytesig-port,e555c6c0e7aba3e9e4801c2e5e11e3a76b42ce080683b4b9c1cf074c2030b737,0x006EF0B0
0x006EF8F0,BSFaceGenUtils::PickFaceRegion,AE-bytesig-port,e555c6c0e7aba3e9e4801c2e5e11e3a76b42ce080683b4b9c1cf074c2030b737,0x006EF8C0
0x006F4320,DirectX::PackedVector::XMConvertHalfToFloatStream,AE-bytesig-port,e555c6c0e7aba3e9e4801c2e5e11e3a76b42ce080683b4b9c1cf074c2030b737,0x006F42F0
0x00701760,BGSPackageDataList::RemapInterruptData,AE-bytesig-port,e555c6c0e7aba3e9e4801c2e5e11e3a76b42ce080683b4b9c1cf074c2030b737,0x00701730
0x00757AA0,TESPackage::CreatePackage,AE-bytesig-port,e555c6c0e7aba3e9e4801c2e5e11e3a76b42ce080683b4b9c1cf074c2030b737,0x00757A70
0x00757CA0,TESPackage::TESPackage,AE-bytesig-port,e555c6c0e7aba3e9e4801c2e5e11e3a76b42ce080683b4b9c1cf074c2030b737,0x00757C70
0x00758340,TESPackage::SetIsCreated,AE-bytesig-port,e555c6c0e7aba3e9e4801c2e5e11e3a76b42ce080683b4b9c1cf074c2030b737,0x00758310
0x00758810,TESPackage::SetPackType,AE-bytesig-port,e555c6c0e7aba3e9e4801c2e5e11e3a76b42ce080683b4b9c1cf074c2030b737,0x007587E0
0x00758D20,TESPackage::SetPackageLocation,AE-bytesig-port,e555c6c0e7aba3e9e4801c2e5e11e3a76b42ce080683b4b9c1cf074c2030b737,0x00758CF0
0x00758DD0,TESPackage::SetPackageSecondLocation,AE-bytesig-port,e555c6c0e7aba3e9e4801c2e5e11e3a76b42ce080683b4b9c1cf074c2030b737,0x00758DA0
0x00759100,TESPackage::SetPackageTarget,AE-bytesig-port,e555c6c0e7aba3e9e4801c2e5e11e3a76b42ce080683b4b9c1cf074c2030b737,0x007590D0
0x0075A800,TESPackage::ComputeInitialTarget,AE-bytesig-port,e555c6c0e7aba3e9e4801c2e5e11e3a76b42ce080683b4b9c1cf074c2030b737,0x0075A7D0
0x0075D0A0,TESPackage::CalculateProcedureType,AE-bytesig-port,e555c6c0e7aba3e9e4801c2e5e11e3a76b42ce080683b4b9c1cf074c2030b737,0x0075D070
0x0075DFE0,TESPackage::IsItDayOfTheWeek,AE-bytesig-port,e555c6c0e7aba3e9e4801c2e5e11e3a76b42ce080683b4b9c1cf074c2030b737,0x0075DFB0
0x0075E460,TESPackage::QualifyAsCurrentPackage,AE-bytesig-port,e555c6c0e7aba3e9e4801c2e5e11e3a76b42ce080683b4b9c1cf074c2030b737,0x0075E430
0x0075E790,TESPackage::InitializeChosenPackage,AE-bytesig-port,e555c6c0e7aba3e9e4801c2e5e11e3a76b42ce080683b4b9c1cf074c2030b737,0x0075E760
0x0075F9B0,TESCustomPackageData::TESCustomPackageData,AE-bytesig-port,e555c6c0e7aba3e9e4801c2e5e11e3a76b42ce080683b4b9c1cf074c2030b737,0x0075F980
0x007649B0,PackageLocation::SetLocReference,AE-bytesig-port,e555c6c0e7aba3e9e4801c2e5e11e3a76b42ce080683b4b9c1cf074c2030b737,0x00764980
0x00764AC0,PackageLocation::Copy,AE-bytesig-port,e555c6c0e7aba3e9e4801c2e5e11e3a76b42ce080683b4b9c1cf074c2030b737,0x00764A90
0x00767540,PackageTarget::SetTargReference,AE-bytesig-port,e555c6c0e7aba3e9e4801c2e5e11e3a76b42ce080683b4b9c1cf074c2030b737,0x00767510
0x00767640,PackageTarget::Copy,AE-bytesig-port,e555c6c0e7aba3e9e4801c2e5e11e3a76b42ce080683b4b9c1cf074c2030b737,0x00767610
0x00768890,TESCondition::Compare,AE-bytesig-port,e555c6c0e7aba3e9e4801c2e5e11e3a76b42ce080683b4b9c1cf074c2030b737,0x00768860
0x00768B10,TESCondition::IsTrue,AE-bytesig-port,e555c6c0e7aba3e9e4801c2e5e11e3a76b42ce080683b4b9c1cf074c2030b737,0x00768AE0
0x00769990,TESConditionItem::Compare,AE-bytesig-port,e555c6c0e7aba3e9e4801c2e5e11e3a76b42ce080683b4b9c1cf074c2030b737,0x00769960
0x00769D90,TESConditionItem::IsTrue,AE-bytesig-port,e555c6c0e7aba3e9e4801c2e5e11e3a76b42ce080683b4b9c1cf074c2030b737,0x00769D60
0x0076C080,BSTempEffectDebris::ctor,AE-bytesig-port,e555c6c0e7aba3e9e4801c2e5e11e3a76b42ce080683b4b9c1cf074c2030b737,0x0076C050
0x00770160,BSTempEffectParticle::Spawn,AE-bytesig-port,e555c6c0e7aba3e9e4801c2e5e11e3a76b42ce080683b4b9c1cf074c2030b737,0x00770130
0x007736D0,BSTempEffectWeaponBlood::ClearEffectForWeapon,AE-bytesig-port,e555c6c0e7aba3e9e4801c2e5e11e3a76b42ce080683b4b9c1cf074c2030b737,0x007736A0
0x00776A40,NavMesh::NavMesh,AE-bytesig-port,e555c6c0e7aba3e9e4801c2e5e11e3a76b42ce080683b4b9c1cf074c2030b737,0x00776A10
0x00780540,NavMeshArray::ClearAllMeshes,AE-bytesig-port,e555c6c0e7aba3e9e4801c2e5e11e3a76b42ce080683b4b9c1cf074c2030b737,0x00780510
0x00781E70,NavMeshInfoMap::NavMeshInfoMap,AE-bytesig-port,e555c6c0e7aba3e9e4801c2e5e11e3a76b42ce080683b4b9c1cf074c2030b737,0x00781E40
0x007879B0,NavMeshObstacleManager::AddObstacleForReference,AE-bytesig-port,e555c6c0e7aba3e9e4801c2e5e11e3a76b42ce080683b4b9c1cf074c2030b737,0x00787980
0x00794250,Pathing::MakePathingLocation,AE-bytesig-port,e555c6c0e7aba3e9e4801c2e5e11e3a76b42ce080683b4b9c1cf074c2030b737,0x00794220
0x00798150,Pathing::GetPathingCell,AE-bytesig-port,e555c6c0e7aba3e9e4801c2e5e11e3a76b42ce080683b4b9c1cf074c2030b737,0x00798120
0x0079E3C0,PathingCell::GetCell,AE-bytesig-port,e555c6c0e7aba3e9e4801c2e5e11e3a76b42ce080683b4b9c1cf074c2030b737,0x0079E390
0x007A4F60,TeleportPath::Clear,AE-bytesig-port,e555c6c0e7aba3e9e4801c2e5e11e3a76b42ce080683b4b9c1cf074c2030b737,0x007A4F30
0x007B6A60,PathingRequestStopMoving::PathingRequestStopMoving,AE-bytesig-port,e555c6c0e7aba3e9e4801c2e5e11e3a76b42ce080683b4b9c1cf074c2030b737,0x007B6A30
0x007C1FE0,BGSBtoDB::InitSDM,AE-bytesig-port,e555c6c0e7aba3e9e4801c2e5e11e3a76b42ce080683b4b9c1cf074c2030b737,0x007C1FB0
0x007E68F0,BGSWaterCollisionManager::PlaySplashEffects,AE-bytesig-port,e555c6c0e7aba3e9e4801c2e5e11e3a76b42ce080683b4b9c1cf074c2030b737,0x007E68C0
0x007F4650,BGSPickLockEvent::ctor,AE-bytesig-port,e555c6c0e7aba3e9e4801c2e5e11e3a76b42ce080683b4b9c1cf074c2030b737,0x007F4620
0x007F7AD0,BGSStoryEventManager::ProcessEvents,AE-bytesig-port,e555c6c0e7aba3e9e4801c2e5e11e3a76b42ce080683b4b9c1cf074c2030b737,0x007F7AA0
0x007F7D80,BGSStoryEventManager::AddEvent,AE-bytesig-port,e555c6c0e7aba3e9e4801c2e5e11e3a76b42ce080683b4b9c1cf074c2030b737,0x007F7D50
0x007FE7D0,BGSStoryTeller::FindQuestsForEventsAndUpdate,AE-bytesig-port,e555c6c0e7aba3e9e4801c2e5e11e3a76b42ce080683b4b9c1cf074c2030b737,0x007FE7A0
0x008000F0,BGSStoryTeller::GetRunningQuestTopicInfo,AE-bytesig-port,e555c6c0e7aba3e9e4801c2e5e11e3a76b42ce080683b4b9c1cf074c2030b737,0x008000C0
0x00803300,AnimationSystemUtils::GetStoredClipInfoFromEvent,AE-bytesig-port,e555c6c0e7aba3e9e4801c2e5e11e3a76b42ce080683b4b9c1cf074c2030b737,0x008032D0
0x00803400,AnimationSystemUtils::SumAnimationDataToTime,AE-bytesig-port,e555c6c0e7aba3e9e4801c2e5e11e3a76b42ce080683b4b9c1cf074c2030b737,0x008033D0
0x008036E0,AnimationSystemUtils::GetEventTimeFromClipData,AE-bytesig-port,e555c6c0e7aba3e9e4801c2e5e11e3a76b42ce080683b4b9c1cf074c2030b737,0x008036B0
0x008044E0,AnimationSystemUtils::GetTranslationFromClipData,AE-bytesig-port,e555c6c0e7aba3e9e4801c2e5e11e3a76b42ce080683b4b9c1cf074c2030b737,0x008044B0
0x008046F0,AnimationSystemUtils::GetVelocityFromClipData,AE-bytesig-port,e555c6c0e7aba3e9e4801c2e5e11e3a76b42ce080683b4b9c1cf074c2030b737,0x008046C0
0x00804900,AnimationSystemUtils::GetRotSpeedFromClipData,AE-bytesig-port,e555c6c0e7aba3e9e4801c2e5e11e3a76b42ce080683b4b9c1cf074c2030b737,0x008048D0
0x008051A0,AnimationSystemUtils::GetAnimationEndpoint,AE-bytesig-port,e555c6c0e7aba3e9e4801c2e5e11e3a76b42ce080683b4b9c1cf074c2030b737,0x00805170
0x00806330,AnimationSystemUtils::RetrieveBehaviorGraphDataFrom3D,AE-bytesig-port,e555c6c0e7aba3e9e4801c2e5e11e3a76b42ce080683b4b9c1cf074c2030b737,0x008062F0
0x008078B0,AnimationSystemUtils::IsAnimationSubGraphLoaded,AE-bytesig-port,e555c6c0e7aba3e9e4801c2e5e11e3a76b42ce080683b4b9c1cf074c2030b737,0x00807870
0x00807A30,AnimationSystemUtils::ReleaseSubGraph,AE-bytesig-port,e555c6c0e7aba3e9e4801c2e5e11e3a76b42ce080683b4b9c1cf074c2030b737,0x008079F0
0x00808570,NiQuaternion::FastNormalize,AE-bytesig-port,e555c6c0e7aba3e9e4801c2e5e11e3a76b42ce080683b4b9c1cf074c2030b737,0x00808530
0x00808660,GetAnimationDataAtTime,AE-bytesig-port,e555c6c0e7aba3e9e4801c2e5e11e3a76b42ce080683b4b9c1cf074c2030b737,0x00808620
0x0080BE90,BGSSynchronizedAnimationInstance::AddCharacter,AE-bytesig-port,e555c6c0e7aba3e9e4801c2e5e11e3a76b42ce080683b4b9c1cf074c2030b737,0x0080BE50
0x0080FBC0,BGSSynchronizedAnimationInstance::RevertActorForSyncAnim,AE-bytesig-port,e555c6c0e7aba3e9e4801c2e5e11e3a76b42ce080683b4b9c1cf074c2030b737,0x0080FB80
0x00810DD0,BGSSynchronizedAnimationManager::HasLineOfSight,AE-bytesig-port,e555c6c0e7aba3e9e4801c2e5e11e3a76b42ce080683b4b9c1cf074c2030b737,0x00810D90
0x00811550,BGSSynchronizedAnimationManager::EvaluateAction,AE-bytesig-port,e555c6c0e7aba3e9e4801c2e5e11e3a76b42ce080683b4b9c1cf074c2030b737,0x00811510
0x008186E0,IAnimationGraphManagerHolder::HasAnimationGraphManager,AE-bytesig-port,e555c6c0e7aba3e9e4801c2e5e11e3a76b42ce080683b4b9c1cf074c2030b737,0x008186A0
0x00818B50,IAnimationGraphManagerHolder::LoadAnimationGraphManager,AE-bytesig-port,e555c6c0e7aba3e9e4801c2e5e11e3a76b42ce080683b4b9c1cf074c2030b737,0x00818B10
0x00818D10,IAnimationGraphManagerHolder::RevertAnimationGraphManager,AE-bytesig-port,e555c6c0e7aba3e9e4801c2e5e11e3a76b42ce080683b4b9c1cf074c2030b737,0x00818CD0
0x00819620,IAnimationGraphManagerHolder::SetAnimationGraphTargets,AE-bytesig-port,e555c6c0e7aba3e9e4801c2e5e11e3a76b42ce080683b4b9c1cf074c2030b737,0x008195E0
0x00819840,IAnimationGraphManagerHolder::ClearAnimationGraphManager,AE-bytesig-port,e555c6c0e7aba3e9e4801c2e5e11e3a76b42ce080683b4b9c1cf074c2030b737,0x00819800
0x008198E0,IAnimationGraphManagerHolder::SetAnimationGraphManager,AE-bytesig-port,e555c6c0e7aba3e9e4801c2e5e11e3a76b42ce080683b4b9c1cf074c2030b737,0x008198A0
0x00819B50,IAnimationGraphManagerHolder::NotifyAnimationGraphImpl,AE-bytesig-port,e555c6c0e7aba3e9e4801c2e5e11e3a76b42ce080683b4b9c1cf074c2030b737,0x00819B10
0x0081A520,IAnimationGraphManagerLoadingTask::IAnimationGraphManagerLoadingTask,AE-bytesig-port,e555c6c0e7aba3e9e4801c2e5e11e3a76b42ce080683b4b9c1cf074c2030b737,0x0081A4E0
0x0081C290,SimpleAnimationGraphManagerHolder::ClearLoadingTask,AE-bytesig-port,e555c6c0e7aba3e9e4801c2e5e11e3a76b42ce080683b4b9c1cf074c2030b737,0x0081C250
0x00827900,TESCamera::GetCameraRoot,AE-bytesig-port,e555c6c0e7aba3e9e4801c2e5e11e3a76b42ce080683b4b9c1cf074c2030b737,0x008278C0
0x008287A0,BGSAudio::GetSoundDescriptor,AE-bytesig-port,e555c6c0e7aba3e9e4801c2e5e11e3a76b42ce080683b4b9c1cf074c2030b737,0x00828760
0x00830340,DialogueCameraState::PlayEventCamera,AE-bytesig-port,e555c6c0e7aba3e9e4801c2e5e11e3a76b42ce080683b4b9c1cf074c2030b737,0x00830300
0x00878680,CombatController::CombatController,AE-bytesig-port,e555c6c0e7aba3e9e4801c2e5e11e3a76b42ce080683b4b9c1cf074c2030b737,0x00878640
0x0087B7C0,CombatController::UpdatePackageData,AE-bytesig-port,e555c6c0e7aba3e9e4801c2e5e11e3a76b42ce080683b4b9c1cf074c2030b737,0x0087B780
0x0087B940,CombatController::UpdateStance,AE-bytesig-port,e555c6c0e7aba3e9e4801c2e5e11e3a76b42ce080683b4b9c1cf074c2030b737,0x0087B900
0x0087CEC0,CombatController::SetInactive,AE-bytesig-port,e555c6c0e7aba3e9e4801c2e5e11e3a76b42ce080683b4b9c1cf074c2030b737,0x0087CE80
0x0087FBF0,CombatController::SetBehaviorTree,AE-bytesig-port,e555c6c0e7aba3e9e4801c2e5e11e3a76b42ce080683b4b9c1cf074c2030b737,0x0087FBB0
0x0097DE80,EyeTrackingService::UpdateEyeTracking,AE-bytesig-port,e555c6c0e7aba3e9e4801c2e5e11e3a76b42ce080683b4b9c1cf074c2030b737,0x0097DE40
0x009820F0,GameMovementAgentSaveLoadCompatibility::InitSDM,AE-bytesig-port,e555c6c0e7aba3e9e4801c2e5e11e3a76b42ce080683b4b9c1cf074c2030b737,0x009820B0
0x00987AE0,PowerArmor::IsPowerArmorBattery,AE-bytesig-port,e555c6c0e7aba3e9e4801c2e5e11e3a76b42ce080683b4b9c1cf074c2030b737,0x00987AA0
0x00987BE0,PowerArmor::GetPowerArmorArmorObject,AE-bytesig-port,e555c6c0e7aba3e9e4801c2e5e11e3a76b42ce080683b4b9c1cf074c2030b737,0x00987BA0
0x00989380,PowerArmor::IsExitLocationClear,AE-bytesig-port,e555c6c0e7aba3e9e4801c2e5e11e3a76b42ce080683b4b9c1cf074c2030b737,0x00989340
0x009898F0,PowerArmor::InitiatePowerArmorEnter,AE-bytesig-port,e555c6c0e7aba3e9e4801c2e5e11e3a76b42ce080683b4b9c1cf074c2030b737,0x009898B0
0x00989A80,PowerArmor::SwitchToPowerArmor,AE-bytesig-port,e555c6c0e7aba3e9e4801c2e5e11e3a76b42ce080683b4b9c1cf074c2030b737,0x00989A40
0x0098A800,PowerArmor::FinalizePowerArmorExit,AE-bytesig-port,e555c6c0e7aba3e9e4801c2e5e11e3a76b42ce080683b4b9c1cf074c2030b737,0x0098A7C0
0x0098B5B0,PowerArmor::SwitchFromPowerArmorActorLoaded,AE-bytesig-port,e555c6c0e7aba3e9e4801c2e5e11e3a76b42ce080683b4b9c1cf074c2030b737,0x0098B570
0x0098D2B0,PowerArmor::GetBatteryObject,AE-bytesig-port,e555c6c0e7aba3e9e4801c2e5e11e3a76b42ce080683b4b9c1cf074c2030b737,0x0098D270
0x0098D410,PowerArmor::GetInventoryObjectFirstStackExtra,AE-bytesig-port,e555c6c0e7aba3e9e4801c2e5e11e3a76b42ce080683b4b9c1cf074c2030b737,0x0098D3D0
0x00992A00,GetModConstructedByObject,AE-bytesig-port,e555c6c0e7aba3e9e4801c2e5e11e3a76b42ce080683b4b9c1cf074c2030b737,0x009929C0
0x00992E20,PreloadSwitchToPowerArmor,AE-bytesig-port,e555c6c0e7aba3e9e4801c2e5e11e3a76b42ce080683b4b9c1cf074c2030b737,0x00992DE0
0x009937A0,UnloadPowerArmorPreloadData,AE-bytesig-port,e555c6c0e7aba3e9e4801c2e5e11e3a76b42ce080683b4b9c1cf074c2030b737,0x00993760
0x00994060,ViewCasterBase::QActivatePickRef,AE-bytesig-port,e555c6c0e7aba3e9e4801c2e5e11e3a76b42ce080683b4b9c1cf074c2030b737,0x00993F60
0x009941D0,ViewCasterBase::GetGrabObjectData,AE-bytesig-port,e555c6c0e7aba3e9e4801c2e5e11e3a76b42ce080683b4b9c1cf074c2030b737,0x00994190
0x009944C0,ViewCasterBase::GetViewCasterDataRef,AE-bytesig-port,e555c6c0e7aba3e9e4801c2e5e11e3a76b42ce080683b4b9c1cf074c2030b737,0x00994480
0x00994590,ViewCaster::ViewCaster,AE-bytesig-port,e555c6c0e7aba3e9e4801c2e5e11e3a76b42ce080683b4b9c1cf074c2030b737,0x00994550
0x0099A250,BackgroundScreenModel::InitModels,AE-bytesig-port,e555c6c0e7aba3e9e4801c2e5e11e3a76b42ce080683b4b9c1cf074c2030b737,0x0099A210
0x009A66A0,UseItemCommand::DoExecute,AE-bytesig-port,e555c6c0e7aba3e9e4801c2e5e11e3a76b42ce080683b4b9c1cf074c2030b737,0x009A6660
0x009A6AE0,PipboyCompanionService::PipboyCompanionService,AE-bytesig-port,e555c6c0e7aba3e9e4801c2e5e11e3a76b42ce080683b4b9c1cf074c2030b737,0x009A6AA0
0x009A6ED0,PipboyCompanionService::ReceiveCompanionCommands,AE-bytesig-port,e555c6c0e7aba3e9e4801c2e5e11e3a76b42ce080683b4b9c1cf074c2030b737,0x009A6E90
0x009B0EC0,HUDMenuUtils::CalculatePercentRelativeToAdjustedMaximumValue,AE-bytesig-port,e555c6c0e7aba3e9e4801c2e5e11e3a76b42ce080683b4b9c1cf074c2030b737,0x009B0E80
0x009B7F30,HUDCompassBase::HUDCompassBase,AE-bytesig-port,e555c6c0e7aba3e9e4801c2e5e11e3a76b42ce080683b4b9c1cf074c2030b737,0x009B7EF0
0x009B9930,PowerArmorHUDCompass::PowerArmorHUDCompass,AE-bytesig-port,e555c6c0e7aba3e9e4801c2e5e11e3a76b42ce080683b4b9c1cf074c2030b737,0x009B98F0
0x009C2F20,ShowHUDMessageEvent::ShowHUDMessageEvent,AE-bytesig-port,e555c6c0e7aba3e9e4801c2e5e11e3a76b42ce080683b4b9c1cf074c2030b737,0x009C2EE0
0x009DCB40,HUDModes::HiddenByDialogueCamera,AE-bytesig-port,e555c6c0e7aba3e9e4801c2e5e11e3a76b42ce080683b4b9c1cf074c2030b737,0x009DCB00
0x009DCC10,HUDModes::OnHUDModesChanged,AE-bytesig-port,e555c6c0e7aba3e9e4801c2e5e11e3a76b42ce080683b4b9c1cf074c2030b737,0x009DCBD0
0x009DCD00,HUDModes::GetCharGenHUDMode,AE-bytesig-port,e555c6c0e7aba3e9e4801c2e5e11e3a76b42ce080683b4b9c1cf074c2030b737,0x009DCCC0
0x009DEE60,GameUIModel::UpdateDataModels,AE-bytesig-port,e555c6c0e7aba3e9e4801c2e5e11e3a76b42ce080683b4b9c1cf074c2030b737,0x009DEE20
0x009DF2E0,GameUIModel::SetGameColors,AE-bytesig-port,e555c6c0e7aba3e9e4801c2e5e11e3a76b42ce080683b4b9c1cf074c2030b737,0x009DF2A0
0x00A36F60,SendHUDMessage::ShowHUDMessage,AE-bytesig-port,e555c6c0e7aba3e9e4801c2e5e11e3a76b42ce080683b4b9c1cf074c2030b737,0x00A36F20
0x00A370B0,SendHUDMessage::SetHUDMode,AE-bytesig-port,e555c6c0e7aba3e9e4801c2e5e11e3a76b42ce080683b4b9c1cf074c2030b737,0x00A37070
0x00A37280,SendHUDMessage::OnPlayerSetWeaponState,AE-bytesig-port,e555c6c0e7aba3e9e4801c2e5e11e3a76b42ce080683b4b9c1cf074c2030b737,0x00A37240
0x00A38690,GenerateHUDMessage,AE-bytesig-port,e555c6c0e7aba3e9e4801c2e5e11e3a76b42ce080683b4b9c1cf074c2030b737,0x00A38650
0x00A3A0D0,Interface3D::Renderer::Create,AE-bytesig-port,e555c6c0e7aba3e9e4801c2e5e11e3a76b42ce080683b4b9c1cf074c2030b737,0x00A3A090
0x00A3A2A0,Interface3D::Renderer::Release,AE-bytesig-port,e555c6c0e7aba3e9e4801c2e5e11e3a76b42ce080683b4b9c1cf074c2030b737,0x00A3A260
0x00A3A390,Interface3D::Renderer::Enable,AE-bytesig-port,e555c6c0e7aba3e9e4801c2e5e11e3a76b42ce080683b4b9c1cf074c2030b737,0x00A3A350
0x00A3A460,Interface3D::Renderer::GetByName,AE-bytesig-port,e555c6c0e7aba3e9e4801c2e5e11e3a76b42ce080683b4b9c1cf074c2030b737,0x00A3A420
0x00A3A680,Interface3D::Renderer::MainScreen_SetScreenAttached3D,AE-bytesig-port,e555c6c0e7aba3e9e4801c2e5e11e3a76b42ce080683b4b9c1cf074c2030b737,0x00A3A640
0x00A3A740,Interface3D::Renderer::MainScreen_AddPointLight,AE-bytesig-port,e555c6c0e7aba3e9e4801c2e5e11e3a76b42ce080683b4b9c1cf074c2030b737,0x00A3A700
0x00A3A8B0,Interface3D::Renderer::MainScreen_AddSpotLight,AE-bytesig-port,e555c6c0e7aba3e9e4801c2e5e11e3a76b42ce080683b4b9c1cf074c2030b737,0x00A3A870
0x00A3AA70,Interface3D::Renderer::MainScreen_ClearLights,AE-bytesig-port,e555c6c0e7aba3e9e4801c2e5e11e3a76b42ce080683b4b9c1cf074c2030b737,0x00A3AA30
0x00A3AAC0,Interface3D::Renderer::MainScreen_EnableScreenAttached3DMasking,AE-bytesig-port,e555c6c0e7aba3e9e4801c2e5e11e3a76b42ce080683b4b9c1cf074c2030b737,0x00A3AA80
0x00A3AB00,Interface3D::Renderer::SupportsScreenAttached3DMasking,AE-bytesig-port,e555c6c0e7aba3e9e4801c2e5e11e3a76b42ce080683b4b9c1cf074c2030b737,0x00A3AAC0
0x00A3AB90,Interface3D::Renderer::Offscreen_SetDisplayMode,AE-bytesig-port,e555c6c0e7aba3e9e4801c2e5e11e3a76b42ce080683b4b9c1cf074c2030b737,0x00A3AB50
0x00A3ABF0,Interface3D::Renderer::Offscreen_Set3D,AE-bytesig-port,e555c6c0e7aba3e9e4801c2e5e11e3a76b42ce080683b4b9c1cf074c2030b737,0x00A3ABB0
0x00A3ACB0,Interface3D::Renderer::Offscreen_AddLight,AE-bytesig-port,e555c6c0e7aba3e9e4801c2e5e11e3a76b42ce080683b4b9c1cf074c2030b737,0x00A3AC70
0x00A3AE10,Interface3D::Renderer::Offscreen_SetDirectionalLight,AE-bytesig-port,e555c6c0e7aba3e9e4801c2e5e11e3a76b42ce080683b4b9c1cf074c2030b737,0x00A3ADD0
0x00A3B0B0,Interface3D::Renderer::Offscreen_ClearLights,AE-bytesig-port,e555c6c0e7aba3e9e4801c2e5e11e3a76b42ce080683b4b9c1cf074c2030b737,0x00A3B070
0x00A3B120,Interface3D::Renderer::Highlight_SetElement,AE-bytesig-port,e555c6c0e7aba3e9e4801c2e5e11e3a76b42ce080683b4b9c1cf074c2030b737,0x00A3B0E0
0x00A3B220,Interface3D::Renderer::Offscreen_SetDebugMode,AE-bytesig-port,e555c6c0e7aba3e9e4801c2e5e11e3a76b42ce080683b4b9c1cf074c2030b737,0x00A3B1E0
0x00A3B350,Interface3D::Renderer::SetViewport,AE-bytesig-port,e555c6c0e7aba3e9e4801c2e5e11e3a76b42ce080683b4b9c1cf074c2030b737,0x00A3B310
0x00A3B430,Interface3D::Renderer::Debug_HighlightFirstObjectInOffscreen3D,AE-bytesig-port,e555c6c0e7aba3e9e4801c2e5e11e3a76b42ce080683b4b9c1cf074c2030b737,0x00A3B3F0
0x00A3B520,Interface3D::Renderer::GetWorldPointFromScreenPoint,AE-bytesig-port,e555c6c0e7aba3e9e4801c2e5e11e3a76b42ce080683b4b9c1cf074c2030b737,0x00A3B4E0
0x00A3B660,Interface3D::Renderer::GetUVFromScreenPoint,AE-bytesig-port,e555c6c0e7aba3e9e4801c2e5e11e3a76b42ce080683b4b9c1cf074c2030b737,0x00A3B620
0x00A3BA00,Interface3D::Renderer::SetUpDisplayAndMask,AE-bytesig-port,e555c6c0e7aba3e9e4801c2e5e11e3a76b42ce080683b4b9c1cf074c2030b737,0x00A3B9C0
0x00A3BD50,Interface3D::Renderer::Renderer,AE-bytesig-port,e555c6c0e7aba3e9e4801c2e5e11e3a76b42ce080683b4b9c1cf074c2030b737,0x00A3BD10
0x00A3C400,Interface3D::Renderer::Renderer_dtor,AE-bytesig-port,e555c6c0e7aba3e9e4801c2e5e11e3a76b42ce080683b4b9c1cf074c2030b737,0x00A3C3C0
0x00A3C620,Interface3D::Renderer::Reset,AE-bytesig-port,e555c6c0e7aba3e9e4801c2e5e11e3a76b42ce080683b4b9c1cf074c2030b737,0x00A3C5E0
0x00A3D610,Interface3D::Renderer::DrawPostFX,AE-bytesig-port,e555c6c0e7aba3e9e4801c2e5e11e3a76b42ce080683b4b9c1cf074c2030b737,0x00A3D5D0
0x00A3E650,Interface3D::Renderer::SetupCamera,AE-bytesig-port,e555c6c0e7aba3e9e4801c2e5e11e3a76b42ce080683b4b9c1cf074c2030b737,0x00A3E610
0x00A3E920,Interface3D::Renderer::DisableDisplays,AE-bytesig-port,e555c6c0e7aba3e9e4801c2e5e11e3a76b42ce080683b4b9c1cf074c2030b737,0x00A3E8E0
0x00A40460,InventoryItemDisplayData::ctor,AE-bytesig-port,e555c6c0e7aba3e9e4801c2e5e11e3a76b42ce080683b4b9c1cf074c2030b737,0x00A40420
0x00A45270,InventoryUserUIUtils::AddItemCardInfoEntry,AE-bytesig-port,e555c6c0e7aba3e9e4801c2e5e11e3a76b42ce080683b4b9c1cf074c2030b737,0x00A45230
0x00A49620,BarterMenu::CompleteTrade,AE-bytesig-port,e555c6c0e7aba3e9e4801c2e5e11e3a76b42ce080683b4b9c1cf074c2030b737,0x00A495E0
0x00A5FB00,ExamineMenu::ShowInspectMenu,AE-bytesig-port,e555c6c0e7aba3e9e4801c2e5e11e3a76b42ce080683b4b9c1cf074c2030b737,0x00A5FAC0
0x00A61670,ExamineMenu::GetSelectedIndex,AE-bytesig-port,e555c6c0e7aba3e9e4801c2e5e11e3a76b42ce080683b4b9c1cf074c2030b737,0x00A61630
0x00A67F70,ExamineMenu::ShowConfirmMenu,AE-bytesig-port,e555c6c0e7aba3e9e4801c2e5e11e3a76b42ce080683b4b9c1cf074c2030b737,0x00A67F30
0x00A72330,GameMenuBase::GameMenuBase,AE-bytesig-port,e555c6c0e7aba3e9e4801c2e5e11e3a76b42ce080683b4b9c1cf074c2030b737,0x00A722F0
0x00A72520,GameMenuBase::SetUpButtonBar,AE-bytesig-port,e555c6c0e7aba3e9e4801c2e5e11e3a76b42ce080683b4b9c1cf074c2030b737,0x00A724E0
0x00A72730,GameMenuBase::CacheShaderFXQuadsForRenderer_Impl,AE-bytesig-port,e555c6c0e7aba3e9e4801c2e5e11e3a76b42ce080683b4b9c1cf074c2030b737,0x00A726F0
0x00A72830,GameMenuBase::SetViewportRect,AE-bytesig-port,e555c6c0e7aba3e9e4801c2e5e11e3a76b42ce080683b4b9c1cf074c2030b737,0x00A727F0
0x00A72880,GameMenuBase::AppendShaderFXInfos,AE-bytesig-port,e555c6c0e7aba3e9e4801c2e5e11e3a76b42ce080683b4b9c1cf074c2030b737,0x00A72840
0x00A72920,GameMenuBase::SetIsTopButtonBar,AE-bytesig-port,e555c6c0e7aba3e9e4801c2e5e11e3a76b42ce080683b4b9c1cf074c2030b737,0x00A728E0
0x00A72EF0,GenericMenu::ProcessMessage,AE-bytesig-port,e555c6c0e7aba3e9e4801c2e5e11e3a76b42ce080683b4b9c1cf074c2030b737,0x00A72EB0
0x00A77FF0,LevelUpMenu::PopulateGrid,AE-bytesig-port,e555c6c0e7aba3e9e4801c2e5e11e3a76b42ce080683b4b9c1cf074c2030b737,0x00A77FB0
0x00A84420,LooksMenu::ThrowPick,AE-bytesig-port,e555c6c0e7aba3e9e4801c2e5e11e3a76b42ce080683b4b9c1cf074c2030b737,0x00A843E0
0x00AD3110,PauseMenu::TogglePauseMenu,AE-bytesig-port,e555c6c0e7aba3e9e4801c2e5e11e3a76b42ce080683b4b9c1cf074c2030b737,0x00AD32A0
0x00ADED80,PipboyInventoryMenu::UpdateData,AE-bytesig-port,e555c6c0e7aba3e9e4801c2e5e11e3a76b42ce080683b4b9c1cf074c2030b737,0x00ADEF10
0x00AE0BA0,PipboyInventoryMenu::SetQuickkey,AE-bytesig-port,e555c6c0e7aba3e9e4801c2e5e11e3a76b42ce080683b4b9c1cf074c2030b737,0x00AE0D30
0x00AE28A0,PipboyInventoryMenu::PlayHolotape,AE-bytesig-port,e555c6c0e7aba3e9e4801c2e5e11e3a76b42ce080683b4b9c1cf074c2030b737,0x00AE2A30
0x00AE42E0,PipboyMenu::ProcessMessage,AE-bytesig-port,e555c6c0e7aba3e9e4801c2e5e11e3a76b42ce080683b4b9c1cf074c2030b737,0x00AE4470
0x00AEA580,PipboyRadioMenu::UpdateData,AE-bytesig-port,e555c6c0e7aba3e9e4801c2e5e11e3a76b42ce080683b4b9c1cf074c2030b737,0x00AEA710
0x00AEAC60,PipboyPlayerInfoMenu::UpdateData,AE-bytesig-port,e555c6c0e7aba3e9e4801c2e5e11e3a76b42ce080683b4b9c1cf074c2030b737,0x00AEADF0
0x00AEC490,PipboyStatsMenu::UpdateData,AE-bytesig-port,e555c6c0e7aba3e9e4801c2e5e11e3a76b42ce080683b4b9c1cf074c2030b737,0x00AEC620
0x00AEDAB0,PipboyWorkshopMenu::UpdateData,AE-bytesig-port,e555c6c0e7aba3e9e4801c2e5e11e3a76b42ce080683b4b9c1cf074c2030b737,0x00AEDC40
0x00B093D0,nsStatsMenuUtils::GetEffectDisplayInfo,AE-bytesig-port,e555c6c0e7aba3e9e4801c2e5e11e3a76b42ce080683b4b9c1cf074c2030b737,0x00B09560
0x00B0C500,TerminalMenu::ProcessMessage,AE-bytesig-port,e555c6c0e7aba3e9e4801c2e5e11e3a76b42ce080683b4b9c1cf074c2030b737,0x00B0C690
0x00B26F30,WorkbenchMenuBase::InitParams::InitParams,AE-bytesig-port,e555c6c0e7aba3e9e4801c2e5e11e3a76b42ce080683b4b9c1cf074c2030b737,0x00B270C0
0x00B29500,WorkbenchMenuBase::UpdateOptimizedAutoBuildInv,AE-bytesig-port,e555c6c0e7aba3e9e4801c2e5e11e3a76b42ce080683b4b9c1cf074c2030b737,0x00B29690
0x00B2E9C0,WorkshopMenu::CheckAndSetItemForPlacement,AE-bytesig-port,e555c6c0e7aba3e9e4801c2e5e11e3a76b42ce080683b4b9c1cf074c2030b737,0x00B2EB50
0x00B2EAC0,WorkshopMenu::UpdateButtonText,AE-bytesig-port,e555c6c0e7aba3e9e4801c2e5e11e3a76b42ce080683b4b9c1cf074c2030b737,0x00B2EC50
0x00B3FC70,PipboyInventoryUtils::FillDamageTypeInfo,AE-bytesig-port,e555c6c0e7aba3e9e4801c2e5e11e3a76b42ce080683b4b9c1cf074c2030b737,0x00B3FE00
0x00B400F0,PipboyInventoryUtils::FillResistTypeInfo,AE-bytesig-port,e555c6c0e7aba3e9e4801c2e5e11e3a76b42ce080683b4b9c1cf074c2030b737,0x00B40280
0x00B43B90,PipboyInventoryData::PopulateItemCardInfo,AE-bytesig-port,e555c6c0e7aba3e9e4801c2e5e11e3a76b42ce080683b4b9c1cf074c2030b737,0x00B43D20
0x00B44AA0,PipboyInventoryData::AddItemCardInfoEntry,AE-bytesig-port,e555c6c0e7aba3e9e4801c2e5e11e3a76b42ce080683b4b9c1cf074c2030b737,0x00B44C30
0x00B44DA0,PipboyInventoryData::BaseAddItemCardInfoEntry,AE-bytesig-port,e555c6c0e7aba3e9e4801c2e5e11e3a76b42ce080683b4b9c1cf074c2030b737,0x00B44F30
0x00B45BB0,PipboyInventoryData::RepopulateItemCardOnSection,AE-bytesig-port,e555c6c0e7aba3e9e4801c2e5e11e3a76b42ce080683b4b9c1cf074c2030b737,0x00B45D40
0x00B4F6C0,PipboyManager::PipboyManager,AE-bytesig-port,e555c6c0e7aba3e9e4801c2e5e11e3a76b42ce080683b4b9c1cf074c2030b737,0x00B4F850
0x00B4F8E0,PipboyManager::PipboyManager_dtor,AE-bytesig-port,e555c6c0e7aba3e9e4801c2e5e11e3a76b42ce080683b4b9c1cf074c2030b737,0x00B4FA70
0x00B4FA00,PipboyManager::PlayPipboyOpenAnim,AE-bytesig-port,e555c6c0e7aba3e9e4801c2e5e11e3a76b42ce080683b4b9c1cf074c2030b737,0x00B4FB90
0x00B4FAF0,PipboyManager::PlayPipboyOpenTerminalAnim,AE-bytesig-port,e555c6c0e7aba3e9e4801c2e5e11e3a76b42ce080683b4b9c1cf074c2030b737,0x00B4FC80
0x00B4FE90,PipboyManager::PlayPipboyGenericOpenAnim,AE-bytesig-port,e555c6c0e7aba3e9e4801c2e5e11e3a76b42ce080683b4b9c1cf074c2030b737,0x00B50020
0x00B4FF60,PipboyManager::OnPipboyOpenAnim,AE-bytesig-port,e555c6c0e7aba3e9e4801c2e5e11e3a76b42ce080683b4b9c1cf074c2030b737,0x00B500F0
0x00B4FFC0,PipboyManager::OnPipboyOpenAnimFailed,AE-bytesig-port,e555c6c0e7aba3e9e4801c2e5e11e3a76b42ce080683b4b9c1cf074c2030b737,0x00B50150
0x00B50040,PipboyManager::OnPipboyOpened,AE-bytesig-port,e555c6c0e7aba3e9e4801c2e5e11e3a76b42ce080683b4b9c1cf074c2030b737,0x00B501D0
0x00B502C0,PipboyManager::StopExamineMenu,AE-bytesig-port,e555c6c0e7aba3e9e4801c2e5e11e3a76b42ce080683b4b9c1cf074c2030b737,0x00B50450
0x00B50350,PipboyManager::AddMenuToPipboy,AE-bytesig-port,e555c6c0e7aba3e9e4801c2e5e11e3a76b42ce080683b4b9c1cf074c2030b737,0x00B504E0
0x00B503B0,PipboyManager::LowerPipboy,AE-bytesig-port,e555c6c0e7aba3e9e4801c2e5e11e3a76b42ce080683b4b9c1cf074c2030b737,0x00B50540
0x00B504F0,PipboyManager::RaisePipboy,AE-bytesig-port,e555c6c0e7aba3e9e4801c2e5e11e3a76b42ce080683b4b9c1cf074c2030b737,0x00B50680
0x00B50600,PipboyManager::PlayPipboyCloseAnim,AE-bytesig-port,e555c6c0e7aba3e9e4801c2e5e11e3a76b42ce080683b4b9c1cf074c2030b737,0x00B50790
0x00B50730,PipboyManager::OnPipboyCloseAnim,AE-bytesig-port,e555c6c0e7aba3e9e4801c2e5e11e3a76b42ce080683b4b9c1cf074c2030b737,0x00B508C0
0x00B50940,PipboyManager::OnPipboyClosed,AE-bytesig-port,e555c6c0e7aba3e9e4801c2e5e11e3a76b42ce080683b4b9c1cf074c2030b737,0x00B50AD0
0x00B50C60,PipboyManager::OnPipboyCloseAnimFailed,AE-bytesig-port,e555c6c0e7aba3e9e4801c2e5e11e3a76b42ce080683b4b9c1cf074c2030b737,0x00B50DF0
0x00B50CD0,PipboyManager::QPipboyActive,AE-bytesig-port,e555c6c0e7aba3e9e4801c2e5e11e3a76b42ce080683b4b9c1cf074c2030b737,0x00B50E60
0x00B50D40,PipboyManager::PlayItemAnimOnClose,AE-bytesig-port,e555c6c0e7aba3e9e4801c2e5e11e3a76b42ce080683b4b9c1cf074c2030b737,0x00B50ED0
0x00B50E30,PipboyManager::ShouldHandleEvent,AE-bytesig-port,e555c6c0e7aba3e9e4801c2e5e11e3a76b42ce080683b4b9c1cf074c2030b737,0x00B50FC0
0x00B51130,PipboyManager::Update,AE-bytesig-port,e555c6c0e7aba3e9e4801c2e5e11e3a76b42ce080683b4b9c1cf074c2030b737,0x00B512C0
0x00B512F0,PipboyManager::EnableRenderer,AE-bytesig-port,e555c6c0e7aba3e9e4801c2e5e11e3a76b42ce080683b4b9c1cf074c2030b737,0x00B51480
0x00B51370,PipboyManager::Revert,AE-bytesig-port,e555c6c0e7aba3e9e4801c2e5e11e3a76b42ce080683b4b9c1cf074c2030b737,0x00B51500
0x00B51710,PipboyManager::RefreshPipboyRenderSurface,AE-bytesig-port,e555c6c0e7aba3e9e4801c2e5e11e3a76b42ce080683b4b9c1cf074c2030b737,0x00B518A0
0x00B517F0,PipboyManager::InitPipboy,AE-bytesig-port,e555c6c0e7aba3e9e4801c2e5e11e3a76b42ce080683b4b9c1cf074c2030b737,0x00B51980
0x00B51B80,PipboyManager::ClosedownPipboy,AE-bytesig-port,e555c6c0e7aba3e9e4801c2e5e11e3a76b42ce080683b4b9c1cf074c2030b737,0x00B51D10
0x00B51CF0,PipboyManager::SetInputGraphVariables,AE-bytesig-port,e555c6c0e7aba3e9e4801c2e5e11e3a76b42ce080683b4b9c1cf074c2030b737,0x00B51E80
0x00B51F80,PipboyManager::EnablePipboyShader,AE-bytesig-port,e555c6c0e7aba3e9e4801c2e5e11e3a76b42ce080683b4b9c1cf074c2030b737,0x00B52110
0x00B52270,PipboyManager::ProcessLoweringReason,AE-bytesig-port,e555c6c0e7aba3e9e4801c2e5e11e3a76b42ce080683b4b9c1cf074c2030b737,0x00B52400
0x00B523E0,PipboyManager::UpdateCursorConstraint,AE-bytesig-port,e555c6c0e7aba3e9e4801c2e5e11e3a76b42ce080683b4b9c1cf074c2030b737,0x00B52570
0x00B524C0,PipboyManager::StartAnimationGraphListening,AE-bytesig-port,e555c6c0e7aba3e9e4801c2e5e11e3a76b42ce080683b4b9c1cf074c2030b737,0x00B52650
0x00B52530,PipboyManager::StopAnimationGraphListening,AE-bytesig-port,e555c6c0e7aba3e9e4801c2e5e11e3a76b42ce080683b4b9c1cf074c2030b737,0x00B526C0
0x00B5E420,PipboyObject::AddMember,AE-bytesig-port,e555c6c0e7aba3e9e4801c2e5e11e3a76b42ce080683b4b9c1cf074c2030b737,0x00B5E5B0
0x00B65EB0,PipboyPlayerInfoData::UpdateCarryWeightData,AE-bytesig-port,e555c6c0e7aba3e9e4801c2e5e11e3a76b42ce080683b4b9c1cf074c2030b737,0x00B66040
0x00B72420,UIUtils::UpdateGamepadDependentButtonCodes,AE-bytesig-port,e555c6c0e7aba3e9e4801c2e5e11e3a76b42ce080683b4b9c1cf074c2030b737,0x00B725B0
0x00B73D60,ActiveEffect::CheckTargetActorsOnly,AE-bytesig-port,e555c6c0e7aba3e9e4801c2e5e11e3a76b42ce080683b4b9c1cf074c2030b737,0x00B73EF0
0x00B73D90,ActiveEffect::Adjust,AE-bytesig-port,e555c6c0e7aba3e9e4801c2e5e11e3a76b42ce080683b4b9c1cf074c2030b737,0x00B73F20
0x00B73E70,ActiveEffect::AdjustForPerks,AE-bytesig-port,e555c6c0e7aba3e9e4801c2e5e11e3a76b42ce080683b4b9c1cf074c2030b737,0x00B74000
0x00B74030,ActiveEffect::OnAdd,AE-bytesig-port,e555c6c0e7aba3e9e4801c2e5e11e3a76b42ce080683b4b9c1cf074c2030b737,0x00B741C0
0x00B74150,ActiveEffect::GetMagnitude,AE-bytesig-port,e555c6c0e7aba3e9e4801c2e5e11e3a76b42ce080683b4b9c1cf074c2030b737,0x00B742E0
0x00B741D0,ActiveEffect::Restart,AE-bytesig-port,e555c6c0e7aba3e9e4801c2e5e11e3a76b42ce080683b4b9c1cf074c2030b737,0x00B74360
0x00B74430,ActiveEffect::Dispel,AE-bytesig-port,e555c6c0e7aba3e9e4801c2e5e11e3a76b42ce080683b4b9c1cf074c2030b737,0x00B745C0
0x00B744F0,ActiveEffect::EvaluateConditions,AE-bytesig-port,e555c6c0e7aba3e9e4801c2e5e11e3a76b42ce080683b4b9c1cf074c2030b737,0x00B74680
0x00B74840,ActiveEffect::EvaluateActiveStatus,AE-bytesig-port,e555c6c0e7aba3e9e4801c2e5e11e3a76b42ce080683b4b9c1cf074c2030b737,0x00B749D0
0x00B769B0,ActiveEffect::ResetMagnitude_MagicTarget__IPostCreationModification,AE-bytesig-port,e555c6c0e7aba3e9e4801c2e5e11e3a76b42ce080683b4b9c1cf074c2030b737,0x00B76B40
0x00B82410,MagicCaster::CastAddiction,AE-bytesig-port,e555c6c0e7aba3e9e4801c2e5e11e3a76b42ce080683b4b9c1cf074c2030b737,0x00B825A0
0x00B89F10,MagicTarget::Dispel,AE-bytesig-port,e555c6c0e7aba3e9e4801c2e5e11e3a76b42ce080683b4b9c1cf074c2030b737,0x00B8A0A0
0x00B8BDD0,MagicTarget::GetTargetAsActor,AE-bytesig-port,e555c6c0e7aba3e9e4801c2e5e11e3a76b42ce080683b4b9c1cf074c2030b737,0x00B8BF60
0x00B8BE80,MagicTarget::CheckAddiction,AE-bytesig-port,e555c6c0e7aba3e9e4801c2e5e11e3a76b42ce080683b4b9c1cf074c2030b737,0x00B8C010
0x00B8C480,MagicTarget::TransferEffect,AE-bytesig-port,e555c6c0e7aba3e9e4801c2e5e11e3a76b42ce080683b4b9c1cf074c2030b737,0x00B8C610
0x00B8C680,MagicTarget::GetMagicTargetFormID,AE-bytesig-port,e555c6c0e7aba3e9e4801c2e5e11e3a76b42ce080683b4b9c1cf074c2030b737,0x00B8C810
0x00B8C710,MagicTarget::FindActiveEffectByID,AE-bytesig-port,e555c6c0e7aba3e9e4801c2e5e11e3a76b42ce080683b4b9c1cf074c2030b737,0x00B8C8A0
0x00B8D6F0,MagicTarget::QueueSpellDispel,AE-bytesig-port,e555c6c0e7aba3e9e4801c2e5e11e3a76b42ce080683b4b9c1cf074c2030b737,0x00B8D880
0x00B8EC50,MagicUtilities::SendSwitchRaceComplete,AE-bytesig-port,e555c6c0e7aba3e9e4801c2e5e11e3a76b42ce080683b4b9c1cf074c2030b737,0x00B8EDE0
0x00B96CC0,ScriptEffect::Update,AE-bytesig-port,e555c6c0e7aba3e9e4801c2e5e11e3a76b42ce080683b4b9c1cf074c2030b737,0x00B96E50
0x00BA57D0,TESAudio::ScriptedMusicState::Remove,AE-bytesig-port,e555c6c0e7aba3e9e4801c2e5e11e3a76b42ce080683b4b9c1cf074c2030b737,0x00BA5960
0x00BAD990,DialogueItem::DialogueItem,AE-bytesig-port,e555c6c0e7aba3e9e4801c2e5e11e3a76b42ce080683b4b9c1cf074c2030b737,0x00BADB20
0x00BADE70,DialogueItem::RunResult,AE-bytesig-port,e555c6c0e7aba3e9e4801c2e5e11e3a76b42ce080683b4b9c1cf074c2030b737,0x00BAE000
0x00BADEF0,DialogueItem::RunStartSceneOnEndResult,AE-bytesig-port,e555c6c0e7aba3e9e4801c2e5e11e3a76b42ce080683b4b9c1cf074c2030b737,0x00BAE080
0x00BAE650,DialogueResponse::DialogueResponse,AE-bytesig-port,e555c6c0e7aba3e9e4801c2e5e11e3a76b42ce080683b4b9c1cf074c2030b737,0x00BAE7E0
0x00BB0730,MenuTopicManager::GetSpeakerAsActor,AE-bytesig-port,e555c6c0e7aba3e9e4801c2e5e11e3a76b42ce080683b4b9c1cf074c2030b737,0x00BB08C0
0x00BB07A0,MenuTopicManager::SpeakerShutMenu,AE-bytesig-port,e555c6c0e7aba3e9e4801c2e5e11e3a76b42ce080683b4b9c1cf074c2030b737,0x00BB0930
0x00BB1350,ActorUtils::IsRobot,AE-bytesig-port,e555c6c0e7aba3e9e4801c2e5e11e3a76b42ce080683b4b9c1cf074c2030b737,0x00BB14E0
0x00BB14C0,ActorUtils::PlayerCanCommandHealTarget,AE-bytesig-port,e555c6c0e7aba3e9e4801c2e5e11e3a76b42ce080683b4b9c1cf074c2030b737,0x00BB1650
0x00BB1980,ActorUtils::GetBodyPart3D,AE-bytesig-port,e555c6c0e7aba3e9e4801c2e5e11e3a76b42ce080683b4b9c1cf074c2030b737,0x00BB1B10
0x00BB2390,ActorUtils::GetEquippedArmorDamageResistance,AE-bytesig-port,e555c6c0e7aba3e9e4801c2e5e11e3a76b42ce080683b4b9c1cf074c2030b737,0x00BB2520
0x00BB2950,ActorUtils::GetDrawnWeaponWeight,AE-bytesig-port,e555c6c0e7aba3e9e4801c2e5e11e3a76b42ce080683b4b9c1cf074c2030b737,0x00BB2AE0
0x00BB3270,ActorUtils::InCanUseForCombatFurniture,AE-bytesig-port,e555c6c0e7aba3e9e4801c2e5e11e3a76b42ce080683b4b9c1cf074c2030b737,0x00BB3400
0x00BB3610,ActorUtils::ShouldFrenziedAttack,AE-bytesig-port,e555c6c0e7aba3e9e4801c2e5e11e3a76b42ce080683b4b9c1cf074c2030b737,0x00BB37A0
0x00BB3740,ActorUtils::ArmorRatingVisitorBase::ctor,AE-bytesig-port,e555c6c0e7aba3e9e4801c2e5e11e3a76b42ce080683b4b9c1cf074c2030b737,0x00BB38D0
0x00BB37B0,ActorUtils::ArmorRatingVisitorBase::_operator,AE-bytesig-port,e555c6c0e7aba3e9e4801c2e5e11e3a76b42ce080683b4b9c1cf074c2030b737,0x00BB3940
0x00BD4110,JobListManager::Init,AE-bytesig-port,e555c6c0e7aba3e9e4801c2e5e11e3a76b42ce080683b4b9c1cf074c2030b737,0x00BD3F80
0x00BD9BD0,RadioManager::UnregisterRadioTransmitter,AE-bytesig-port,e555c6c0e7aba3e9e4801c2e5e11e3a76b42ce080683b4b9c1cf074c2030b737,0x00BD9A40
0x00BDAA70,RadioManager::EnablePlayerRadio,AE-bytesig-port,e555c6c0e7aba3e9e4801c2e5e11e3a76b42ce080683b4b9c1cf074c2030b737,0x00BDA8E0
0x00BDACF0,RadioManager::GetPlayerRadioEnabled,AE-bytesig-port,e555c6c0e7aba3e9e4801c2e5e11e3a76b42ce080683b4b9c1cf074c2030b737,0x00BDAB60
0x00BE87E0,BGSSaveLoadChangesMap::CheckChangeFlags,AE-bytesig-port,e555c6c0e7aba3e9e4801c2e5e11e3a76b42ce080683b4b9c1cf074c2030b737,0x00BE8650
0x00BE8970,BGSSaveLoadChangesMap::AddChangeFlags,AE-bytesig-port,e555c6c0e7aba3e9e4801c2e5e11e3a76b42ce080683b4b9c1cf074c2030b737,0x00BE87E0
0x00BE94B0,SaveGameWarning,AE-bytesig-port,e555c6c0e7aba3e9e4801c2e5e11e3a76b42ce080683b4b9c1cf074c2030b737,0x00BE9320
0x00BEA080,BGSSaveLoadFileEntry::DeleteGame,AE-bytesig-port,e555c6c0e7aba3e9e4801c2e5e11e3a76b42ce080683b4b9c1cf074c2030b737,0x00BE9EF0
0x00BEA440,BGSSaveLoadFileEntry::LoadData,AE-bytesig-port,e555c6c0e7aba3e9e4801c2e5e11e3a76b42ce080683b4b9c1cf074c2030b737,0x00BEA2B0
0x00BEBB70,BGSSaveLoadGame::LoadForm,AE-bytesig-port,e555c6c0e7aba3e9e4801c2e5e11e3a76b42ce080683b4b9c1cf074c2030b737,0x00BEB9E0
0x00BEBF20,BGSSaveLoadGame::UnloadForm,AE-bytesig-port,e555c6c0e7aba3e9e4801c2e5e11e3a76b42ce080683b4b9c1cf074c2030b737,0x00BEBD90
0x00BEC5E0,BGSSaveLoadGame::AddChange,AE-bytesig-port,e555c6c0e7aba3e9e4801c2e5e11e3a76b42ce080683b4b9c1cf074c2030b737,0x00BEC450
0x00BEDC50,BGSSaveLoadGame::QueueMoveToEditorLocation,AE-bytesig-port,e555c6c0e7aba3e9e4801c2e5e11e3a76b42ce080683b4b9c1cf074c2030b737,0x00BEDAC0
0x00BF5F00,BGSSaveLoadHistory::AddNoteVarArgs,AE-bytesig-port,e555c6c0e7aba3e9e4801c2e5e11e3a76b42ce080683b4b9c1cf074c2030b737,0x00BF5D70
0x00BF8960,BGSSaveLoadManager::GetSaveDirectoryPath,AE-bytesig-port,e555c6c0e7aba3e9e4801c2e5e11e3a76b42ce080683b4b9c1cf074c2030b737,0x00BF87D0
0x00BFB820,BGSSaveLoadManager::BuildSaveGameList,AE-bytesig-port,e555c6c0e7aba3e9e4801c2e5e11e3a76b42ce080683b4b9c1cf074c2030b737,0x00BFB690
0x00BFE650,BGSSaveLoadManager::QueueSaveLoadTask,AE-bytesig-port,e555c6c0e7aba3e9e4801c2e5e11e3a76b42ce080683b4b9c1cf074c2030b737,0x00BFE4C0
0x00BFE9B0,BGSSaveLoadManager::UpdateQueuedTasks,AE-bytesig-port,e555c6c0e7aba3e9e4801c2e5e11e3a76b42ce080683b4b9c1cf074c2030b737,0x00BFE820
0x00C03680,BGSSaveLoadThread::BGSSaveLoadThread,AE-bytesig-port,e555c6c0e7aba3e9e4801c2e5e11e3a76b42ce080683b4b9c1cf074c2030b737,0x00C034F0
0x00C0AC30,BGSNumericIDIndex::SetNumericID,AE-bytesig-port,e555c6c0e7aba3e9e4801c2e5e11e3a76b42ce080683b4b9c1cf074c2030b737,0x00C0AAA0
0x00C0F450,BGSLoadGameBuffer::BGSLoadGameBuffer_dtor,AE-bytesig-port,e555c6c0e7aba3e9e4801c2e5e11e3a76b42ce080683b4b9c1cf074c2030b737,0x00C0F2C0
0x00C0F680,BGSLoadGameBuffer::LoadFormID,AE-bytesig-port,e555c6c0e7aba3e9e4801c2e5e11e3a76b42ce080683b4b9c1cf074c2030b737,0x00C0F4F0
0x00C10410,BGSLoadGameSubBuffer::CreateLoadFormData,AE-bytesig-port,e555c6c0e7aba3e9e4801c2e5e11e3a76b42ce080683b4b9c1cf074c2030b737,0x00C10280
0x00C10580,BGSLoadGameSubBuffer::CopyBuffer,AE-bytesig-port,e555c6c0e7aba3e9e4801c2e5e11e3a76b42ce080683b4b9c1cf074c2030b737,0x00C103F0
0x00C11060,BGSSaveLoadBuffer::AllocateBuffer,AE-bytesig-port,e555c6c0e7aba3e9e4801c2e5e11e3a76b42ce080683b4b9c1cf074c2030b737,0x00C10ED0
0x00C113D0,BGSSaveFormBuffer::BGSSaveFormBuffer,AE-bytesig-port,e555c6c0e7aba3e9e4801c2e5e11e3a76b42ce080683b4b9c1cf074c2030b737,0x00C11240
0x00C115E0,BGSSaveFormBuffer::SetHeader,AE-bytesig-port,e555c6c0e7aba3e9e4801c2e5e11e3a76b42ce080683b4b9c1cf074c2030b737,0x00C11450
0x00C11720,BGSSaveGameBuffer::BGSSaveGameBuffer_dtor,AE-bytesig-port,e555c6c0e7aba3e9e4801c2e5e11e3a76b42ce080683b4b9c1cf074c2030b737,0x00C11590
0x00C11AA0,BGSSaveGameBuffer::SaveVariableSizedValue,AE-bytesig-port,e555c6c0e7aba3e9e4801c2e5e11e3a76b42ce080683b4b9c1cf074c2030b737,0x00C11910
0x00C13810,MemoryManager::SpecifyMemoryLayout,AE-bytesig-port,e555c6c0e7aba3e9e4801c2e5e11e3a76b42ce080683b4b9c1cf074c2030b737,0x00C13680
0x00C1B380,BGSImpactManager::SoundHandlePool::PlayInstance,AE-bytesig-port,e555c6c0e7aba3e9e4801c2e5e11e3a76b42ce080683b4b9c1cf074c2030b737,0x00C1B1F0
0x00C1C4B0,BGSImpactManager::PlayImpactDataSounds,AE-bytesig-port,e555c6c0e7aba3e9e4801c2e5e11e3a76b42ce080683b4b9c1cf074c2030b737,0x00C1C320
0x00C1C5E0,BGSImpactManager::CleanCollisionSoundHistory,AE-bytesig-port,e555c6c0e7aba3e9e4801c2e5e11e3a76b42ce080683b4b9c1cf074c2030b737,0x00C1C450
0x00C1C810,BGSImpactManager::PlayImpactEffect,AE-bytesig-port,e555c6c0e7aba3e9e4801c2e5e11e3a76b42ce080683b4b9c1cf074c2030b737,0x00C1C680
0x00C1E880,PlayOneShot,AE-bytesig-port,e555c6c0e7aba3e9e4801c2e5e11e3a76b42ce080683b4b9c1cf074c2030b737,0x00C1E6F0
0x00C1EF70,Calendar::Calendar,AE-bytesig-port,e555c6c0e7aba3e9e4801c2e5e11e3a76b42ce080683b4b9c1cf074c2030b737,0x00C1EDE0
0x00C1F040,Calendar::Update,AE-bytesig-port,e555c6c0e7aba3e9e4801c2e5e11e3a76b42ce080683b4b9c1cf074c2030b737,0x00C1EEB0
0x00C24050,DeferredDeleter::Add,AE-bytesig-port,e555c6c0e7aba3e9e4801c2e5e11e3a76b42ce080683b4b9c1cf074c2030b737,0x00C23EC0
0x00C2F5C0,Main::Main,AE-bytesig-port,e555c6c0e7aba3e9e4801c2e5e11e3a76b42ce080683b4b9c1cf074c2030b737,0x00C2F430
0x00C2FC60,Main::StartUp,AE-bytesig-port,e555c6c0e7aba3e9e4801c2e5e11e3a76b42ce080683b4b9c1cf074c2030b737,0x00C2FAD0
0x00C31160,Main::Run,AE-bytesig-port,e555c6c0e7aba3e9e4801c2e5e11e3a76b42ce080683b4b9c1cf074c2030b737,0x00C30FD0
0x00C32060,Main::InitTES,AE-bytesig-port,e555c6c0e7aba3e9e4801c2e5e11e3a76b42ce080683b4b9c1cf074c2030b737,0x00C31ED0
0x00C32450,Main::InitSceneGraph,AE-bytesig-port,e555c6c0e7aba3e9e4801c2e5e11e3a76b42ce080683b4b9c1cf074c2030b737,0x00C322C0
0x00C33320,Main::Run_WindowsMessageLoop,AE-bytesig-port,e555c6c0e7aba3e9e4801c2e5e11e3a76b42ce080683b4b9c1cf074c2030b737,0x00C33190
0x00C33640,Main::OnIdle,AE-bytesig-port,e555c6c0e7aba3e9e4801c2e5e11e3a76b42ce080683b4b9c1cf074c2030b737,0x00C334B0
0x00C34640,Main::OnIdle_GeneralUpdate,AE-bytesig-port,e555c6c0e7aba3e9e4801c2e5e11e3a76b42ce080683b4b9c1cf074c2030b737,0x00C344B0
0x00C346B0,Main::OnIdle_TreeUpdate,AE-bytesig-port,e555c6c0e7aba3e9e4801c2e5e11e3a76b42ce080683b4b9c1cf074c2030b737,0x00C34520
0x00C34700,Main::OnIdle_AI,AE-bytesig-port,e555c6c0e7aba3e9e4801c2e5e11e3a76b42ce080683b4b9c1cf074c2030b737,0x00C34570
0x00C35150,Main::OnIdle_UpdateImageSpace,AE-bytesig-port,e555c6c0e7aba3e9e4801c2e5e11e3a76b42ce080683b4b9c1cf074c2030b737,0x00C34FC0
0x00C35340,Main::OnIdle_UpdateVegetationCollisions,AE-bytesig-port,e555c6c0e7aba3e9e4801c2e5e11e3a76b42ce080683b4b9c1cf074c2030b737,0x00C351B0
0x00C366F0,Main::OnInitAllFormsStart,AE-bytesig-port,e555c6c0e7aba3e9e4801c2e5e11e3a76b42ce080683b4b9c1cf074c2030b737,0x00C36560
0x00C38A50,Main::SetCameraFOV,AE-bytesig-port,e555c6c0e7aba3e9e4801c2e5e11e3a76b42ce080683b4b9c1cf074c2030b737,0x00C388C0
0x00C3ACA0,PositionPlayerJob::Run,AE-bytesig-port,e555c6c0e7aba3e9e4801c2e5e11e3a76b42ce080683b4b9c1cf074c2030b737,0x00C3AB10
0x00C3E550,Main_CreatePlayerCharacter,AE-bytesig-port,e555c6c0e7aba3e9e4801c2e5e11e3a76b42ce080683b4b9c1cf074c2030b737,0x00C3E3C0
0x00C3EDA0,Main_InitStartCell,AE-bytesig-port,e555c6c0e7aba3e9e4801c2e5e11e3a76b42ce080683b4b9c1cf074c2030b737,0x00C3EC10
0x00C3F150,Main_PickIniFile,AE-bytesig-port,e555c6c0e7aba3e9e4801c2e5e11e3a76b42ce080683b4b9c1cf074c2030b737,0x00C3EFC0
0x00C3F380,Main_PostInitTES,AE-bytesig-port,e555c6c0e7aba3e9e4801c2e5e11e3a76b42ce080683b4b9c1cf074c2030b737,0x00C3F1F0
0x00C41B70,UpdateCurrentGridCell_PlayerOnFlyingMount,AE-bytesig-port,e555c6c0e7aba3e9e4801c2e5e11e3a76b42ce080683b4b9c1cf074c2030b737,0x00C419E0
0x00C420E0,InitGameDataThread::WaitFinished,AE-bytesig-port,e555c6c0e7aba3e9e4801c2e5e11e3a76b42ce080683b4b9c1cf074c2030b737,0x00C41F50
0x00C44DC0,TaskQueueInterface::ProcessQueues,AE-bytesig-port,e555c6c0e7aba3e9e4801c2e5e11e3a76b42ce080683b4b9c1cf074c2030b737,0x00C44C30
0x00C45320,TaskQueueInterface::QueueWeaponFire,AE-bytesig-port,e555c6c0e7aba3e9e4801c2e5e11e3a76b42ce080683b4b9c1cf074c2030b737,0x00C45190
0x00C45870,TaskQueueInterface::QueueBiped3DDetach,AE-bytesig-port,e555c6c0e7aba3e9e4801c2e5e11e3a76b42ce080683b4b9c1cf074c2030b737,0x00C456E0
0x00C46030,TaskQueueInterface::QueueActorKill,AE-bytesig-port,e555c6c0e7aba3e9e4801c2e5e11e3a76b42ce080683b4b9c1cf074c2030b737,0x00C45EA0
0x00C46640,TaskQueueInterface::QueueActorUpdateModel,AE-bytesig-port,e555c6c0e7aba3e9e4801c2e5e11e3a76b42ce080683b4b9c1cf074c2030b737,0x00C464B0
0x00C46D40,TaskQueueInterface::QueueHavokRemove,AE-bytesig-port,e555c6c0e7aba3e9e4801c2e5e11e3a76b42ce080683b4b9c1cf074c2030b737,0x00C46BB0
0x00C46E10,TaskQueueInterface::QueueHavokMotionChange,AE-bytesig-port,e555c6c0e7aba3e9e4801c2e5e11e3a76b42ce080683b4b9c1cf074c2030b737,0x00C46C80
0x00C470C0,TaskQueueInterface::QueueHavokCollisionLayerGroupChange,AE-bytesig-port,e555c6c0e7aba3e9e4801c2e5e11e3a76b42ce080683b4b9c1cf074c2030b737,0x00C46F30
0x00C47B00,TaskQueueInterface::QueueAttachWeapon,AE-bytesig-port,e555c6c0e7aba3e9e4801c2e5e11e3a76b42ce080683b4b9c1cf074c2030b737,0x00C47970
0x00C48580,TaskQueueInterface::QueueActorSetPosition,AE-bytesig-port,e555c6c0e7aba3e9e4801c2e5e11e3a76b42ce080683b4b9c1cf074c2030b737,0x00C483F0
0x00C48F70,TaskQueueInterface::QueueSetDisplacementSpell,AE-bytesig-port,e555c6c0e7aba3e9e4801c2e5e11e3a76b42ce080683b4b9c1cf074c2030b737,0x00C48DE0
0x00C49590,TaskQueueInterface::QueueKillHazard,AE-bytesig-port,e555c6c0e7aba3e9e4801c2e5e11e3a76b42ce080683b4b9c1cf074c2030b737,0x00C49400
0x00C4A0E0,TaskQueueInterface::QueueRemoveTempEffect,AE-bytesig-port,e555c6c0e7aba3e9e4801c2e5e11e3a76b42ce080683b4b9c1cf074c2030b737,0x00C49F50
0x00C4A260,TaskQueueInterface::QueueDisableReference,AE-bytesig-port,e555c6c0e7aba3e9e4801c2e5e11e3a76b42ce080683b4b9c1cf074c2030b737,0x00C4A0D0
0x00C4B120,TaskQueueInterface::QueueShowPipboy,AE-bytesig-port,e555c6c0e7aba3e9e4801c2e5e11e3a76b42ce080683b4b9c1cf074c2030b737,0x00C4AF90
0x00C4B7A0,TaskQueueInterface::QueueCallForHelp,AE-bytesig-port,e555c6c0e7aba3e9e4801c2e5e11e3a76b42ce080683b4b9c1cf074c2030b737,0x00C4B610
0x00C4BA40,TaskQueueInterface::QueueTransferActiveEffect,AE-bytesig-port,e555c6c0e7aba3e9e4801c2e5e11e3a76b42ce080683b4b9c1cf074c2030b737,0x00C4B8B0
0x00C4BD00,TaskQueueInterface::QueueRebuildBendableSpline,AE-bytesig-port,e555c6c0e7aba3e9e4801c2e5e11e3a76b42ce080683b4b9c1cf074c2030b737,0x00C4BB70
0x00C4C8D0,TaskQueueInterface::QueueStopInteractingQuick,AE-bytesig-port,e555c6c0e7aba3e9e4801c2e5e11e3a76b42ce080683b4b9c1cf074c2030b737,0x00C4C740
0x00C4CF90,TaskQueueInterface::TaskUnpackFunc,AE-bytesig-port,e555c6c0e7aba3e9e4801c2e5e11e3a76b42ce080683b4b9c1cf074c2030b737,0x00C4CE00
0x00C541D0,Main::InitTextureUpdate,AE-bytesig-port,e555c6c0e7aba3e9e4801c2e5e11e3a76b42ce080683b4b9c1cf074c2030b737,0x00C54040
0x00C57020,ActorSounds::UpdateAwakeSound,AE-bytesig-port,e555c6c0e7aba3e9e4801c2e5e11e3a76b42ce080683b4b9c1cf074c2030b737,0x00C56E90
0x00C577D0,Actor::Actor,AE-bytesig-port,e555c6c0e7aba3e9e4801c2e5e11e3a76b42ce080683b4b9c1cf074c2030b737,0x00C57640
0x00C58E00,Actor::GetBodyPartData,AE-bytesig-port,e555c6c0e7aba3e9e4801c2e5e11e3a76b42ce080683b4b9c1cf074c2030b737,0x00C58C70
0x00C59780,Actor::InitLightingPropertyPtr,AE-bytesig-port,e555c6c0e7aba3e9e4801c2e5e11e3a76b42ce080683b4b9c1cf074c2030b737,0x00C595F0
0x00C5A240,Actor::CanUseIdle,AE-bytesig-port,e555c6c0e7aba3e9e4801c2e5e11e3a76b42ce080683b4b9c1cf074c2030b737,0x00C5A0B0
0x00C5AB50,Actor::GetTraversalFlags,AE-bytesig-port,e555c6c0e7aba3e9e4801c2e5e11e3a76b42ce080683b4b9c1cf074c2030b737,0x00C5A9C0
0x00C5ACF0,Actor::IsQuadruped,AE-bytesig-port,e555c6c0e7aba3e9e4801c2e5e11e3a76b42ce080683b4b9c1cf074c2030b737,0x00C5AB60
0x00C5B170,Actor::SetHeading,AE-bytesig-port,e555c6c0e7aba3e9e4801c2e5e11e3a76b42ce080683b4b9c1cf074c2030b737,0x00C5AFE0
0x00C5B440,Actor::CanRun,AE-bytesig-port,e555c6c0e7aba3e9e4801c2e5e11e3a76b42ce080683b4b9c1cf074c2030b737,0x00C5B2B0
0x00C5B600,Actor::StopSprinting,AE-bytesig-port,e555c6c0e7aba3e9e4801c2e5e11e3a76b42ce080683b4b9c1cf074c2030b737,0x00C5B470
0x00C5B900,Actor::IsWaiting,AE-bytesig-port,e555c6c0e7aba3e9e4801c2e5e11e3a76b42ce080683b4b9c1cf074c2030b737,0x00C5B770
0x00C5BA20,Actor::IsJumping,AE-bytesig-port,e555c6c0e7aba3e9e4801c2e5e11e3a76b42ce080683b4b9c1cf074c2030b737,0x00C5B890
0x00C5BBE0,Actor::IsOnMovingObject,AE-bytesig-port,e555c6c0e7aba3e9e4801c2e5e11e3a76b42ce080683b4b9c1cf074c2030b737,0x00C5BA50
0x00C5BD90,Actor::ShouldSkipFallOutBehavior,AE-bytesig-port,e555c6c0e7aba3e9e4801c2e5e11e3a76b42ce080683b4b9c1cf074c2030b737,0x00C5BC00
0x00C5C5E0,Actor::GetIntimidatedByPlayer,AE-bytesig-port,e555c6c0e7aba3e9e4801c2e5e11e3a76b42ce080683b4b9c1cf074c2030b737,0x00C5C450
0x00C5CF20,Actor::GetGhost,AE-bytesig-port,e555c6c0e7aba3e9e4801c2e5e11e3a76b42ce080683b4b9c1cf074c2030b737,0x00C5CD90
0x00C5D5C0,Actor::GetAnimationSex,AE-bytesig-port,e555c6c0e7aba3e9e4801c2e5e11e3a76b42ce080683b4b9c1cf074c2030b737,0x00C5D430
0x00C5E320,Actor::HandleCorpseClear,AE-bytesig-port,e555c6c0e7aba3e9e4801c2e5e11e3a76b42ce080683b4b9c1cf074c2030b737,0x00C5E190
0x00C5E850,Actor::GetIgnoreCrime,AE-bytesig-port,e555c6c0e7aba3e9e4801c2e5e11e3a76b42ce080683b4b9c1cf074c2030b737,0x00C5E6C0
0x00C60D70,Actor::WarpTo,AE-bytesig-port,e555c6c0e7aba3e9e4801c2e5e11e3a76b42ce080683b4b9c1cf074c2030b737,0x00C60BE0
0x00C61470,Actor::Kill,AE-bytesig-port,e555c6c0e7aba3e9e4801c2e5e11e3a76b42ce080683b4b9c1cf074c2030b737,0x00C612E0
0x00C617D0,Actor::GetKillQueued,AE-bytesig-port,e555c6c0e7aba3e9e4801c2e5e11e3a76b42ce080683b4b9c1cf074c2030b737,0x00C61640
0x00C62CC0,Actor::IsInSittingSleepingState,AE-bytesig-port,e555c6c0e7aba3e9e4801c2e5e11e3a76b42ce080683b4b9c1cf074c2030b737,0x00C62B30
0x00C62F30,Actor::StartFurnitureScaleAnim,AE-bytesig-port,e555c6c0e7aba3e9e4801c2e5e11e3a76b42ce080683b4b9c1cf074c2030b737,0x00C62DA0
0x00C63740,Actor::GetSpeedMult,AE-bytesig-port,e555c6c0e7aba3e9e4801c2e5e11e3a76b42ce080683b4b9c1cf074c2030b737,0x00C635B0
0x00C64510,Actor::Update,AE-bytesig-port,e555c6c0e7aba3e9e4801c2e5e11e3a76b42ce080683b4b9c1cf074c2030b737,0x00C64380
0x00C67AB0,Actor::ClearAttackStates,AE-bytesig-port,e555c6c0e7aba3e9e4801c2e5e11e3a76b42ce080683b4b9c1cf074c2030b737,0x00C67920
0x00C68080,Actor::SayCrimeDialogue,AE-bytesig-port,e555c6c0e7aba3e9e4801c2e5e11e3a76b42ce080683b4b9c1cf074c2030b737,0x00C67EF0
0x00C68340,Actor::HandleItemEquip,AE-bytesig-port,e555c6c0e7aba3e9e4801c2e5e11e3a76b42ce080683b4b9c1cf074c2030b737,0x00C681B0
0x00C68530,Actor::GetCrimeTrackingFaction,AE-bytesig-port,e555c6c0e7aba3e9e4801c2e5e11e3a76b42ce080683b4b9c1cf074c2030b737,0x00C683A0
0x00C69240,Actor::EvaluatePackage,AE-bytesig-port,e555c6c0e7aba3e9e4801c2e5e11e3a76b42ce080683b4b9c1cf074c2030b737,0x00C690B0
0x00C69860,Actor::InitiateDoNothingPackage,AE-bytesig-port,e555c6c0e7aba3e9e4801c2e5e11e3a76b42ce080683b4b9c1cf074c2030b737,0x00C696D0
0x00C6C430,Actor::StealAlarm,AE-bytesig-port,e555c6c0e7aba3e9e4801c2e5e11e3a76b42ce080683b4b9c1cf074c2030b737,0x00C6C2A0
0x00C6E560,Actor::TrespassAlarm,AE-bytesig-port,e555c6c0e7aba3e9e4801c2e5e11e3a76b42ce080683b4b9c1cf074c2030b737,0x00C6E3D0
0x00C70CC0,Actor::GetMaxCarryWeight,AE-bytesig-port,e555c6c0e7aba3e9e4801c2e5e11e3a76b42ce080683b4b9c1cf074c2030b737,0x00C70B30
0x00C71380,Actor::SetAngryAtPlayer,AE-bytesig-port,e555c6c0e7aba3e9e4801c2e5e11e3a76b42ce080683b4b9c1cf074c2030b737,0x00C711F0
0x00C71BF0,Actor::UpdatePickNodes,AE-bytesig-port,e555c6c0e7aba3e9e4801c2e5e11e3a76b42ce080683b4b9c1cf074c2030b737,0x00C71A60
0x00C723F0,Actor::SetBiped,AE-bytesig-port,e555c6c0e7aba3e9e4801c2e5e11e3a76b42ce080683b4b9c1cf074c2030b737,0x00C72260
0x00C724C0,Actor::ShouldTalkTo,AE-bytesig-port,e555c6c0e7aba3e9e4801c2e5e11e3a76b42ce080683b4b9c1cf074c2030b737,0x00C72330
0x00C73050,Actor::EndInterruptPackage,AE-bytesig-port,e555c6c0e7aba3e9e4801c2e5e11e3a76b42ce080683b4b9c1cf074c2030b737,0x00C72EC0
0x00C73760,Actor::GetReach,AE-bytesig-port,e555c6c0e7aba3e9e4801c2e5e11e3a76b42ce080683b4b9c1cf074c2030b737,0x00C735D0
0x00C73C60,Actor::IsMovementAnimationDriven,AE-bytesig-port,e555c6c0e7aba3e9e4801c2e5e11e3a76b42ce080683b4b9c1cf074c2030b737,0x00C73AD0
0x00C73EC0,Actor::ShouldBeRagdolled,AE-bytesig-port,e555c6c0e7aba3e9e4801c2e5e11e3a76b42ce080683b4b9c1cf074c2030b737,0x00C73D30
0x00C73F60,Actor::Reset3D,AE-bytesig-port,e555c6c0e7aba3e9e4801c2e5e11e3a76b42ce080683b4b9c1cf074c2030b737,0x00C73DD0
0x00C74240,Actor::SetCommandState,AE-bytesig-port,e555c6c0e7aba3e9e4801c2e5e11e3a76b42ce080683b4b9c1cf074c2030b737,0x00C740B0
0x00C745B0,Actor::DropDogItems,AE-bytesig-port,e555c6c0e7aba3e9e4801c2e5e11e3a76b42ce080683b4b9c1cf074c2030b737,0x00C74420
0x00C76C50,Actor::Move,AE-bytesig-port,e555c6c0e7aba3e9e4801c2e5e11e3a76b42ce080683b4b9c1cf074c2030b737,0x00C76AC0
0x00C7AB50,Actor::HasObjects,AE-bytesig-port,e555c6c0e7aba3e9e4801c2e5e11e3a76b42ce080683b4b9c1cf074c2030b737,0x00C7A9C0
0x00C7AD10,Actor::CombatStateActiveChange,AE-bytesig-port,e555c6c0e7aba3e9e4801c2e5e11e3a76b42ce080683b4b9c1cf074c2030b737,0x00C7AB80
0x00C7AD50,Actor::CanAttackActor,AE-bytesig-port,e555c6c0e7aba3e9e4801c2e5e11e3a76b42ce080683b4b9c1cf074c2030b737,0x00C7ABC0
0x00C7AED0,Actor::GetShouldAttackActor,AE-bytesig-port,e555c6c0e7aba3e9e4801c2e5e11e3a76b42ce080683b4b9c1cf074c2030b737,0x00C7AD40
0x00C7B810,Actor::GetHostileToActor,AE-bytesig-port,e555c6c0e7aba3e9e4801c2e5e11e3a76b42ce080683b4b9c1cf074c2030b737,0x00C7B680
0x00C7F240,Actor::SetChaseBip,AE-bytesig-port,e555c6c0e7aba3e9e4801c2e5e11e3a76b42ce080683b4b9c1cf074c2030b737,0x00C7F0B0
0x00C7F5A0,Actor::InitiateAlarm,AE-bytesig-port,e555c6c0e7aba3e9e4801c2e5e11e3a76b42ce080683b4b9c1cf074c2030b737,0x00C7F410
0x00C807D0,Actor::InitiateStealWarning,AE-bytesig-port,e555c6c0e7aba3e9e4801c2e5e11e3a76b42ce080683b4b9c1cf074c2030b737,0x00C80640
0x00C80E50,Actor::GetCurrentCollisionGroup,AE-bytesig-port,e555c6c0e7aba3e9e4801c2e5e11e3a76b42ce080683b4b9c1cf074c2030b737,0x00C80CC0
0x00C81120,Actor::GetAngryWithPlayer,AE-bytesig-port,e555c6c0e7aba3e9e4801c2e5e11e3a76b42ce080683b4b9c1cf074c2030b737,0x00C80F90
0x00C82050,Actor::IsFleeing,AE-bytesig-port,e555c6c0e7aba3e9e4801c2e5e11e3a76b42ce080683b4b9c1cf074c2030b737,0x00C81EC0
0x00C822D0,Actor::IsFollowing,AE-bytesig-port,e555c6c0e7aba3e9e4801c2e5e11e3a76b42ce080683b4b9c1cf074c2030b737,0x00C82140
0x00C831D0,Actor::SetLooking,AE-bytesig-port,e555c6c0e7aba3e9e4801c2e5e11e3a76b42ce080683b4b9c1cf074c2030b737,0x00C83040
0x00C87860,Actor::GetClosestBone,AE-bytesig-port,e555c6c0e7aba3e9e4801c2e5e11e3a76b42ce080683b4b9c1cf074c2030b737,0x00C876D0
0x00C87D10,Actor::IsSkinnedToDismemberedLimb,AE-bytesig-port,e555c6c0e7aba3e9e4801c2e5e11e3a76b42ce080683b4b9c1cf074c2030b737,0x00C87B80
0x00C88570,Actor::RestoreDismembermentData,AE-bytesig-port,e555c6c0e7aba3e9e4801c2e5e11e3a76b42ce080683b4b9c1cf074c2030b737,0x00C883E0
0x00C893C0,Actor::HideDismemberedLimb,AE-bytesig-port,e555c6c0e7aba3e9e4801c2e5e11e3a76b42ce080683b4b9c1cf074c2030b737,0x00C89230
0x00C89530,Actor::ProcessNonLethalDismemberment,AE-bytesig-port,e555c6c0e7aba3e9e4801c2e5e11e3a76b42ce080683b4b9c1cf074c2030b737,0x00C893A0
0x00C8DFD0,Actor::GetFactionFightReaction,AE-bytesig-port,e555c6c0e7aba3e9e4801c2e5e11e3a76b42ce080683b4b9c1cf074c2030b737,0x00C8DE40
0x00C8E180,Actor::CalculateFactionFightReaction,AE-bytesig-port,e555c6c0e7aba3e9e4801c2e5e11e3a76b42ce080683b4b9c1cf074c2030b737,0x00C8DFF0
0x00C8E550,Actor::ClearCachedFactionFightReaction,AE-bytesig-port,e555c6c0e7aba3e9e4801c2e5e11e3a76b42ce080683b4b9c1cf074c2030b737,0x00C8E3C0
0x00C8EA60,Actor::GetFactionRank,AE-bytesig-port,e555c6c0e7aba3e9e4801c2e5e11e3a76b42ce080683b4b9c1cf074c2030b737,0x00C8E8D0
0x00C8F1B0,Actor::CalculateCrimeGold,AE-bytesig-port,e555c6c0e7aba3e9e4801c2e5e11e3a76b42ce080683b4b9c1cf074c2030b737,0x00C8F020
0x00C8F340,Actor::HasFactionThatCaresAboutCrime,AE-bytesig-port,e555c6c0e7aba3e9e4801c2e5e11e3a76b42ce080683b4b9c1cf074c2030b737,0x00C8F1B0
0x00C91C80,Actor::AddPerk,AE-bytesig-port,e555c6c0e7aba3e9e4801c2e5e11e3a76b42ce080683b4b9c1cf074c2030b737,0x00C91AF0
0x00C930B0,Actor::GetCanDoFavor,AE-bytesig-port,e555c6c0e7aba3e9e4801c2e5e11e3a76b42ce080683b4b9c1cf074c2030b737,0x00C92F20
0x00C94ED0,Actor::ShouldReset,AE-bytesig-port,e555c6c0e7aba3e9e4801c2e5e11e3a76b42ce080683b4b9c1cf074c2030b737,0x00C94D40
0x00C95620,Actor::IsInDialogue,AE-bytesig-port,e555c6c0e7aba3e9e4801c2e5e11e3a76b42ce080683b4b9c1cf074c2030b737,0x00C95490
0x00C95EE0,Actor::PlaySoundByEditorName,AE-bytesig-port,e555c6c0e7aba3e9e4801c2e5e11e3a76b42ce080683b4b9c1cf074c2030b737,0x00C95D50
0x00C95FE0,Actor::SayToCallBack,AE-bytesig-port,e555c6c0e7aba3e9e4801c2e5e11e3a76b42ce080683b4b9c1cf074c2030b737,0x00C95E50
0x00C960C0,Actor::DialogueConversationCallBack,AE-bytesig-port,e555c6c0e7aba3e9e4801c2e5e11e3a76b42ce080683b4b9c1cf074c2030b737,0x00C95F30
0x00C96250,Actor::UpdateVoiceTimer,AE-bytesig-port,e555c6c0e7aba3e9e4801c2e5e11e3a76b42ce080683b4b9c1cf074c2030b737,0x00C960C0
0x00C96B00,Actor::AddDetectionListener,AE-bytesig-port,e555c6c0e7aba3e9e4801c2e5e11e3a76b42ce080683b4b9c1cf074c2030b737,0x00C96970
0x00C96CD0,Actor::RequestDetectionLevel,AE-bytesig-port,e555c6c0e7aba3e9e4801c2e5e11e3a76b42ce080683b4b9c1cf074c2030b737,0x00C96B40
0x00C96E80,Actor::ForceDetect,AE-bytesig-port,e555c6c0e7aba3e9e4801c2e5e11e3a76b42ce080683b4b9c1cf074c2030b737,0x00C96CF0
0x00C9AC50,Actor::ScaleSkinBones,AE-bytesig-port,e555c6c0e7aba3e9e4801c2e5e11e3a76b42ce080683b4b9c1cf074c2030b737,0x00C9AAC0
0x00C9B9F0,Actor::StopMoving,AE-bytesig-port,e555c6c0e7aba3e9e4801c2e5e11e3a76b42ce080683b4b9c1cf074c2030b737,0x00C9B860
0x00C9BB10,Actor::ClearPath,AE-bytesig-port,e555c6c0e7aba3e9e4801c2e5e11e3a76b42ce080683b4b9c1cf074c2030b737,0x00C9B980
0x00C9CEF0,Actor::GetCurrentMovementType,AE-bytesig-port,e555c6c0e7aba3e9e4801c2e5e11e3a76b42ce080683b4b9c1cf074c2030b737,0x00C9CD60
0x00CA21C0,Actor::DoReset3D,AE-bytesig-port,e555c6c0e7aba3e9e4801c2e5e11e3a76b42ce080683b4b9c1cf074c2030b737,0x00CA2030
0x00CA2920,Actor::IsOnFlyingMount,AE-bytesig-port,e555c6c0e7aba3e9e4801c2e5e11e3a76b42ce080683b4b9c1cf074c2030b737,0x00CA2790
0x00CA4BE0,Actor::GetAimVector,AE-bytesig-port,e555c6c0e7aba3e9e4801c2e5e11e3a76b42ce080683b4b9c1cf074c2030b737,0x00CA4A50
0x00CA54B0,Actor::InitTweeningCorrection,AE-bytesig-port,e555c6c0e7aba3e9e4801c2e5e11e3a76b42ce080683b4b9c1cf074c2030b737,0x00CA5320
0x00CA5810,Actor::ForceUpdateCachedMovementType,AE-bytesig-port,e555c6c0e7aba3e9e4801c2e5e11e3a76b42ce080683b4b9c1cf074c2030b737,0x00CA5680
0x00CA5900,Actor::GetMovementType,AE-bytesig-port,e555c6c0e7aba3e9e4801c2e5e11e3a76b42ce080683b4b9c1cf074c2030b737,0x00CA5770
0x00CA63B0,Actor::SetSneaking,AE-bytesig-port,e555c6c0e7aba3e9e4801c2e5e11e3a76b42ce080683b4b9c1cf074c2030b737,0x00CA6220
0x00CA64D0,Actor::GetMoving,AE-bytesig-port,e555c6c0e7aba3e9e4801c2e5e11e3a76b42ce080683b4b9c1cf074c2030b737,0x00CA6340
0x00CA6610,Actor::GetDesiredSpeed,AE-bytesig-port,e555c6c0e7aba3e9e4801c2e5e11e3a76b42ce080683b4b9c1cf074c2030b737,0x00CA6480
0x00CA6730,Actor::SetupTweenerForNextIdleTargetLocAndOrient,AE-bytesig-port,e555c6c0e7aba3e9e4801c2e5e11e3a76b42ce080683b4b9c1cf074c2030b737,0x00CA65A0
0x00CA6E20,Actor::RewardExperience,AE-bytesig-port,e555c6c0e7aba3e9e4801c2e5e11e3a76b42ce080683b4b9c1cf074c2030b737,0x00CA6C90
0x00CA8100,Actor::ConstructorInitialize,AE-bytesig-port,e555c6c0e7aba3e9e4801c2e5e11e3a76b42ce080683b4b9c1cf074c2030b737,0x00CA7F70
0x00CADB20,Actor::UnequipObject,AE-bytesig-port,e555c6c0e7aba3e9e4801c2e5e11e3a76b42ce080683b4b9c1cf074c2030b737,0x00CAD990
0x00CB0A90,Actor::CreateActorMover,AE-bytesig-port,e555c6c0e7aba3e9e4801c2e5e11e3a76b42ce080683b4b9c1cf074c2030b737,0x00CB0900
0x00CB2260,Actor::ModifyMovementTypeBasedOnCurrentState,AE-bytesig-port,e555c6c0e7aba3e9e4801c2e5e11e3a76b42ce080683b4b9c1cf074c2030b737,0x00CB20D0
0x00CB31D0,Actor::PollDefaultArchetypeChange,AE-bytesig-port,e555c6c0e7aba3e9e4801c2e5e11e3a76b42ce080683b4b9c1cf074c2030b737,0x00CB3040
0x00CB3410,Actor::PollItemEquip,AE-bytesig-port,e555c6c0e7aba3e9e4801c2e5e11e3a76b42ce080683b4b9c1cf074c2030b737,0x00CB3280
0x00CBB410,IdleMovementData::IdleMovementData,AE-bytesig-port,e555c6c0e7aba3e9e4801c2e5e11e3a76b42ce080683b4b9c1cf074c2030b737,0x00CBB280
0x00CC0F70,AIProcess::GetEquippedWeapon,AE-bytesig-port,e555c6c0e7aba3e9e4801c2e5e11e3a76b42ce080683b4b9c1cf074c2030b737,0x00CC0DE0
0x00CC1160,Calendar::GetPackedDate,AE-bytesig-port,e555c6c0e7aba3e9e4801c2e5e11e3a76b42ce080683b4b9c1cf074c2030b737,0x00CC0FD0
0x00CC8FB0,Actor::InventoryWeightModified,AE-bytesig-port,e555c6c0e7aba3e9e4801c2e5e11e3a76b42ce080683b4b9c1cf074c2030b737,0x00CC8E20
0x00CC9D20,Actor::DeleteModifiers,AE-bytesig-port,e555c6c0e7aba3e9e4801c2e5e11e3a76b42ce080683b4b9c1cf074c2030b737,0x00CC9B90
0x00CC9F10,Actor::GetMobilityCrippled,AE-bytesig-port,e555c6c0e7aba3e9e4801c2e5e11e3a76b42ce080683b4b9c1cf074c2030b737,0x00CC9D80
0x00CC9FE0,Actor::IsCrippled,AE-bytesig-port,e555c6c0e7aba3e9e4801c2e5e11e3a76b42ce080683b4b9c1cf074c2030b737,0x00CC9E50
0x00CCB5A0,Actor::SPECIALModifiedCallback,AE-bytesig-port,e555c6c0e7aba3e9e4801c2e5e11e3a76b42ce080683b4b9c1cf074c2030b737,0x00CCB410
0x00CCBAF0,Actor::GetLocalModifiers,AE-bytesig-port,e555c6c0e7aba3e9e4801c2e5e11e3a76b42ce080683b4b9c1cf074c2030b737,0x00CCB960
0x00CCD510,Actor::GetCombatStyle,AE-bytesig-port,e555c6c0e7aba3e9e4801c2e5e11e3a76b42ce080683b4b9c1cf074c2030b737,0x00CCD380
0x00CCDB30,Actor::AdjustArrowsInQuiver,AE-bytesig-port,e555c6c0e7aba3e9e4801c2e5e11e3a76b42ce080683b4b9c1cf074c2030b737,0x00CCD9A0
0x00CCF9A0,Actor::StartCombat,AE-bytesig-port,e555c6c0e7aba3e9e4801c2e5e11e3a76b42ce080683b4b9c1cf074c2030b737,0x00CCF810
0x00CCFF00,Actor::IsInActiveCombat,AE-bytesig-port,e555c6c0e7aba3e9e4801c2e5e11e3a76b42ce080683b4b9c1cf074c2030b737,0x00CCFD70
0x00CCFF50,Actor::IsIgnoringCombat,AE-bytesig-port,e555c6c0e7aba3e9e4801c2e5e11e3a76b42ce080683b4b9c1cf074c2030b737,0x00CCFDC0
0x00CD0570,Actor::GetAttackDataMap,AE-bytesig-port,e555c6c0e7aba3e9e4801c2e5e11e3a76b42ce080683b4b9c1cf074c2030b737,0x00CD03E0
0x00CD05B0,Actor::IsInCombatWithActor,AE-bytesig-port,e555c6c0e7aba3e9e4801c2e5e11e3a76b42ce080683b4b9c1cf074c2030b737,0x00CD0420
0x00CD05F0,Actor::GetEquippedItem,AE-bytesig-port,e555c6c0e7aba3e9e4801c2e5e11e3a76b42ce080683b4b9c1cf074c2030b737,0x00CD0460
0x00CD0740,Actor::GetWeaponPosition,AE-bytesig-port,e555c6c0e7aba3e9e4801c2e5e11e3a76b42ce080683b4b9c1cf074c2030b737,0x00CD05B0
0x00CD08A0,Actor::GetWeaponMovement,AE-bytesig-port,e555c6c0e7aba3e9e4801c2e5e11e3a76b42ce080683b4b9c1cf074c2030b737,0x00CD0710
0x00CD0980,Actor::GetCurrentWeapon,AE-bytesig-port,e555c6c0e7aba3e9e4801c2e5e11e3a76b42ce080683b4b9c1cf074c2030b737,0x00CD07F0
0x00CD0BA0,Actor::GetUnarmedWeapon,AE-bytesig-port,e555c6c0e7aba3e9e4801c2e5e11e3a76b42ce080683b4b9c1cf074c2030b737,0x00CD0A10
0x00CD1300,Actor::GetCurrentShield,AE-bytesig-port,e555c6c0e7aba3e9e4801c2e5e11e3a76b42ce080683b4b9c1cf074c2030b737,0x00CD1170
0x00CD1900,Actor::GetAttackState,AE-bytesig-port,e555c6c0e7aba3e9e4801c2e5e11e3a76b42ce080683b4b9c1cf074c2030b737,0x00CD1770
0x00CD19C0,Actor::SetAttackState,AE-bytesig-port,e555c6c0e7aba3e9e4801c2e5e11e3a76b42ce080683b4b9c1cf074c2030b737,0x00CD1830
0x00CD24E0,Actor::StartMeleeAttack,AE-bytesig-port,e555c6c0e7aba3e9e4801c2e5e11e3a76b42ce080683b4b9c1cf074c2030b737,0x00CD2350
0x00CD5460,Actor::StartKillMove,AE-bytesig-port,e555c6c0e7aba3e9e4801c2e5e11e3a76b42ce080683b4b9c1cf074c2030b737,0x00CD52D0
0x00CD5B90,Actor::ExitCover,AE-bytesig-port,e555c6c0e7aba3e9e4801c2e5e11e3a76b42ce080683b4b9c1cf074c2030b737,0x00CD5A00
0x00CD5D30,Actor::GetCurrentFireLocation,AE-bytesig-port,e555c6c0e7aba3e9e4801c2e5e11e3a76b42ce080683b4b9c1cf074c2030b737,0x00CD5BA0
0x00CD6830,Actor::SetGunState,AE-bytesig-port,e555c6c0e7aba3e9e4801c2e5e11e3a76b42ce080683b4b9c1cf074c2030b737,0x00CD66A0
0x00CD68D0,Actor::PerformAction,AE-bytesig-port,e555c6c0e7aba3e9e4801c2e5e11e3a76b42ce080683b4b9c1cf074c2030b737,0x00CD6740
0x00CDBC10,Actor::StopInteractingQuick,AE-bytesig-port,e555c6c0e7aba3e9e4801c2e5e11e3a76b42ce080683b4b9c1cf074c2030b737,0x00CDBA80
0x00CDCC50,Actor::GetControllingActor,AE-bytesig-port,e555c6c0e7aba3e9e4801c2e5e11e3a76b42ce080683b4b9c1cf074c2030b737,0x00CDCAC0
0x00CDCDE0,Actor::GetInteractionHandle,AE-bytesig-port,e555c6c0e7aba3e9e4801c2e5e11e3a76b42ce080683b4b9c1cf074c2030b737,0x00CDCC50
0x00CE0B40,Actor::ApplySpell,AE-bytesig-port,e555c6c0e7aba3e9e4801c2e5e11e3a76b42ce080683b4b9c1cf074c2030b737,0x00CE09B0
0x00CE18B0,Actor::UpdateMagic,AE-bytesig-port,e555c6c0e7aba3e9e4801c2e5e11e3a76b42ce080683b4b9c1cf074c2030b737,0x00CE1720
0x00CE5A90,ActorEquipManager::EquipObject,AE-bytesig-port,e555c6c0e7aba3e9e4801c2e5e11e3a76b42ce080683b4b9c1cf074c2030b737,0x00CE5900
0x00CE5F30,ActorEquipManager::UnequipObject,AE-bytesig-port,e555c6c0e7aba3e9e4801c2e5e11e3a76b42ce080683b4b9c1cf074c2030b737,0x00CE5DA0
0x00CE6440,ActorEquipManager::UnequipItem,AE-bytesig-port,e555c6c0e7aba3e9e4801c2e5e11e3a76b42ce080683b4b9c1cf074c2030b737,0x00CE62B0
0x00CE6DE0,ActorEquipManager::GetDesiredEquipSlot,AE-bytesig-port,e555c6c0e7aba3e9e4801c2e5e11e3a76b42ce080683b4b9c1cf074c2030b737,0x00CE6C50
0x00CE6F80,ActorEquipManager::GetDesiredUnequipSlot,AE-bytesig-port,e555c6c0e7aba3e9e4801c2e5e11e3a76b42ce080683b4b9c1cf074c2030b737,0x00CE6DF0
0x00CE70D0,ActorEquipManager::UseObject,AE-bytesig-port,e555c6c0e7aba3e9e4801c2e5e11e3a76b42ce080683b4b9c1cf074c2030b737,0x00CE6F40
0x00CEC620,ActorStateManager::SetStatesAfterAction,AE-bytesig-port,e555c6c0e7aba3e9e4801c2e5e11e3a76b42ce080683b4b9c1cf074c2030b737,0x00CEC490
0x00CECFF0,ActorValueStorage::ActorValueStorage,AE-bytesig-port,e555c6c0e7aba3e9e4801c2e5e11e3a76b42ce080683b4b9c1cf074c2030b737,0x00CECE60
0x00CED610,ActorValueStorage::DeleteModifiers,AE-bytesig-port,e555c6c0e7aba3e9e4801c2e5e11e3a76b42ce080683b4b9c1cf074c2030b737,0x00CED480
0x00CEFAD0,AIProcess::CheckForNewPackage,AE-bytesig-port,e555c6c0e7aba3e9e4801c2e5e11e3a76b42ce080683b4b9c1cf074c2030b737,0x00CEF940
0x00CF0F50,AIProcess::SetTarget,AE-bytesig-port,e555c6c0e7aba3e9e4801c2e5e11e3a76b42ce080683b4b9c1cf074c2030b737,0x00CF0DC0
0x00CF1040,AIProcess::GetBoneScaleMap,AE-bytesig-port,e555c6c0e7aba3e9e4801c2e5e11e3a76b42ce080683b4b9c1cf074c2030b737,0x00CF0EB0
0x00CF12C0,AIProcess::SetCurrentPackage,AE-bytesig-port,e555c6c0e7aba3e9e4801c2e5e11e3a76b42ce080683b4b9c1cf074c2030b737,0x00CF1130
0x00CF1410,AIProcess::GetProcedureIndexRunning,AE-bytesig-port,e555c6c0e7aba3e9e4801c2e5e11e3a76b42ce080683b4b9c1cf074c2030b737,0x00CF1280
0x00CF1440,AIProcess::SetProcedureIndexRunning,AE-bytesig-port,e555c6c0e7aba3e9e4801c2e5e11e3a76b42ce080683b4b9c1cf074c2030b737,0x00CF12B0
0x00CF14D0,AIProcess::AddToProcedureIndexRunning,AE-bytesig-port,e555c6c0e7aba3e9e4801c2e5e11e3a76b42ce080683b4b9c1cf074c2030b737,0x00CF1340
0x00CF1B40,AIProcess::ClearAcquireList,AE-bytesig-port,e555c6c0e7aba3e9e4801c2e5e11e3a76b42ce080683b4b9c1cf074c2030b737,0x00CF19B0
0x00CF2D50,AIProcess::GetEquippedItem,AE-bytesig-port,e555c6c0e7aba3e9e4801c2e5e11e3a76b42ce080683b4b9c1cf074c2030b737,0x00CF2BC0
0x00CF3090,AIProcess::SetEquippedItem,AE-bytesig-port,e555c6c0e7aba3e9e4801c2e5e11e3a76b42ce080683b4b9c1cf074c2030b737,0x00CF2F00
0x00CFA5E0,AIProcess::MoveToHigh,AE-bytesig-port,e555c6c0e7aba3e9e4801c2e5e11e3a76b42ce080683b4b9c1cf074c2030b737,0x00CFA450
0x00CFAA80,AIProcess::FindSpecialIdleToPlay,AE-bytesig-port,e555c6c0e7aba3e9e4801c2e5e11e3a76b42ce080683b4b9c1cf074c2030b737,0x00CFA8F0
0x00CFAD40,AIProcess::SetupSpecialIdle,AE-bytesig-port,e555c6c0e7aba3e9e4801c2e5e11e3a76b42ce080683b4b9c1cf074c2030b737,0x00CFABB0
0x00CFB0E0,AIProcess::StopCurrentIdle,AE-bytesig-port,e555c6c0e7aba3e9e4801c2e5e11e3a76b42ce080683b4b9c1cf074c2030b737,0x00CFAF50
0x00CFCEC0,AIProcess::RandomlyPlaySpecialIdles,AE-bytesig-port,e555c6c0e7aba3e9e4801c2e5e11e3a76b42ce080683b4b9c1cf074c2030b737,0x00CFCD30
0x00CFD150,AIProcess::SetActorsDetectionEvent,AE-bytesig-port,e555c6c0e7aba3e9e4801c2e5e11e3a76b42ce080683b4b9c1cf074c2030b737,0x00CFCFC0
0x00CFD470,AIProcess::SetPreloadedInitialSubgraphs,AE-bytesig-port,e555c6c0e7aba3e9e4801c2e5e11e3a76b42ce080683b4b9c1cf074c2030b737,0x00CFD2E0
0x00CFD6B0,AIProcess::LoadInitialSubGraphs,AE-bytesig-port,e555c6c0e7aba3e9e4801c2e5e11e3a76b42ce080683b4b9c1cf074c2030b737,0x00CFD520
0x00CFD730,AIProcess::LoadSubGraphsForLoadGame,AE-bytesig-port,e555c6c0e7aba3e9e4801c2e5e11e3a76b42ce080683b4b9c1cf074c2030b737,0x00CFD5A0
0x00CFDF40,AIProcess::RequestLoadAnimationsForDefaultChange,AE-bytesig-port,e555c6c0e7aba3e9e4801c2e5e11e3a76b42ce080683b4b9c1cf074c2030b737,0x00CFDDB0
0x00CFE030,AIProcess::ClearUnusedDefaultAnimationSet,AE-bytesig-port,e555c6c0e7aba3e9e4801c2e5e11e3a76b42ce080683b4b9c1cf074c2030b737,0x00CFDEA0
0x00CFE150,AIProcess::RequestLoadAnimationsForWeaponChange,AE-bytesig-port,e555c6c0e7aba3e9e4801c2e5e11e3a76b42ce080683b4b9c1cf074c2030b737,0x00CFDFC0
0x00CFE240,AIProcess::ClearUnusedWeaponAnimationSet,AE-bytesig-port,e555c6c0e7aba3e9e4801c2e5e11e3a76b42ce080683b4b9c1cf074c2030b737,0x00CFE0B0
0x00CFEC20,AIProcess::CreateFollowNoEscort,AE-bytesig-port,e555c6c0e7aba3e9e4801c2e5e11e3a76b42ce080683b4b9c1cf074c2030b737,0x00CFEA90
0x00CFEF40,AIProcess::ComputeCanInitiateDialogueWithNPC,AE-bytesig-port,e555c6c0e7aba3e9e4801c2e5e11e3a76b42ce080683b4b9c1cf074c2030b737,0x00CFEDB0
0x00CFF670,AIProcess::SetupNewPackage,AE-bytesig-port,e555c6c0e7aba3e9e4801c2e5e11e3a76b42ce080683b4b9c1cf074c2030b737,0x00CFF4E0
0x00CFFAE0,AIProcess::ProcessGreet,AE-bytesig-port,e555c6c0e7aba3e9e4801c2e5e11e3a76b42ce080683b4b9c1cf074c2030b737,0x00CFF950
0x00D002C0,AIProcess::GetGreetingInfo,AE-bytesig-port,e555c6c0e7aba3e9e4801c2e5e11e3a76b42ce080683b4b9c1cf074c2030b737,0x00D00130
0x00D00930,AIProcess::SetCurrentRetrieveTarget,AE-bytesig-port,e555c6c0e7aba3e9e4801c2e5e11e3a76b42ce080683b4b9c1cf074c2030b737,0x00D007A0
0x00D00BF0,AIProcess::EnterCombat,AE-bytesig-port,e555c6c0e7aba3e9e4801c2e5e11e3a76b42ce080683b4b9c1cf074c2030b737,0x00D00A60
0x00D00EE0,AIProcess::StartCombatFleePackage,AE-bytesig-port,e555c6c0e7aba3e9e4801c2e5e11e3a76b42ce080683b4b9c1cf074c2030b737,0x00D00D50
0x00D02270,AIProcess::Update3dModel,AE-bytesig-port,e555c6c0e7aba3e9e4801c2e5e11e3a76b42ce080683b4b9c1cf074c2030b737,0x00D020E0
0x00D024B0,AIProcess::StartTorchSound,AE-bytesig-port,e555c6c0e7aba3e9e4801c2e5e11e3a76b42ce080683b4b9c1cf074c2030b737,0x00D02320
0x00D0B4C0,AIProcess::ClearActionHeadTrackTarget,AE-bytesig-port,e555c6c0e7aba3e9e4801c2e5e11e3a76b42ce080683b4b9c1cf074c2030b737,0x00D0B330
0x00D0B5F0,AIProcess::ClearDialogHeadTrackTarget,AE-bytesig-port,e555c6c0e7aba3e9e4801c2e5e11e3a76b42ce080683b4b9c1cf074c2030b737,0x00D0B460
0x00D0B670,AIProcess::ClearProcedureHeadTrackTarget,AE-bytesig-port,e555c6c0e7aba3e9e4801c2e5e11e3a76b42ce080683b4b9c1cf074c2030b737,0x00D0B4E0
0x00D0C0E0,AIProcess::CreateActorKnowledge,AE-bytesig-port,e555c6c0e7aba3e9e4801c2e5e11e3a76b42ce080683b4b9c1cf074c2030b737,0x00D0BF50
0x00D0D100,AIProcess::FindAttackData,AE-bytesig-port,e555c6c0e7aba3e9e4801c2e5e11e3a76b42ce080683b4b9c1cf074c2030b737,0x00D0CF70
0x00D18110,AIProcess::ProcessGreet_High,AE-bytesig-port,e555c6c0e7aba3e9e4801c2e5e11e3a76b42ce080683b4b9c1cf074c2030b737,0x00D17F80
0x00D1AED0,AIProcess::CheckForNewPackage_High,AE-bytesig-port,e555c6c0e7aba3e9e4801c2e5e11e3a76b42ce080683b4b9c1cf074c2030b737,0x00D1AD40
0x00D26EF0,AIProcess::DoUpdate3dModel,AE-bytesig-port,e555c6c0e7aba3e9e4801c2e5e11e3a76b42ce080683b4b9c1cf074c2030b737,0x00D26D60
0x00D280D0,IsDefaultAnimationChangeNecessary,AE-bytesig-port,e555c6c0e7aba3e9e4801c2e5e11e3a76b42ce080683b4b9c1cf074c2030b737,0x00D27F40
0x00D281B0,IsWeaponAnimationChangeNecessary,AE-bytesig-port,e555c6c0e7aba3e9e4801c2e5e11e3a76b42ce080683b4b9c1cf074c2030b737,0x00D28020
0x00D2A550,HighProcessData::HighProcessData,AE-bytesig-port,e555c6c0e7aba3e9e4801c2e5e11e3a76b42ce080683b4b9c1cf074c2030b737,0x00D2A3C0
0x00D2CAF0,ClearHeadTrackTarget_OptionalDefaultHold,AE-bytesig-port,e555c6c0e7aba3e9e4801c2e5e11e3a76b42ce080683b4b9c1cf074c2030b737,0x00D2C960
0x00D2CC80,BSPointerHandleManagerInterface_Actor_HandleManager_::CreateHandle,AE-bytesig-port,e555c6c0e7aba3e9e4801c2e5e11e3a76b42ce080683b4b9c1cf074c2030b737,0x00D2CAF0
0x00D2CFB0,GetActorKnowledge_Util,AE-bytesig-port,e555c6c0e7aba3e9e4801c2e5e11e3a76b42ce080683b4b9c1cf074c2030b737,0x00D2CE20
0x00D303E0,EquippedWeaponData::SetupFireSounds,AE-bytesig-port,e555c6c0e7aba3e9e4801c2e5e11e3a76b42ce080683b4b9c1cf074c2030b737,0x00D30250
0x00D306F0,EquippedWeaponData::StopLoopingFireSounds,AE-bytesig-port,e555c6c0e7aba3e9e4801c2e5e11e3a76b42ce080683b4b9c1cf074c2030b737,0x00D30560
0x00D30E30,AIProcess::ClearOccupiedFurniture,AE-bytesig-port,e555c6c0e7aba3e9e4801c2e5e11e3a76b42ce080683b4b9c1cf074c2030b737,0x00D30CA0
0x00D31420,AIProcess::SetTarget_MiddleHigh,AE-bytesig-port,e555c6c0e7aba3e9e4801c2e5e11e3a76b42ce080683b4b9c1cf074c2030b737,0x00D31290
0x00D31550,AIProcess::ClearTarget_MiddleHigh,AE-bytesig-port,e555c6c0e7aba3e9e4801c2e5e11e3a76b42ce080683b4b9c1cf074c2030b737,0x00D313C0
0x00D31610,AIProcess::GetFaceAnimationData,AE-bytesig-port,e555c6c0e7aba3e9e4801c2e5e11e3a76b42ce080683b4b9c1cf074c2030b737,0x00D31480
0x00D31790,AIProcess::GetCurrentAmmo,AE-bytesig-port,e555c6c0e7aba3e9e4801c2e5e11e3a76b42ce080683b4b9c1cf074c2030b737,0x00D31600
0x00D31BA0,AIProcess::ResolveEquipmentQueue,AE-bytesig-port,e555c6c0e7aba3e9e4801c2e5e11e3a76b42ce080683b4b9c1cf074c2030b737,0x00D31A10
0x00D34290,AIProcess::SetRunOncePackage,AE-bytesig-port,e555c6c0e7aba3e9e4801c2e5e11e3a76b42ce080683b4b9c1cf074c2030b737,0x00D34100
0x00D345C0,AIProcess::SitOrSleep,AE-bytesig-port,e555c6c0e7aba3e9e4801c2e5e11e3a76b42ce080683b4b9c1cf074c2030b737,0x00D34430
0x00D35600,AIProcess::KnockExplosion,AE-bytesig-port,e555c6c0e7aba3e9e4801c2e5e11e3a76b42ce080683b4b9c1cf074c2030b737,0x00D35470
0x00D360D0,AIProcess::SetSitSleepState,AE-bytesig-port,e555c6c0e7aba3e9e4801c2e5e11e3a76b42ce080683b4b9c1cf074c2030b737,0x00D35F40
0x00D394F0,AIProcess::ClearCurrentDataForProcess,AE-bytesig-port,e555c6c0e7aba3e9e4801c2e5e11e3a76b42ce080683b4b9c1cf074c2030b737,0x00D39360
0x00D3A6F0,AIProcess::DeferHideDismemberedLimb,AE-bytesig-port,e555c6c0e7aba3e9e4801c2e5e11e3a76b42ce080683b4b9c1cf074c2030b737,0x00D3A560
0x00D3C0B0,AIProcess::EndDeferredKill,AE-bytesig-port,e555c6c0e7aba3e9e4801c2e5e11e3a76b42ce080683b4b9c1cf074c2030b737,0x00D3BF20
0x00D3CD20,AIProcess::SetWeaponBonesCulled,AE-bytesig-port,e555c6c0e7aba3e9e4801c2e5e11e3a76b42ce080683b4b9c1cf074c2030b737,0x00D3CB90
0x00D3CF30,AIProcess::InitiateCombatInterruptOverridePackage_MiddleHigh,AE-bytesig-port,e555c6c0e7aba3e9e4801c2e5e11e3a76b42ce080683b4b9c1cf074c2030b737,0x00D3CDA0
0x00D3D040,AIProcess::SetupCharacterControllerForSitSleep,AE-bytesig-port,e555c6c0e7aba3e9e4801c2e5e11e3a76b42ce080683b4b9c1cf074c2030b737,0x00D3CEB0
0x00D42A90,AIProcess::EnterCombat_MiddleHigh,AE-bytesig-port,e555c6c0e7aba3e9e4801c2e5e11e3a76b42ce080683b4b9c1cf074c2030b737,0x00D42900
0x00D43000,AIProcess::CheckForNewPackage_MiddleHigh,AE-bytesig-port,e555c6c0e7aba3e9e4801c2e5e11e3a76b42ce080683b4b9c1cf074c2030b737,0x00D42E70
0x00D46690,AIProcess::AccessClothExtraDataCache,AE-bytesig-port,e555c6c0e7aba3e9e4801c2e5e11e3a76b42ce080683b4b9c1cf074c2030b737,0x00D46500
0x00D46B00,MiddleHighProcessData::MiddleHighProcessData,AE-bytesig-port,e555c6c0e7aba3e9e4801c2e5e11e3a76b42ce080683b4b9c1cf074c2030b737,0x00D46970
0x00D481D0,MiddleHighUtil::AddItemToTargetKeywords,AE-bytesig-port,e555c6c0e7aba3e9e4801c2e5e11e3a76b42ce080683b4b9c1cf074c2030b737,0x00D48040
0x00D4B260,AIProcess::GetEquippedWeaponData,AE-bytesig-port,e555c6c0e7aba3e9e4801c2e5e11e3a76b42ce080683b4b9c1cf074c2030b737,0x00D4B0D0
0x00D4DF40,CachedValues::CachedValues,AE-bytesig-port,e555c6c0e7aba3e9e4801c2e5e11e3a76b42ce080683b4b9c1cf074c2030b737,0x00D4DDB0
0x00D524E0,PlayerCharacter::PlayerCharacter,AE-bytesig-port,e555c6c0e7aba3e9e4801c2e5e11e3a76b42ce080683b4b9c1cf074c2030b737,0x00D52350
0x00D54B50,PlayerCharacter::PassTime,AE-bytesig-port,e555c6c0e7aba3e9e4801c2e5e11e3a76b42ce080683b4b9c1cf074c2030b737,0x00D549C0
0x00D57330,PlayerCharacter::ReloadWeapon,AE-bytesig-port,e555c6c0e7aba3e9e4801c2e5e11e3a76b42ce080683b4b9c1cf074c2030b737,0x00D571A0
0x00D58960,PlayerCharacter::QueueFastTravel,AE-bytesig-port,e555c6c0e7aba3e9e4801c2e5e11e3a76b42ce080683b4b9c1cf074c2030b737,0x00D587D0
0x00D5A5D0,PlayerCharacter::UpdateFreeCamera,AE-bytesig-port,e555c6c0e7aba3e9e4801c2e5e11e3a76b42ce080683b4b9c1cf074c2030b737,0x00D5A440
0x00D5A950,PlayerCharacter::UpdateISM,AE-bytesig-port,e555c6c0e7aba3e9e4801c2e5e11e3a76b42ce080683b4b9c1cf074c2030b737,0x00D5A7C0
0x00D5AA50,PlayerCharacter::SelectPerk,AE-bytesig-port,e555c6c0e7aba3e9e4801c2e5e11e3a76b42ce080683b4b9c1cf074c2030b737,0x00D5A8C0
0x00D5D160,PlayerCharacter::PlayerSleep,AE-bytesig-port,e555c6c0e7aba3e9e4801c2e5e11e3a76b42ce080683b4b9c1cf074c2030b737,0x00D5CFD0
0x00D5E2E0,PlayerCharacter::IsActorFollowingPlayer,AE-bytesig-port,e555c6c0e7aba3e9e4801c2e5e11e3a76b42ce080683b4b9c1cf074c2030b737,0x00D5E150
0x00D5F180,PlayerCharacter::TryDialogueCamera,AE-bytesig-port,e555c6c0e7aba3e9e4801c2e5e11e3a76b42ce080683b4b9c1cf074c2030b737,0x00D5EFF0
0x00D5F9A0,PlayerCharacter::StopDialogueCamera,AE-bytesig-port,e555c6c0e7aba3e9e4801c2e5e11e3a76b42ce080683b4b9c1cf074c2030b737,0x00D5F810
0x00D60A10,PlayerCharacter::CheckForQuestTargetUpdate,AE-bytesig-port,e555c6c0e7aba3e9e4801c2e5e11e3a76b42ce080683b4b9c1cf074c2030b737,0x00D60880
0x00D60DA0,PlayerCharacter::RemoveQuestObjectives,AE-bytesig-port,e555c6c0e7aba3e9e4801c2e5e11e3a76b42ce080683b4b9c1cf074c2030b737,0x00D60C10
0x00D614F0,PlayerCharacter::HasLOSToTarget,AE-bytesig-port,e555c6c0e7aba3e9e4801c2e5e11e3a76b42ce080683b4b9c1cf074c2030b737,0x00D61360
0x00D61C40,PlayerCharacter::UpdateScenegraph,AE-bytesig-port,e555c6c0e7aba3e9e4801c2e5e11e3a76b42ce080683b4b9c1cf074c2030b737,0x00D61AB0
0x00D62080,PlayerCharacter::Update3rdPSceneGraph,AE-bytesig-port,e555c6c0e7aba3e9e4801c2e5e11e3a76b42ce080683b4b9c1cf074c2030b737,0x00D61EF0
0x00D63450,PlayerCharacter::RemoveLastUsedPowerArmor,AE-bytesig-port,e555c6c0e7aba3e9e4801c2e5e11e3a76b42ce080683b4b9c1cf074c2030b737,0x00D632B0
0x00D63550,PlayerCharacter::CheckOverEncumbered,AE-bytesig-port,e555c6c0e7aba3e9e4801c2e5e11e3a76b42ce080683b4b9c1cf074c2030b737,0x00D633B0
0x00D69510,PlayerCharacter::ActivatePickRef,AE-bytesig-port,e555c6c0e7aba3e9e4801c2e5e11e3a76b42ce080683b4b9c1cf074c2030b737,0x00D69370
0x00D6A0F0,PlayerCharacter::StartGrabObject,AE-bytesig-port,e555c6c0e7aba3e9e4801c2e5e11e3a76b42ce080683b4b9c1cf074c2030b737,0x00D69F50
0x00D6B240,PlayerCharacter::CreateMouseSpring,AE-bytesig-port,e555c6c0e7aba3e9e4801c2e5e11e3a76b42ce080683b4b9c1cf074c2030b737,0x00D6B0A0
0x00D6EDF0,PlayerCharacter::SetAIControlledPackage,AE-bytesig-port,e555c6c0e7aba3e9e4801c2e5e11e3a76b42ce080683b4b9c1cf074c2030b737,0x00D6EC50
0x00D70BE0,PlayerCharacter::GetRelationshipValue,AE-bytesig-port,e555c6c0e7aba3e9e4801c2e5e11e3a76b42ce080683b4b9c1cf074c2030b737,0x00D70A40
0x00D70C70,PlayerCharacter::CalculateRelationshipShouldIgnoreCrime,AE-bytesig-port,e555c6c0e7aba3e9e4801c2e5e11e3a76b42ce080683b4b9c1cf074c2030b737,0x00D70AD0
0x00D72730,PlayerCharacter::SetEscaping,AE-bytesig-port,e555c6c0e7aba3e9e4801c2e5e11e3a76b42ce080683b4b9c1cf074c2030b737,0x00D72590
0x00D72D40,PlayerCharacter::SetActorDoingPlayerCommand,AE-bytesig-port,e555c6c0e7aba3e9e4801c2e5e11e3a76b42ce080683b4b9c1cf074c2030b737,0x00D72BA0
0x00D737C0,PlayerCharacter::FindTravelCommandLocation,AE-bytesig-port,e555c6c0e7aba3e9e4801c2e5e11e3a76b42ce080683b4b9c1cf074c2030b737,0x00D73620
0x00D74140,PlayerCharacter::CloseEnoughForPlayerToActivate,AE-bytesig-port,e555c6c0e7aba3e9e4801c2e5e11e3a76b42ce080683b4b9c1cf074c2030b737,0x00D73FA0
0x00D743D0,PlayerCharacter::GetOwnerFactionFriendshipValue,AE-bytesig-port,e555c6c0e7aba3e9e4801c2e5e11e3a76b42ce080683b4b9c1cf074c2030b737,0x00D74230
0x00D744B0,PlayerCharacter::IsFriendAnOwner,AE-bytesig-port,e555c6c0e7aba3e9e4801c2e5e11e3a76b42ce080683b4b9c1cf074c2030b737,0x00D74310
0x00D74CF0,PlayerCharacter::GetAssumedIdentity,AE-bytesig-port,e555c6c0e7aba3e9e4801c2e5e11e3a76b42ce080683b4b9c1cf074c2030b737,0x00D74B50
0x00D75260,PlayerCharacter::HasSaidTopicInfo,AE-bytesig-port,e555c6c0e7aba3e9e4801c2e5e11e3a76b42ce080683b4b9c1cf074c2030b737,0x00D750C0
0x00D760C0,PlayerCharacter::ClearPrison,AE-bytesig-port,e555c6c0e7aba3e9e4801c2e5e11e3a76b42ce080683b4b9c1cf074c2030b737,0x00D75F20
0x00D765A0,PlayerCharacter::TogglePipboyLight,AE-bytesig-port,e555c6c0e7aba3e9e4801c2e5e11e3a76b42ce080683b4b9c1cf074c2030b737,0x00D76400
0x00D76D20,PlayerCharacter::IsHolotapePlaying,AE-bytesig-port,e555c6c0e7aba3e9e4801c2e5e11e3a76b42ce080683b4b9c1cf074c2030b737,0x00D76B80
0x00D76D80,PlayerCharacter::PlayHolotape,AE-bytesig-port,e555c6c0e7aba3e9e4801c2e5e11e3a76b42ce080683b4b9c1cf074c2030b737,0x00D76BE0
0x00D76EA0,PlayerCharacter::PauseHolotape,AE-bytesig-port,e555c6c0e7aba3e9e4801c2e5e11e3a76b42ce080683b4b9c1cf074c2030b737,0x00D76D00
0x00D77190,PlayerCharacter::EnableRadio,AE-bytesig-port,e555c6c0e7aba3e9e4801c2e5e11e3a76b42ce080683b4b9c1cf074c2030b737,0x00D76FF0
0x00D77860,PlayerCharacter::SetBlendingOutFirstPersonRotationOffset,AE-bytesig-port,e555c6c0e7aba3e9e4801c2e5e11e3a76b42ce080683b4b9c1cf074c2030b737,0x00D776C0
0x00D7B640,PlayerCharacter::AIControlledActivate,AE-bytesig-port,e555c6c0e7aba3e9e4801c2e5e11e3a76b42ce080683b4b9c1cf074c2030b737,0x00D7B4A0
0x00D7CF20,PlayerCharacter::SetSneaking,AE-bytesig-port,e555c6c0e7aba3e9e4801c2e5e11e3a76b42ce080683b4b9c1cf074c2030b737,0x00D7CD80
0x00D7F270,PlayerCharacter::ShowHidePipboyFX,AE-bytesig-port,e555c6c0e7aba3e9e4801c2e5e11e3a76b42ce080683b4b9c1cf074c2030b737,0x00D7F0D0
0x00D80D90,PlayerCharacter::UpdateMainThread,AE-bytesig-port,e555c6c0e7aba3e9e4801c2e5e11e3a76b42ce080683b4b9c1cf074c2030b737,0x00D80BF0
0x00D81570,PerkUtilities::RemoveGrenadeTrajectory,AE-bytesig-port,e555c6c0e7aba3e9e4801c2e5e11e3a76b42ce080683b4b9c1cf074c2030b737,0x00D813D0
0x00DA12B0,PlayerCharacter::AddActorToPlayerCombatList,AE-bytesig-port,e555c6c0e7aba3e9e4801c2e5e11e3a76b42ce080683b4b9c1cf074c2030b737,0x00DA1110
0x00DA3C40,PlayerCharacter::GetAutoAimActor,AE-bytesig-port,e555c6c0e7aba3e9e4801c2e5e11e3a76b42ce080683b4b9c1cf074c2030b737,0x00DA3AA0
0x00DA50C0,PlayerCharacter::ClearLastOneHandItems,AE-bytesig-port,e555c6c0e7aba3e9e4801c2e5e11e3a76b42ce080683b4b9c1cf074c2030b737,0x00DA4F20
0x00DA7610,ProcessLists::ProcessLists,AE-bytesig-port,e555c6c0e7aba3e9e4801c2e5e11e3a76b42ce080683b4b9c1cf074c2030b737,0x00DA7470
0x00DA7F60,ProcessLists::RemoveReference,AE-bytesig-port,e555c6c0e7aba3e9e4801c2e5e11e3a76b42ce080683b4b9c1cf074c2030b737,0x00DA7DC0
0x00DABF90,ProcessLists::IsActorTargetingREFinPackage,AE-bytesig-port,e555c6c0e7aba3e9e4801c2e5e11e3a76b42ce080683b4b9c1cf074c2030b737,0x00DABDF0
0x00DADDD0,ProcessLists::GetOwnerIfStealingIsCrime,AE-bytesig-port,e555c6c0e7aba3e9e4801c2e5e11e3a76b42ce080683b4b9c1cf074c2030b737,0x00DADC30
0x00DB10B0,ProcessLists::IsEnemyFactionOfOtherCrime,AE-bytesig-port,e555c6c0e7aba3e9e4801c2e5e11e3a76b42ce080683b4b9c1cf074c2030b737,0x00DB0F10
0x00DB18D0,ProcessLists::RemoveCrimeFactionCrime,AE-bytesig-port,e555c6c0e7aba3e9e4801c2e5e11e3a76b42ce080683b4b9c1cf074c2030b737,0x00DB1730
0x00DB4A60,ProcessLists::UpdateInterfaceTempEffects,AE-bytesig-port,e555c6c0e7aba3e9e4801c2e5e11e3a76b42ce080683b4b9c1cf074c2030b737,0x00DB48C0
0x00DB5830,ProcessLists::AreHostileActorsNear,AE-bytesig-port,e555c6c0e7aba3e9e4801c2e5e11e3a76b42ce080683b4b9c1cf074c2030b737,0x00DB5690
0x00DB6320,ProcessLists::RequestHighestDetectionLevelAgainstActor,AE-bytesig-port,e555c6c0e7aba3e9e4801c2e5e11e3a76b42ce080683b4b9c1cf074c2030b737,0x00DB6180
0x00DB8500,ProcessLists::FindBipedAnimHitEffect,AE-bytesig-port,e555c6c0e7aba3e9e4801c2e5e11e3a76b42ce080683b4b9c1cf074c2030b737,0x00DB8360
0x00DBE590,RefrInteraction::GetTargetAsActor,AE-bytesig-port,e555c6c0e7aba3e9e4801c2e5e11e3a76b42ce080683b4b9c1cf074c2030b737,0x00DBE3F0
0x00DBE670,RefrInteraction::GetActor,AE-bytesig-port,e555c6c0e7aba3e9e4801c2e5e11e3a76b42ce080683b4b9c1cf074c2030b737,0x00DBE4D0
0x00DBEAA0,RefrInteraction::EndInteraction,AE-bytesig-port,e555c6c0e7aba3e9e4801c2e5e11e3a76b42ce080683b4b9c1cf074c2030b737,0x00DBE900
0x00DBF5C0,RefrInteraction::ClearHelper,AE-bytesig-port,e555c6c0e7aba3e9e4801c2e5e11e3a76b42ce080683b4b9c1cf074c2030b737,0x00DBF420
0x00DC0AD0,ActorMover::StopMoving,AE-bytesig-port,e555c6c0e7aba3e9e4801c2e5e11e3a76b42ce080683b4b9c1cf074c2030b737,0x00DC0930
0x00DC0EC0,ActorMover::ClearPath,AE-bytesig-port,e555c6c0e7aba3e9e4801c2e5e11e3a76b42ce080683b4b9c1cf074c2030b737,0x00DC0D20
0x00DC1330,ActorMover::ClearLookAtTarget,AE-bytesig-port,e555c6c0e7aba3e9e4801c2e5e11e3a76b42ce080683b4b9c1cf074c2030b737,0x00DC1190
0x00DC24E0,Actor::IsPathing,AE-bytesig-port,e555c6c0e7aba3e9e4801c2e5e11e3a76b42ce080683b4b9c1cf074c2030b737,0x00DC2340
0x00DDA0A0,PlayerControls::GetAllowChangePOV,AE-bytesig-port,e555c6c0e7aba3e9e4801c2e5e11e3a76b42ce080683b4b9c1cf074c2030b737,0x00DD9F00
0x00DDABF0,PlayerControls::SetupHeldStatesForForceRelease,AE-bytesig-port,e555c6c0e7aba3e9e4801c2e5e11e3a76b42ce080683b4b9c1cf074c2030b737,0x00DDAA50
0x00DDAC90,PlayerControls::ForceReleaseHeldStateHandlers,AE-bytesig-port,e555c6c0e7aba3e9e4801c2e5e11e3a76b42ce080683b4b9c1cf074c2030b737,0x00DDAAF0
0x00DDC2B0,PlayerControls::HandleMovementInput,AE-bytesig-port,e555c6c0e7aba3e9e4801c2e5e11e3a76b42ce080683b4b9c1cf074c2030b737,0x00DDC110
0x00DDD2A0,PlayerControls::DoRegisterHandler,AE-bytesig-port,e555c6c0e7aba3e9e4801c2e5e11e3a76b42ce080683b4b9c1cf074c2030b737,0x00DDD100
0x00DDDC10,PlayerControlsUtils::ProcessLookControls,AE-bytesig-port,e555c6c0e7aba3e9e4801c2e5e11e3a76b42ce080683b4b9c1cf074c2030b737,0x00DDDA70
0x00DDEC70,ActivateHandler::DisableInput,AE-bytesig-port,e555c6c0e7aba3e9e4801c2e5e11e3a76b42ce080683b4b9c1cf074c2030b737,0x00DDEAD0
0x00DDFE40,ReadyWeaponHandler::HandleEvent,AE-bytesig-port,e555c6c0e7aba3e9e4801c2e5e11e3a76b42ce080683b4b9c1cf074c2030b737,0x00DDFCA0
0x00DE0AB0,ActivateHandler::HandleNormalActivate,AE-bytesig-port,e555c6c0e7aba3e9e4801c2e5e11e3a76b42ce080683b4b9c1cf074c2030b737,0x00DE0910
0x00DE4770,Crime::Crime,AE-bytesig-port,e555c6c0e7aba3e9e4801c2e5e11e3a76b42ce080683b4b9c1cf074c2030b737,0x00DE45D0
0x00DE4920,Crime::Crime_dtor,AE-bytesig-port,e555c6c0e7aba3e9e4801c2e5e11e3a76b42ce080683b4b9c1cf074c2030b737,0x00DE4780
0x00DE4C70,Crime::AddToActorKnowList,AE-bytesig-port,e555c6c0e7aba3e9e4801c2e5e11e3a76b42ce080683b4b9c1cf074c2030b737,0x00DE4AD0
0x00DE5CA0,AlarmPackage::AddCrime,AE-bytesig-port,e555c6c0e7aba3e9e4801c2e5e11e3a76b42ce080683b4b9c1cf074c2030b737,0x00DE5B00
0x00DE7A20,FleePackage::FleePackage,AE-bytesig-port,e555c6c0e7aba3e9e4801c2e5e11e3a76b42ce080683b4b9c1cf074c2030b737,0x00DE7880
0x00DE8760,FleePackage::AddAvoidedRef,AE-bytesig-port,e555c6c0e7aba3e9e4801c2e5e11e3a76b42ce080683b4b9c1cf074c2030b737,0x00DE85C0
0x00DEC2E0,SpectatorPackage::SpectatorPackage,AE-bytesig-port,e555c6c0e7aba3e9e4801c2e5e11e3a76b42ce080683b4b9c1cf074c2030b737,0x00DEC140
0x00DEEBA0,TrespassPackage::TrespassPackage,AE-bytesig-port,e555c6c0e7aba3e9e4801c2e5e11e3a76b42ce080683b4b9c1cf074c2030b737,0x00DEEA00
0x00DEF860,ActorKnowledge::ActorKnowledge,AE-bytesig-port,e555c6c0e7aba3e9e4801c2e5e11e3a76b42ce080683b4b9c1cf074c2030b737,0x00DEF6C0
0x00DEF920,ActorKnowledge::AddDetectionListener,AE-bytesig-port,e555c6c0e7aba3e9e4801c2e5e11e3a76b42ce080683b4b9c1cf074c2030b737,0x00DEF780
0x00DEFBE0,ActorKnowledge::RequestDetectionState,AE-bytesig-port,e555c6c0e7aba3e9e4801c2e5e11e3a76b42ce080683b4b9c1cf074c2030b737,0x00DEFA40
0x00DF0510,ActorKnowledge::CalculateFightReaction,AE-bytesig-port,e555c6c0e7aba3e9e4801c2e5e11e3a76b42ce080683b4b9c1cf074c2030b737,0x00DF0370
0x00DF06A0,ActorKnowledge::QueueDetectionListenerUpdate,AE-bytesig-port,e555c6c0e7aba3e9e4801c2e5e11e3a76b42ce080683b4b9c1cf074c2030b737,0x00DF0500
0x00DFCAD0,ChairEnterHandler::ExecuteHandler,AE-bytesig-port,e555c6c0e7aba3e9e4801c2e5e11e3a76b42ce080683b4b9c1cf074c2030b737,0x00DFC930
0x00DFCD20,PlayerChairEnterHandler::ExecuteHandler,AE-bytesig-port,e555c6c0e7aba3e9e4801c2e5e11e3a76b42ce080683b4b9c1cf074c2030b737,0x00DFCB80
0x00DFD040,PlayerTerminalEnterHandler::ExecuteHandler,AE-bytesig-port,e555c6c0e7aba3e9e4801c2e5e11e3a76b42ce080683b4b9c1cf074c2030b737,0x00DFCEA0
0x00DFD300,PlayerBedEnterHandler::ExecuteHandler,AE-bytesig-port,e555c6c0e7aba3e9e4801c2e5e11e3a76b42ce080683b4b9c1cf074c2030b737,0x00DFD160
0x00DFD3C0,ChairFurnitureExitHandler::ExecuteHandler,AE-bytesig-port,e555c6c0e7aba3e9e4801c2e5e11e3a76b42ce080683b4b9c1cf074c2030b737,0x00DFD220
0x00DFD480,BedFurnitureExitHandler::ExecuteHandler,AE-bytesig-port,e555c6c0e7aba3e9e4801c2e5e11e3a76b42ce080683b4b9c1cf074c2030b737,0x00DFD2E0
0x00DFD540,PlayerFurnitureExitHandler::ExecuteHandler,AE-bytesig-port,e555c6c0e7aba3e9e4801c2e5e11e3a76b42ce080683b4b9c1cf074c2030b737,0x00DFD3A0
0x00E0E8F0,AnimationObjects::QueueAnimationObject,AE-bytesig-port,e555c6c0e7aba3e9e4801c2e5e11e3a76b42ce080683b4b9c1cf074c2030b737,0x00E0E750
0x00E0EBB0,AnimationObjects::DrawAnimationObject,AE-bytesig-port,e555c6c0e7aba3e9e4801c2e5e11e3a76b42ce080683b4b9c1cf074c2030b737,0x00E0EA10
0x00E0F1D0,AnimationObjects::Loaded,AE-bytesig-port,e555c6c0e7aba3e9e4801c2e5e11e3a76b42ce080683b4b9c1cf074c2030b737,0x00E0F030
0x00E0FE60,AnimationObjects::FinishLoadGame,AE-bytesig-port,e555c6c0e7aba3e9e4801c2e5e11e3a76b42ce080683b4b9c1cf074c2030b737,0x00E0FCC0
0x00E10050,AnimationObjects::LoadAnimation,AE-bytesig-port,e555c6c0e7aba3e9e4801c2e5e11e3a76b42ce080683b4b9c1cf074c2030b737,0x00E0FEB0
0x00E130D0,BGSAnimationSystemUtils::RequestAnimationSubGraph,AE-bytesig-port,e555c6c0e7aba3e9e4801c2e5e11e3a76b42ce080683b4b9c1cf074c2030b737,0x00E12F30
0x00E134A0,BGSAnimationSystemUtils::GatherAnimationSubGraph,AE-bytesig-port,e555c6c0e7aba3e9e4801c2e5e11e3a76b42ce080683b4b9c1cf074c2030b737,0x00E13300
0x00E136D0,BGSAnimationSystemUtils::IsAnimationSubGraphLoaded,AE-bytesig-port,e555c6c0e7aba3e9e4801c2e5e11e3a76b42ce080683b4b9c1cf074c2030b737,0x00E13530
0x00E13760,BGSAnimationSystemUtils::ReleaseSubGraph,AE-bytesig-port,e555c6c0e7aba3e9e4801c2e5e11e3a76b42ce080683b4b9c1cf074c2030b737,0x00E135C0
0x00E13800,BGSAnimationSystemUtils::SwapSubGraphContainers,AE-bytesig-port,e555c6c0e7aba3e9e4801c2e5e11e3a76b42ce080683b4b9c1cf074c2030b737,0x00E13660
0x00E139E0,BGSAnimationSystemUtils::RunActionOnActor,AE-bytesig-port,e555c6c0e7aba3e9e4801c2e5e11e3a76b42ce080683b4b9c1cf074c2030b737,0x00E13840
0x00E13A40,BGSAnimationSystemUtils::RunActionOnActorGetFile,AE-bytesig-port,e555c6c0e7aba3e9e4801c2e5e11e3a76b42ce080683b4b9c1cf074c2030b737,0x00E138A0
0x00E142F0,BGSAnimationSystemUtils::GetProjectForActor,AE-bytesig-port,e555c6c0e7aba3e9e4801c2e5e11e3a76b42ce080683b4b9c1cf074c2030b737,0x00E14150
0x00E17430,GetDynamicIdleFullFilePath,AE-bytesig-port,e555c6c0e7aba3e9e4801c2e5e11e3a76b42ce080683b4b9c1cf074c2030b737,0x00E17290
0x00E180F0,RunActionOnActorHelper,AE-bytesig-port,e555c6c0e7aba3e9e4801c2e5e11e3a76b42ce080683b4b9c1cf074c2030b737,0x00E17F50
0x00E234C0,bhkPickData::SetStartEnd,AE-bytesig-port,e555c6c0e7aba3e9e4801c2e5e11e3a76b42ce080683b4b9c1cf074c2030b737,0x00E23320
0x00E34FE0,Hazard::HandleExpiredReference,AE-bytesig-port,e555c6c0e7aba3e9e4801c2e5e11e3a76b42ce080683b4b9c1cf074c2030b737,0x00E34E40
0x00E598A0,VATS::GetCurrentAction,AE-bytesig-port,e555c6c0e7aba3e9e4801c2e5e11e3a76b42ce080683b4b9c1cf074c2030b737,0x00E59700
0x00E5B3E0,VATS::SetMagicTimeSlowdown,AE-bytesig-port,e555c6c0e7aba3e9e4801c2e5e11e3a76b42ce080683b4b9c1cf074c2030b737,0x00E5B240
0x00E5B780,VATS::GetUpdateMult,AE-bytesig-port,e555c6c0e7aba3e9e4801c2e5e11e3a76b42ce080683b4b9c1cf074c2030b737,0x00E5B5E0
0x00E6F9D0,CombatAnimation::Execute,AE-bytesig-port,e555c6c0e7aba3e9e4801c2e5e11e3a76b42ce080683b4b9c1cf074c2030b737,0x00E6F830
0x00E75840,CombatBlackboard::CombatBlackboard,AE-bytesig-port,e555c6c0e7aba3e9e4801c2e5e11e3a76b42ce080683b4b9c1cf074c2030b737,0x00E756A0
0x00E85410,CombatCoverActorUtilities::ExitCoverLocation,AE-bytesig-port,e555c6c0e7aba3e9e4801c2e5e11e3a76b42ce080683b4b9c1cf074c2030b737,0x00E85270
0x00E91570,CombatGroup::CombatGroup,AE-bytesig-port,e555c6c0e7aba3e9e4801c2e5e11e3a76b42ce080683b4b9c1cf074c2030b737,0x00E913D0
0x00E91F10,CombatGroup::AddTarget,AE-bytesig-port,e555c6c0e7aba3e9e4801c2e5e11e3a76b42ce080683b4b9c1cf074c2030b737,0x00E91D70
0x00E92640,CombatGroup::CheckSplitGroupForTarget,AE-bytesig-port,e555c6c0e7aba3e9e4801c2e5e11e3a76b42ce080683b4b9c1cf074c2030b737,0x00E924A0
0x00E92B60,CombatGroup::AddMember,AE-bytesig-port,e555c6c0e7aba3e9e4801c2e5e11e3a76b42ce080683b4b9c1cf074c2030b737,0x00E929C0
0x00E98550,CombatGroup::IsInCombatWithGuard,AE-bytesig-port,e555c6c0e7aba3e9e4801c2e5e11e3a76b42ce080683b4b9c1cf074c2030b737,0x00E983B0
0x00ED2530,CombatManager::AddCombatant,AE-bytesig-port,e555c6c0e7aba3e9e4801c2e5e11e3a76b42ce080683b4b9c1cf074c2030b737,0x00ED2390
0x00ED2630,CombatManager::AddGroupMember,AE-bytesig-port,e555c6c0e7aba3e9e4801c2e5e11e3a76b42ce080683b4b9c1cf074c2030b737,0x00ED2490
0x00ED29B0,CombatManager::GetStealthPoints,AE-bytesig-port,e555c6c0e7aba3e9e4801c2e5e11e3a76b42ce080683b4b9c1cf074c2030b737,0x00ED2810
0x00ED4690,CombatManager::CreateCombatGroup,AE-bytesig-port,e555c6c0e7aba3e9e4801c2e5e11e3a76b42ce080683b4b9c1cf074c2030b737,0x00ED44F0
0x00ED4770,CombatManager::SplitPlayerCombatGroup,AE-bytesig-port,e555c6c0e7aba3e9e4801c2e5e11e3a76b42ce080683b4b9c1cf074c2030b737,0x00ED45D0
0x00EF27F0,CombatUtilities::CalculateProjectileTrajectory,AE-bytesig-port,e555c6c0e7aba3e9e4801c2e5e11e3a76b42ce080683b4b9c1cf074c2030b737,0x00EF2650
0x00EF30E0,CombatUtilities::CalculateProjectileLOS2,AE-bytesig-port,e555c6c0e7aba3e9e4801c2e5e11e3a76b42ce080683b4b9c1cf074c2030b737,0x00EF2F40
0x00EF34B0,CombatUtilities::CalculateProjectileLOS1,AE-bytesig-port,e555c6c0e7aba3e9e4801c2e5e11e3a76b42ce080683b4b9c1cf074c2030b737,0x00EF3310
0x00EF4580,CombatUtilities::IsActorUsingUnarmed,AE-bytesig-port,e555c6c0e7aba3e9e4801c2e5e11e3a76b42ce080683b4b9c1cf074c2030b737,0x00EF43E0
0x00EF4650,CombatUtilities::IsActorUsingMelee,AE-bytesig-port,e555c6c0e7aba3e9e4801c2e5e11e3a76b42ce080683b4b9c1cf074c2030b737,0x00EF44B0
0x00EFE320,CombatBehaviorController::Start,AE-bytesig-port,e555c6c0e7aba3e9e4801c2e5e11e3a76b42ce080683b4b9c1cf074c2030b737,0x00EFE180
0x00EFE690,CombatBehaviorController::Abort,AE-bytesig-port,e555c6c0e7aba3e9e4801c2e5e11e3a76b42ce080683b4b9c1cf074c2030b737,0x00EFE4F0
0x00EFE740,CombatBehaviorController::AbortThreads,AE-bytesig-port,e555c6c0e7aba3e9e4801c2e5e11e3a76b42ce080683b4b9c1cf074c2030b737,0x00EFE5A0
0x00F03E30,CombatBehaviorThread::CombatBehaviorThread,AE-bytesig-port,e555c6c0e7aba3e9e4801c2e5e11e3a76b42ce080683b4b9c1cf074c2030b737,0x00F03C90
0x01021320,FirstPersonState::GetCameraPitchFromNode,AE-bytesig-port,e555c6c0e7aba3e9e4801c2e5e11e3a76b42ce080683b4b9c1cf074c2030b737,0x01021180
0x010221F0,FreeCameraState::SetRotation,AE-bytesig-port,e555c6c0e7aba3e9e4801c2e5e11e3a76b42ce080683b4b9c1cf074c2030b737,0x01022050
0x01023800,FurnitureCameraState::SetFurniture,AE-bytesig-port,e555c6c0e7aba3e9e4801c2e5e11e3a76b42ce080683b4b9c1cf074c2030b737,0x01023660
0x01024BF0,PlayerCamera::PlayerCamera,AE-bytesig-port,e555c6c0e7aba3e9e4801c2e5e11e3a76b42ce080683b4b9c1cf074c2030b737,0x01024A50
0x01026250,PlayerCamera::GetCameraPosition,AE-bytesig-port,e555c6c0e7aba3e9e4801c2e5e11e3a76b42ce080683b4b9c1cf074c2030b737,0x010260B0
0x01026960,PlayerCamera::StopTempForced3rdPerson,AE-bytesig-port,e555c6c0e7aba3e9e4801c2e5e11e3a76b42ce080683b4b9c1cf074c2030b737,0x010267C0
0x01026DD0,PlayerCamera::StartPipboyMode,AE-bytesig-port,e555c6c0e7aba3e9e4801c2e5e11e3a76b42ce080683b4b9c1cf074c2030b737,0x01026C30
0x01027590,PlayerCamera::ToggleFreeCameraMode,AE-bytesig-port,e555c6c0e7aba3e9e4801c2e5e11e3a76b42ce080683b4b9c1cf074c2030b737,0x010273F0
0x01027670,PlayerCamera::ToggleTrailerCameraMode,AE-bytesig-port,e555c6c0e7aba3e9e4801c2e5e11e3a76b42ce080683b4b9c1cf074c2030b737,0x010274D0
0x010277A0,PlayerCamera::StopIronSightsMode,AE-bytesig-port,e555c6c0e7aba3e9e4801c2e5e11e3a76b42ce080683b4b9c1cf074c2030b737,0x01027600
0x01027890,PlayerCamera::StartFurnitureMode,AE-bytesig-port,e555c6c0e7aba3e9e4801c2e5e11e3a76b42ce080683b4b9c1cf074c2030b737,0x010276F0
0x01027A30,PlayerCamera::StopFurnitureMode,AE-bytesig-port,e555c6c0e7aba3e9e4801c2e5e11e3a76b42ce080683b4b9c1cf074c2030b737,0x01027890
0x010288A0,PlayerCamera::ApplyCameraShake,AE-bytesig-port,e555c6c0e7aba3e9e4801c2e5e11e3a76b42ce080683b4b9c1cf074c2030b737,0x01028700
0x01029B20,PlayerCamera::GetAdjustedWorldFOV,AE-bytesig-port,e555c6c0e7aba3e9e4801c2e5e11e3a76b42ce080683b4b9c1cf074c2030b737,0x01029980
0x01029CA0,PlayerCamera::GetCameraTarget,AE-bytesig-port,e555c6c0e7aba3e9e4801c2e5e11e3a76b42ce080683b4b9c1cf074c2030b737,0x01029B00
0x0102B020,PlayerCamera::SetReferenceCollisionGroupToCamera,AE-bytesig-port,e555c6c0e7aba3e9e4801c2e5e11e3a76b42ce080683b4b9c1cf074c2030b737,0x0102AE80
0x0102B0A0,PlayerCamera::RestoreReferenceCollisionGroup,AE-bytesig-port,e555c6c0e7aba3e9e4801c2e5e11e3a76b42ce080683b4b9c1cf074c2030b737,0x0102AF00
0x0102B2A0,PlayerCamera::PushState,AE-bytesig-port,e555c6c0e7aba3e9e4801c2e5e11e3a76b42ce080683b4b9c1cf074c2030b737,0x0102B100
0x0102B310,PlayerCamera::PushStateQuick,AE-bytesig-port,e555c6c0e7aba3e9e4801c2e5e11e3a76b42ce080683b4b9c1cf074c2030b737,0x0102B170
0x0102DFD0,ThirdPersonState::SetAnimatedBone,AE-bytesig-port,e555c6c0e7aba3e9e4801c2e5e11e3a76b42ce080683b4b9c1cf074c2030b737,0x0102DE30
0x0102FF90,ThirdPersonState::CameraParentUpdate,AE-bytesig-port,e555c6c0e7aba3e9e4801c2e5e11e3a76b42ce080683b4b9c1cf074c2030b737,0x0102FDF0
0x01030860,ThirdPersonState::UpdateAnimationDelta,AE-bytesig-port,e555c6c0e7aba3e9e4801c2e5e11e3a76b42ce080683b4b9c1cf074c2030b737,0x010306C0
0x01033AF0,BookMenu::OpenBookMenu,AE-bytesig-port,e555c6c0e7aba3e9e4801c2e5e11e3a76b42ce080683b4b9c1cf074c2030b737,0x01033950
0x01035EC0,Console::ExecuteCommand,AE-bytesig-port,e555c6c0e7aba3e9e4801c2e5e11e3a76b42ce080683b4b9c1cf074c2030b737,0x01035D20
0x0103A3D0,ProcessCommand,AE-bytesig-port,e555c6c0e7aba3e9e4801c2e5e11e3a76b42ce080683b4b9c1cf074c2030b737,0x0103A230
0x0103F460,ContainerMenu::TakeAllItems,AE-bytesig-port,e555c6c0e7aba3e9e4801c2e5e11e3a76b42ce080683b4b9c1cf074c2030b737,0x0103F2C0
0x01047810,FavoritesManager::UseQuickkeyItem,AE-bytesig-port,e555c6c0e7aba3e9e4801c2e5e11e3a76b42ce080683b4b9c1cf074c2030b737,0x01047670
0x01047A20,FavoritesManager::ClearCurrentAmmoCount,AE-bytesig-port,e555c6c0e7aba3e9e4801c2e5e11e3a76b42ce080683b4b9c1cf074c2030b737,0x01047880
0x010482B0,FavoritesManager::IsComponentFavorite,AE-bytesig-port,e555c6c0e7aba3e9e4801c2e5e11e3a76b42ce080683b4b9c1cf074c2030b737,0x01048110
0x0104DB30,HUDMenuUtils::GetGameplayHUDColor,AE-bytesig-port,e555c6c0e7aba3e9e4801c2e5e11e3a76b42ce080683b4b9c1cf074c2030b737,0x0104D990
0x0104DE90,HUDMenuUtils::GetGameplayHUDBackgroundColor,AE-bytesig-port,e555c6c0e7aba3e9e4801c2e5e11e3a76b42ce080683b4b9c1cf074c2030b737,0x0104DCF0
0x0104FD20,HUDMenu::InitializeHUD,AE-bytesig-port,e555c6c0e7aba3e9e4801c2e5e11e3a76b42ce080683b4b9c1cf074c2030b737,0x0104FB80
0x01050050,HUDMenu::CheckHudMode,AE-bytesig-port,e555c6c0e7aba3e9e4801c2e5e11e3a76b42ce080683b4b9c1cf074c2030b737,0x0104FEB0
0x01050220,HUDMenu::ProcessEvent,AE-bytesig-port,e555c6c0e7aba3e9e4801c2e5e11e3a76b42ce080683b4b9c1cf074c2030b737,0x01050080
0x01050270,PowerArmorHUDMenu::PowerArmorHUDMenu,AE-bytesig-port,e555c6c0e7aba3e9e4801c2e5e11e3a76b42ce080683b4b9c1cf074c2030b737,0x010500D0
0x01050570,PowerArmorHUDMenu::AdvanceMovie,AE-bytesig-port,e555c6c0e7aba3e9e4801c2e5e11e3a76b42ce080683b4b9c1cf074c2030b737,0x010503D0
0x01051210,PowerArmorGeometry::UpdatePowerArmorHUD,AE-bytesig-port,e555c6c0e7aba3e9e4801c2e5e11e3a76b42ce080683b4b9c1cf074c2030b737,0x01051070
0x01051CE0,PowerArmorGeometry::GetPowerArmorShouldBeVisible,AE-bytesig-port,e555c6c0e7aba3e9e4801c2e5e11e3a76b42ce080683b4b9c1cf074c2030b737,0x01051B40
0x01051D40,PowerArmorGeometry::ShowPipboyPAGeometry,AE-bytesig-port,e555c6c0e7aba3e9e4801c2e5e11e3a76b42ce080683b4b9c1cf074c2030b737,0x01051BA0
0x01051E10,PowerArmorGeometry::HidePipboyPAGeometry,AE-bytesig-port,e555c6c0e7aba3e9e4801c2e5e11e3a76b42ce080683b4b9c1cf074c2030b737,0x01051C70
0x01052080,PowerArmorGeometry::InitModels,AE-bytesig-port,e555c6c0e7aba3e9e4801c2e5e11e3a76b42ce080683b4b9c1cf074c2030b737,0x01051EE0
0x01052750,PowerArmorGeometry::HidePowerArmorGeometry,AE-bytesig-port,e555c6c0e7aba3e9e4801c2e5e11e3a76b42ce080683b4b9c1cf074c2030b737,0x010525B0
0x01052900,PowerArmorGeometry::InitializePAHUDGeom,AE-bytesig-port,e555c6c0e7aba3e9e4801c2e5e11e3a76b42ce080683b4b9c1cf074c2030b737,0x01052760
0x01052DB0,PowerArmorGeometry::UpdateAmmoCount,AE-bytesig-port,e555c6c0e7aba3e9e4801c2e5e11e3a76b42ce080683b4b9c1cf074c2030b737,0x01052C10
0x01053090,PowerArmorGeometry::SetLight,AE-bytesig-port,e555c6c0e7aba3e9e4801c2e5e11e3a76b42ce080683b4b9c1cf074c2030b737,0x01052EF0
0x010530F0,PowerArmorGeometry::GetRenderer,AE-bytesig-port,e555c6c0e7aba3e9e4801c2e5e11e3a76b42ce080683b4b9c1cf074c2030b737,0x01052F50
0x01053130,PowerArmorGeometry::RequestPowerArmorGeometry,AE-bytesig-port,e555c6c0e7aba3e9e4801c2e5e11e3a76b42ce080683b4b9c1cf074c2030b737,0x01052F90
0x0105BE50,Inventory3DManager::Inventory3DManager_dtor,AE-bytesig-port,e555c6c0e7aba3e9e4801c2e5e11e3a76b42ce080683b4b9c1cf074c2030b737,0x0105BCB0
0x0105C010,Inventory3DManager::Begin3D,AE-bytesig-port,e555c6c0e7aba3e9e4801c2e5e11e3a76b42ce080683b4b9c1cf074c2030b737,0x0105BE70
0x0105C2A0,Inventory3DManager::End3D,AE-bytesig-port,e555c6c0e7aba3e9e4801c2e5e11e3a76b42ce080683b4b9c1cf074c2030b737,0x0105C100
0x0105D2A0,Inventory3DManager::DisableRendering,AE-bytesig-port,e555c6c0e7aba3e9e4801c2e5e11e3a76b42ce080683b4b9c1cf074c2030b737,0x0105D100
0x0105E5F0,Inventory3DManager::ClearModel,AE-bytesig-port,e555c6c0e7aba3e9e4801c2e5e11e3a76b42ce080683b4b9c1cf074c2030b737,0x0105E450
0x01067360,LoadingMenu::StartTestingLoadMenu,AE-bytesig-port,e555c6c0e7aba3e9e4801c2e5e11e3a76b42ce080683b4b9c1cf074c2030b737,0x010671C0
0x0106B2A0,LockpickingMenu::OpenLockpickingMenu,AE-bytesig-port,e555c6c0e7aba3e9e4801c2e5e11e3a76b42ce080683b4b9c1cf074c2030b737,0x0106B100
0x010745C0,MenuControls::ForcePauseGame,AE-bytesig-port,e555c6c0e7aba3e9e4801c2e5e11e3a76b42ce080683b4b9c1cf074c2030b737,0x01074420
0x01075D80,DisconnectHandler::HandleEvent,AE-bytesig-port,e555c6c0e7aba3e9e4801c2e5e11e3a76b42ce080683b4b9c1cf074c2030b737,0x01075BE0
0x01075DD0,GFxConvertHandler::HandleEvent,AE-bytesig-port,e555c6c0e7aba3e9e4801c2e5e11e3a76b42ce080683b4b9c1cf074c2030b737,0x01075C30
0x01076990,MenuOpenHandler::HandleEvent,AE-bytesig-port,e555c6c0e7aba3e9e4801c2e5e11e3a76b42ce080683b4b9c1cf074c2030b737,0x010767F0
0x01076CC0,PipboyHandler::HandleEvent,AE-bytesig-port,e555c6c0e7aba3e9e4801c2e5e11e3a76b42ce080683b4b9c1cf074c2030b737,0x01076B20
0x01077AF0,UserEvents::GetPause,AE-bytesig-port,e555c6c0e7aba3e9e4801c2e5e11e3a76b42ce080683b4b9c1cf074c2030b737,0x01077A70
0x01078920,MessageMenuManager::Create,AE-bytesig-port,e555c6c0e7aba3e9e4801c2e5e11e3a76b42ce080683b4b9c1cf074c2030b737,0x01078780
0x010799C0,MessageBoxMenu::ShowMessage,AE-bytesig-port,e555c6c0e7aba3e9e4801c2e5e11e3a76b42ce080683b4b9c1cf074c2030b737,0x01079820
0x0107B7F0,SitWaitMenu::OnEnterFurniture,AE-bytesig-port,e555c6c0e7aba3e9e4801c2e5e11e3a76b42ce080683b4b9c1cf074c2030b737,0x0107B650
0x01082B60,SendUIMessage::ShowFaderMenu,AE-bytesig-port,e555c6c0e7aba3e9e4801c2e5e11e3a76b42ce080683b4b9c1cf074c2030b737,0x010829C0
0x01083ED0,DialogueMenuUtils::ShowSpeechChallengeAnim,AE-bytesig-port,e555c6c0e7aba3e9e4801c2e5e11e3a76b42ce080683b4b9c1cf074c2030b737,0x01083D30
0x01086220,UIUtils::PlayMenuSound,AE-bytesig-port,e555c6c0e7aba3e9e4801c2e5e11e3a76b42ce080683b4b9c1cf074c2030b737,0x01086080
0x01086480,UIUtils::GetHUDTextForCommandOnTarget,AE-bytesig-port,e555c6c0e7aba3e9e4801c2e5e11e3a76b42ce080683b4b9c1cf074c2030b737,0x010862E0
0x01086920,UIUtils::KillScreenEffects,AE-bytesig-port,e555c6c0e7aba3e9e4801c2e5e11e3a76b42ce080683b4b9c1cf074c2030b737,0x01086780
0x010869B0,UIUtils::HasRequiredInventoryForCraftingMenu,AE-bytesig-port,e555c6c0e7aba3e9e4801c2e5e11e3a76b42ce080683b4b9c1cf074c2030b737,0x01086810
0x01086BE0,UIUtils::ShowCraftingMenu,AE-bytesig-port,e555c6c0e7aba3e9e4801c2e5e11e3a76b42ce080683b4b9c1cf074c2030b737,0x01086A40
0x010875E0,UIUtils::PickScreen,AE-bytesig-port,e555c6c0e7aba3e9e4801c2e5e11e3a76b42ce080683b4b9c1cf074c2030b737,0x01087440
0x01089460,PlayerHasWeapons,AE-bytesig-port,e555c6c0e7aba3e9e4801c2e5e11e3a76b42ce080683b4b9c1cf074c2030b737,0x010892C0
0x0108A2A0,GameScript::BindCObject,AE-bytesig-port,e555c6c0e7aba3e9e4801c2e5e11e3a76b42ce080683b4b9c1cf074c2030b737,0x0108A100
0x0109B630,GameScript::HandlePolicy::GetInventoryObjFromHandle,AE-bytesig-port,e555c6c0e7aba3e9e4801c2e5e11e3a76b42ce080683b4b9c1cf074c2030b737,0x0109B490
0x0109B9C0,GameScript::HandlePolicy::UpdatePersistence,AE-bytesig-port,e555c6c0e7aba3e9e4801c2e5e11e3a76b42ce080683b4b9c1cf074c2030b737,0x0109B820
0x010B6100,BSScript_ArrayWrapper::ReplaceArray,AE-bytesig-port,e555c6c0e7aba3e9e4801c2e5e11e3a76b42ce080683b4b9c1cf074c2030b737,0x010B5F60
0x010E84D0,GameVM::GameVM,AE-bytesig-port,e555c6c0e7aba3e9e4801c2e5e11e3a76b42ce080683b4b9c1cf074c2030b737,0x010E8330
0x010E9A90,GameVM::UpdateTime,AE-bytesig-port,e555c6c0e7aba3e9e4801c2e5e11e3a76b42ce080683b4b9c1cf074c2030b737,0x010E98F0
0x010E9FB0,GameVM::DispatchPostRenderCalls,AE-bytesig-port,e555c6c0e7aba3e9e4801c2e5e11e3a76b42ce080683b4b9c1cf074c2030b737,0x010E9E10
0x010EAFD0,GameScript::GameVM::QueuePostRenderCall,AE-bytesig-port,e555c6c0e7aba3e9e4801c2e5e11e3a76b42ce080683b4b9c1cf074c2030b737,0x010EAE30
0x010ED2F0,GameScript::GameVM::SendEventToObjectAndRelated,AE-bytesig-port,e555c6c0e7aba3e9e4801c2e5e11e3a76b42ce080683b4b9c1cf074c2030b737,0x010ED150
0x01180CD0,GameScript::MoveObjectTo,AE-bytesig-port,e555c6c0e7aba3e9e4801c2e5e11e3a76b42ce080683b4b9c1cf074c2030b737,0x01180B30
0x0125B950,hkMemoryRouter::EasyAlloc,AE-bytesig-port,e555c6c0e7aba3e9e4801c2e5e11e3a76b42ce080683b4b9c1cf074c2030b737,0x0125B880
0x0125CD10,assign,AE-bytesig-port,e555c6c0e7aba3e9e4801c2e5e11e3a76b42ce080683b4b9c1cf074c2030b737,0x0125CC40
0x0125CDA0,strDup,AE-bytesig-port,e555c6c0e7aba3e9e4801c2e5e11e3a76b42ce080683b4b9c1cf074c2030b737,0x0125CCD0
0x0125CDF0,strNdup,AE-bytesig-port,e555c6c0e7aba3e9e4801c2e5e11e3a76b42ce080683b4b9c1cf074c2030b737,0x0125CD20
0x0125CF00,hknpMaterial::hknpMaterial,AE-bytesig-port,e555c6c0e7aba3e9e4801c2e5e11e3a76b42ce080683b4b9c1cf074c2030b737,0x0125CE30
0x0125E720,hknpWorld::SetBodyTransform,AE-bytesig-port,e555c6c0e7aba3e9e4801c2e5e11e3a76b42ce080683b4b9c1cf074c2030b737,0x0125E650
0x0125EE60,hknpWorld::SetBodyAngularVelocity,AE-bytesig-port,e555c6c0e7aba3e9e4801c2e5e11e3a76b42ce080683b4b9c1cf074c2030b737,0x0125ED90
0x0125F7D0,hknpWorld::ComputeHardKeyFrame,AE-bytesig-port,e555c6c0e7aba3e9e4801c2e5e11e3a76b42ce080683b4b9c1cf074c2030b737,0x0125F700
0x01260030,hknpWorld::SetBodyCollisionFilterInfo,AE-bytesig-port,e555c6c0e7aba3e9e4801c2e5e11e3a76b42ce080683b4b9c1cf074c2030b737,0x0125FF60
0x012607B0,hknpWorld::SetBodyMass,AE-bytesig-port,e555c6c0e7aba3e9e4801c2e5e11e3a76b42ce080683b4b9c1cf074c2030b737,0x012606E0
0x01260C50,hknpWorld::SetBodyMotion,AE-bytesig-port,e555c6c0e7aba3e9e4801c2e5e11e3a76b42ce080683b4b9c1cf074c2030b737,0x01260B80
0x01266D80,hknpWorld::CreateBody,AE-bytesig-port,e555c6c0e7aba3e9e4801c2e5e11e3a76b42ce080683b4b9c1cf074c2030b737,0x01266CB0
0x01266FA0,hknpWorld::AddBodies,AE-bytesig-port,e555c6c0e7aba3e9e4801c2e5e11e3a76b42ce080683b4b9c1cf074c2030b737,0x01266ED0
0x012678C0,hknpWorld::RemoveBodies,AE-bytesig-port,e555c6c0e7aba3e9e4801c2e5e11e3a76b42ce080683b4b9c1cf074c2030b737,0x012677F0
0x01267FA0,hknpWorld::PredictBodyTransform,AE-bytesig-port,e555c6c0e7aba3e9e4801c2e5e11e3a76b42ce080683b4b9c1cf074c2030b737,0x01267ED0
0x01269160,hknpWorld::CreateMotion,AE-bytesig-port,e555c6c0e7aba3e9e4801c2e5e11e3a76b42ce080683b4b9c1cf074c2030b737,0x01269090
0x01269380,hknpWorld::RebuildMotionMassProperties,AE-bytesig-port,e555c6c0e7aba3e9e4801c2e5e11e3a76b42ce080683b4b9c1cf074c2030b737,0x012692B0
0x01269D20,hknpWorld::ActivateBody,AE-bytesig-port,e555c6c0e7aba3e9e4801c2e5e11e3a76b42ce080683b4b9c1cf074c2030b737,0x01269C50
0x0126B840,hknpWorld::RemoveBodyFromMotion,AE-bytesig-port,e555c6c0e7aba3e9e4801c2e5e11e3a76b42ce080683b4b9c1cf074c2030b737,0x0126B770
0x0126B960,hknpWorld::RegisterBodyAtActiveList,AE-bytesig-port,e555c6c0e7aba3e9e4801c2e5e11e3a76b42ce080683b4b9c1cf074c2030b737,0x0126B890
0x0126BA20,hknpWorld::UnregisterBodyAtActiveList,AE-bytesig-port,e555c6c0e7aba3e9e4801c2e5e11e3a76b42ce080683b4b9c1cf074c2030b737,0x0126B950
0x01276490,hknpActionManager::RemoveAction,AE-bytesig-port,e555c6c0e7aba3e9e4801c2e5e11e3a76b42ce080683b4b9c1cf074c2030b737,0x012763C0
0x01277220,hkArrayUtil::_Reserve,AE-bytesig-port,e555c6c0e7aba3e9e4801c2e5e11e3a76b42ce080683b4b9c1cf074c2030b737,0x01277150
0x012772E0,hkArrayUtil::_ReserveMore,AE-bytesig-port,e555c6c0e7aba3e9e4801c2e5e11e3a76b42ce080683b4b9c1cf074c2030b737,0x01277210
0x01277830,hkRefCountedProperties::AddPropertyInternal,AE-bytesig-port,e555c6c0e7aba3e9e4801c2e5e11e3a76b42ce080683b4b9c1cf074c2030b737,0x01277760
0x01278CE0,hknpShape::BuildMassProperties,AE-bytesig-port,e555c6c0e7aba3e9e4801c2e5e11e3a76b42ce080683b4b9c1cf074c2030b737,0x01278C10
0x01279120,hknpBody::UpdateMotionToBodyTransform,AE-bytesig-port,e555c6c0e7aba3e9e4801c2e5e11e3a76b42ce080683b4b9c1cf074c2030b737,0x01279050
0x01279290,hknpBody::UpdateComCenteredBoundingRadius,AE-bytesig-port,e555c6c0e7aba3e9e4801c2e5e11e3a76b42ce080683b4b9c1cf074c2030b737,0x012791C0
0x012793B0,hknpBody::SyncStaticMotionToBodyTransform,AE-bytesig-port,e555c6c0e7aba3e9e4801c2e5e11e3a76b42ce080683b4b9c1cf074c2030b737,0x012792E0
0x012794E0,hknpBodyCinfo::hknpBodyCinfo,AE-bytesig-port,e555c6c0e7aba3e9e4801c2e5e11e3a76b42ce080683b4b9c1cf074c2030b737,0x01279410
0x0127C940,hknpPhysicsSystem::hknpPhysicsSystem_dtor,AE-bytesig-port,e555c6c0e7aba3e9e4801c2e5e11e3a76b42ce080683b4b9c1cf074c2030b737,0x0127C870
0x0127CED0,hknpPhysicsSystem::RemoveFromWorld,AE-bytesig-port,e555c6c0e7aba3e9e4801c2e5e11e3a76b42ce080683b4b9c1cf074c2030b737,0x0127CE00
0x0127D6D0,hknpCompositeShape::hknpCompositeShape,AE-bytesig-port,e555c6c0e7aba3e9e4801c2e5e11e3a76b42ce080683b4b9c1cf074c2030b737,0x0127D600
0x012934C0,hkSerializeUtil::Load,AE-bytesig-port,e555c6c0e7aba3e9e4801c2e5e11e3a76b42ce080683b4b9c1cf074c2030b737,0x012933F0
0x012939E0,hkSerializeUtil::LoadOnHeap,AE-bytesig-port,e555c6c0e7aba3e9e4801c2e5e11e3a76b42ce080683b4b9c1cf074c2030b737,0x01293910
0x012944A0,hkSerializeUtil::DetectFormat,AE-bytesig-port,e555c6c0e7aba3e9e4801c2e5e11e3a76b42ce080683b4b9c1cf074c2030b737,0x012943D0
0x01295660,LoadXmlTagfileIntoWorld,AE-bytesig-port,e555c6c0e7aba3e9e4801c2e5e11e3a76b42ce080683b4b9c1cf074c2030b737,0x01295590
0x012973D0,hkDefaultBuiltinTypeRegistry::Init,AE-bytesig-port,e555c6c0e7aba3e9e4801c2e5e11e3a76b42ce080683b4b9c1cf074c2030b737,0x01297300
0x01297800,hkLifoAllocator::AllocateFromNewSlab,AE-bytesig-port,e555c6c0e7aba3e9e4801c2e5e11e3a76b42ce080683b4b9c1cf074c2030b737,0x01297730
0x01297950,hkLifoAllocator::PopNonLifoFrees,AE-bytesig-port,e555c6c0e7aba3e9e4801c2e5e11e3a76b42ce080683b4b9c1cf074c2030b737,0x01297880
0x01298460,hkTransformf::SetMulMulInverse,AE-bytesig-port,e555c6c0e7aba3e9e4801c2e5e11e3a76b42ce080683b4b9c1cf074c2030b737,0x01298390
0x0129EA10,hkcdGsk::RayCast,AE-bytesig-port,e555c6c0e7aba3e9e4801c2e5e11e3a76b42ce080683b4b9c1cf074c2030b737,0x0129E940
0x012A3B50,hknpTriangleShape::CreateEmptyTriangleShape,AE-bytesig-port,e555c6c0e7aba3e9e4801c2e5e11e3a76b42ce080683b4b9c1cf074c2030b737,0x012A3A80
0x012C52B0,hknpSphereShape::CreateSphereShape,AE-bytesig-port,e555c6c0e7aba3e9e4801c2e5e11e3a76b42ce080683b4b9c1cf074c2030b737,0x012C51E0
0x012C53B0,hknpSphereShape::hknpSphereShape,AE-bytesig-port,e555c6c0e7aba3e9e4801c2e5e11e3a76b42ce080683b4b9c1cf074c2030b737,0x012C52E0
0x012C5400,hknpSphereShape::BuildMassProperties,AE-bytesig-port,e555c6c0e7aba3e9e4801c2e5e11e3a76b42ce080683b4b9c1cf074c2030b737,0x012C5330
0x01308D80,BShkbHkxDB::QueuedHandles::AddRequest,AE-bytesig-port,e555c6c0e7aba3e9e4801c2e5e11e3a76b42ce080683b4b9c1cf074c2030b737,0x01308CB0
0x0130DB50,BSAnimationGraphManager::BSAnimationGraphManager,AE-bytesig-port,e555c6c0e7aba3e9e4801c2e5e11e3a76b42ce080683b4b9c1cf074c2030b737,0x0130DA80
0x0130DD70,BSAnimationGraphManager::BSAnimationGraphManager_dtor,AE-bytesig-port,e555c6c0e7aba3e9e4801c2e5e11e3a76b42ce080683b4b9c1cf074c2030b737,0x0130DCA0
0x0130EBB0,BSAnimationGraphManager::ProcessGraphEvent,AE-bytesig-port,e555c6c0e7aba3e9e4801c2e5e11e3a76b42ce080683b4b9c1cf074c2030b737,0x0130EAE0
0x01313BE0,AnimationClipDataSingleton::GetClipInformation,AE-bytesig-port,e555c6c0e7aba3e9e4801c2e5e11e3a76b42ce080683b4b9c1cf074c2030b737,0x01313B10
0x01314070,AnimationClipDataSingleton::QueueSubgraphAndOffsetData,AE-bytesig-port,e555c6c0e7aba3e9e4801c2e5e11e3a76b42ce080683b4b9c1cf074c2030b737,0x01313FA0
0x0131C7D0,BShkbAnimationGraph::GenerateNonTransControllers,AE-bytesig-port,e555c6c0e7aba3e9e4801c2e5e11e3a76b42ce080683b4b9c1cf074c2030b737,0x0131C700
0x0131C960,BShkbAnimationGraph::KillNonTransControllers,AE-bytesig-port,e555c6c0e7aba3e9e4801c2e5e11e3a76b42ce080683b4b9c1cf074c2030b737,0x0131C890
0x0131CE70,BShkbAnimationGraph::SetupGeneratorOutputs,AE-bytesig-port,e555c6c0e7aba3e9e4801c2e5e11e3a76b42ce080683b4b9c1cf074c2030b737,0x0131CDA0
0x01321620,BShkbAnimationGraph::SetTargetImpl,AE-bytesig-port,e555c6c0e7aba3e9e4801c2e5e11e3a76b42ce080683b4b9c1cf074c2030b737,0x01321550
0x01321C10,BShkbAnimationGraph::SyncFromTargetImpl,AE-bytesig-port,e555c6c0e7aba3e9e4801c2e5e11e3a76b42ce080683b4b9c1cf074c2030b737,0x01321B40
0x013336B0,ReplaceRagdoll,AE-bytesig-port,e555c6c0e7aba3e9e4801c2e5e11e3a76b42ce080683b4b9c1cf074c2030b737,0x013335E0
0x01335B70,hknpConvexShape::BuildConfig::BuildConfig,AE-bytesig-port,e555c6c0e7aba3e9e4801c2e5e11e3a76b42ce080683b4b9c1cf074c2030b737,0x01335A90
0x01335C00,hknpConvexShape::CreateFromVertices,AE-bytesig-port,e555c6c0e7aba3e9e4801c2e5e11e3a76b42ce080683b4b9c1cf074c2030b737,0x01335B20
0x013364B0,hknpConvexShape::CreateFromIndexedVertices,AE-bytesig-port,e555c6c0e7aba3e9e4801c2e5e11e3a76b42ce080683b4b9c1cf074c2030b737,0x013363D0
0x013367C0,hknpConvexShape::CreateFromHalfExtents,AE-bytesig-port,e555c6c0e7aba3e9e4801c2e5e11e3a76b42ce080683b4b9c1cf074c2030b737,0x013366E0
0x01336800,hknpConvexShape::CreateFromAabb,AE-bytesig-port,e555c6c0e7aba3e9e4801c2e5e11e3a76b42ce080683b4b9c1cf074c2030b737,0x01336720
0x01337100,hknpConvexShape::hknpConvexShape,AE-bytesig-port,e555c6c0e7aba3e9e4801c2e5e11e3a76b42ce080683b4b9c1cf074c2030b737,0x01337020
0x01337140,hknpConvexShape::GetSupportingVertexRef,AE-bytesig-port,e555c6c0e7aba3e9e4801c2e5e11e3a76b42ce080683b4b9c1cf074c2030b737,0x01337060
0x01337300,hknpConvexShape::CalcAabb,AE-bytesig-port,e555c6c0e7aba3e9e4801c2e5e11e3a76b42ce080683b4b9c1cf074c2030b737,0x01337220
0x01337500,hknpConvexShape::GetFaceVertices,AE-bytesig-port,e555c6c0e7aba3e9e4801c2e5e11e3a76b42ce080683b4b9c1cf074c2030b737,0x01337420
0x013375A0,hknpConvexShape::GetFaceInfo,AE-bytesig-port,e555c6c0e7aba3e9e4801c2e5e11e3a76b42ce080683b4b9c1cf074c2030b737,0x013374C0
0x013376D0,hknpConvexShape::GetSupportingFace,AE-bytesig-port,e555c6c0e7aba3e9e4801c2e5e11e3a76b42ce080683b4b9c1cf074c2030b737,0x013375F0
0x01338370,hknpConvexShape::CastRayImpl,AE-bytesig-port,e555c6c0e7aba3e9e4801c2e5e11e3a76b42ce080683b4b9c1cf074c2030b737,0x01338290
0x01339B10,hknpConvexShape::BuildMassProperties,AE-bytesig-port,e555c6c0e7aba3e9e4801c2e5e11e3a76b42ce080683b4b9c1cf074c2030b737,0x01339A30
0x0133AB50,hknpConvexPolytopeShape::hknpConvexPolytopeShape,AE-bytesig-port,e555c6c0e7aba3e9e4801c2e5e11e3a76b42ce080683b4b9c1cf074c2030b737,0x0133AA70
0x0133B5E0,hknpConvexPolytopeShape::CreateFromVerticesInternal,AE-bytesig-port,e555c6c0e7aba3e9e4801c2e5e11e3a76b42ce080683b4b9c1cf074c2030b737,0x0133B500
0x0133CD70,hknpCapsuleShape::CreateCapsuleShape,AE-bytesig-port,e555c6c0e7aba3e9e4801c2e5e11e3a76b42ce080683b4b9c1cf074c2030b737,0x0133CC90
0x0133CE80,hknpCapsuleShape::hknpCapsuleShape,AE-bytesig-port,e555c6c0e7aba3e9e4801c2e5e11e3a76b42ce080683b4b9c1cf074c2030b737,0x0133CDA0
0x0133D840,hknpCapsuleShape::Init,AE-bytesig-port,e555c6c0e7aba3e9e4801c2e5e11e3a76b42ce080683b4b9c1cf074c2030b737,0x0133D760
0x0133DE80,hknpShapeInstance::SetTransform,AE-bytesig-port,e555c6c0e7aba3e9e4801c2e5e11e3a76b42ce080683b4b9c1cf074c2030b737,0x0133DDA0
0x0133F200,hknpCompoundShape::hknpCompoundShape,AE-bytesig-port,e555c6c0e7aba3e9e4801c2e5e11e3a76b42ce080683b4b9c1cf074c2030b737,0x0133F120
0x0133F9B0,hknpDynamicCompoundShape::hknpDynamicCompoundShape,AE-bytesig-port,e555c6c0e7aba3e9e4801c2e5e11e3a76b42ce080683b4b9c1cf074c2030b737,0x0133F8D0
0x0135E0E0,hkMonitorStream::Resize,AE-bytesig-port,e555c6c0e7aba3e9e4801c2e5e11e3a76b42ce080683b4b9c1cf074c2030b737,0x0135E000
0x0135E160,hkMonitorStream::SetStaticBuffer,AE-bytesig-port,e555c6c0e7aba3e9e4801c2e5e11e3a76b42ce080683b4b9c1cf074c2030b737,0x0135E080
0x0135E230,hkMonitorStream::Init,AE-bytesig-port,e555c6c0e7aba3e9e4801c2e5e11e3a76b42ce080683b4b9c1cf074c2030b737,0x0135E150
0x0135E2A0,hkMonitorStream::Quit,AE-bytesig-port,e555c6c0e7aba3e9e4801c2e5e11e3a76b42ce080683b4b9c1cf074c2030b737,0x0135E1C0
0x0135E3E0,hkQuaternionf::SetAxisAngle,AE-bytesig-port,e555c6c0e7aba3e9e4801c2e5e11e3a76b42ce080683b4b9c1cf074c2030b737,0x0135E300
0x0135EB00,hkQuaternionf::Set,AE-bytesig-port,e555c6c0e7aba3e9e4801c2e5e11e3a76b42ce080683b4b9c1cf074c2030b737,0x0135EA20
0x0135FB00,hkMatrix3f::Invert,AE-bytesig-port,e555c6c0e7aba3e9e4801c2e5e11e3a76b42ce080683b4b9c1cf074c2030b737,0x0135FA20
0x01360010,hkMatrix3f::SetMulInverse,AE-bytesig-port,e555c6c0e7aba3e9e4801c2e5e11e3a76b42ce080683b4b9c1cf074c2030b737,0x0135FF30
0x01365760,hkRotationf::Set,AE-bytesig-port,e555c6c0e7aba3e9e4801c2e5e11e3a76b42ce080683b4b9c1cf074c2030b737,0x01365680
0x013659A0,hkRotationf::Renormalize,AE-bytesig-port,e555c6c0e7aba3e9e4801c2e5e11e3a76b42ce080683b4b9c1cf074c2030b737,0x013658C0
0x01366AD0,hkUFloat8::operator_assign,AE-bytesig-port,e555c6c0e7aba3e9e4801c2e5e11e3a76b42ce080683b4b9c1cf074c2030b737,0x013669F0
0x01367F10,AnimationFileManagerSingleton::CancelIdle,AE-bytesig-port,e555c6c0e7aba3e9e4801c2e5e11e3a76b42ce080683b4b9c1cf074c2030b737,0x01367E30
0x0137E940,hkErrStream::hkErrStream,AE-bytesig-port,e555c6c0e7aba3e9e4801c2e5e11e3a76b42ce080683b4b9c1cf074c2030b737,0x0137E850
0x0137F360,hknpScaledConvexShapeBase::hknpScaledConvexShapeBase,AE-bytesig-port,e555c6c0e7aba3e9e4801c2e5e11e3a76b42ce080683b4b9c1cf074c2030b737,0x0137F270
0x01382910,hknpScaledConvexShape::hknpScaledConvexShape,AE-bytesig-port,e555c6c0e7aba3e9e4801c2e5e11e3a76b42ce080683b4b9c1cf074c2030b737,0x01382820
0x013837D0,hknpBodyManager::AllocateBody,AE-bytesig-port,e555c6c0e7aba3e9e4801c2e5e11e3a76b42ce080683b4b9c1cf074c2030b737,0x013836E0
0x01383A40,hknpBodyManager::FreeDestroyedBodyIds,AE-bytesig-port,e555c6c0e7aba3e9e4801c2e5e11e3a76b42ce080683b4b9c1cf074c2030b737,0x01383950
0x01383FB0,hknpBodyManager::ClearAllPropertiesFromBody,AE-bytesig-port,e555c6c0e7aba3e9e4801c2e5e11e3a76b42ce080683b4b9c1cf074c2030b737,0x01383EC0
0x01384420,hknpBodyManager::AddActiveBodyGroup,AE-bytesig-port,e555c6c0e7aba3e9e4801c2e5e11e3a76b42ce080683b4b9c1cf074c2030b737,0x01384330
0x013844F0,hknpBodyManager::RemoveActiveBodyGroup,AE-bytesig-port,e555c6c0e7aba3e9e4801c2e5e11e3a76b42ce080683b4b9c1cf074c2030b737,0x01384400
0x01384580,hknpBodyManager::addSingleBodyToActiveGroup,AE-bytesig-port,e555c6c0e7aba3e9e4801c2e5e11e3a76b42ce080683b4b9c1cf074c2030b737,0x01384490
0x01384690,hknpBodyManager::RemoveSingleBodyFromActiveList,AE-bytesig-port,e555c6c0e7aba3e9e4801c2e5e11e3a76b42ce080683b4b9c1cf074c2030b737,0x013845A0
0x01385550,BShkNonTransformController::Create,AE-bytesig-port,e555c6c0e7aba3e9e4801c2e5e11e3a76b42ce080683b4b9c1cf074c2030b737,0x01385460
0x01399180,BShkbUtils::CreateBoneMapping,AE-bytesig-port,e555c6c0e7aba3e9e4801c2e5e11e3a76b42ce080683b4b9c1cf074c2030b737,0x01399090
0x013AA2B0,BSAnimationGraphVariableCache::BSAnimationGraphVariableCache,AE-bytesig-port,e555c6c0e7aba3e9e4801c2e5e11e3a76b42ce080683b4b9c1cf074c2030b737,0x013AA1B0
0x013ABBE0,hknpMotionCinfo::InitializeAsKeyFramed,AE-bytesig-port,e555c6c0e7aba3e9e4801c2e5e11e3a76b42ce080683b4b9c1cf074c2030b737,0x013ABAE0
0x013BD880,hkDiagonalizedMassProperties::Pack,AE-bytesig-port,e555c6c0e7aba3e9e4801c2e5e11e3a76b42ce080683b4b9c1cf074c2030b737,0x013BD780
0x013BD950,hkDiagonalizedMassProperties::Unpack,AE-bytesig-port,e555c6c0e7aba3e9e4801c2e5e11e3a76b42ce080683b4b9c1cf074c2030b737,0x013BD850
0x013BDB00,hkCompressedMassProperties::Pack,AE-bytesig-port,e555c6c0e7aba3e9e4801c2e5e11e3a76b42ce080683b4b9c1cf074c2030b737,0x013BDA00
0x013BDB90,hkCompressedMassProperties::Unpack,AE-bytesig-port,e555c6c0e7aba3e9e4801c2e5e11e3a76b42ce080683b4b9c1cf074c2030b737,0x013BDA90
0x013BE0F0,hknpMotion::GetAngularVelocity,AE-bytesig-port,e555c6c0e7aba3e9e4801c2e5e11e3a76b42ce080683b4b9c1cf074c2030b737,0x013BDFF0
0x013BE620,hknpMotion::SetAngularVelocity,AE-bytesig-port,e555c6c0e7aba3e9e4801c2e5e11e3a76b42ce080683b4b9c1cf074c2030b737,0x013BE520
0x013BEE80,hknpShapeManager::RegisterBodyWithMutableShape,AE-bytesig-port,e555c6c0e7aba3e9e4801c2e5e11e3a76b42ce080683b4b9c1cf074c2030b737,0x013BED80
0x013C2730,hknpDeactivationManager::MarkBodyForActivation,AE-bytesig-port,e555c6c0e7aba3e9e4801c2e5e11e3a76b42ce080683b4b9c1cf074c2030b737,0x013C2630
0x013C2D10,hknpDeactivationManager::ActivateMarkedIslands,AE-bytesig-port,e555c6c0e7aba3e9e4801c2e5e11e3a76b42ce080683b4b9c1cf074c2030b737,0x013C2C10
0x013C7240,hkStringBuf::operator_addassign,AE-bytesig-port,e555c6c0e7aba3e9e4801c2e5e11e3a76b42ce080683b4b9c1cf074c2030b737,0x013C7140
0x013C7290,hkStringBuf::AppendJoin,AE-bytesig-port,e555c6c0e7aba3e9e4801c2e5e11e3a76b42ce080683b4b9c1cf074c2030b737,0x013C7190
0x013C94D0,hknpMotionManager::AllocateMotion,AE-bytesig-port,e555c6c0e7aba3e9e4801c2e5e11e3a76b42ce080683b4b9c1cf074c2030b737,0x013C93D0
0x013C95A0,hknpMotionManager::InitializeMotion,AE-bytesig-port,e555c6c0e7aba3e9e4801c2e5e11e3a76b42ce080683b4b9c1cf074c2030b737,0x013C94A0
0x013C9FA0,hknpMotionManager::AddActiveMotion,AE-bytesig-port,e555c6c0e7aba3e9e4801c2e5e11e3a76b42ce080683b4b9c1cf074c2030b737,0x013C9EA0
0x013CF470,hkInertiaTensorComputer::CombineMassProperties,AE-bytesig-port,e555c6c0e7aba3e9e4801c2e5e11e3a76b42ce080683b4b9c1cf074c2030b737,0x013CF370
0x013CF700,hkInertiaTensorComputer::ConvertInertiaTensorToPrincipleAxis,AE-bytesig-port,e555c6c0e7aba3e9e4801c2e5e11e3a76b42ce080683b4b9c1cf074c2030b737,0x013CF600
0x013DA150,hknpDynamicSpaceSplitter::IslandActivatedImpl,AE-bytesig-port,e555c6c0e7aba3e9e4801c2e5e11e3a76b42ce080683b4b9c1cf074c2030b737,0x013DA050
0x013FF140,hkcdRayCastTriangle::SafeUsingDynamicTolerance,AE-bytesig-port,e555c6c0e7aba3e9e4801c2e5e11e3a76b42ce080683b4b9c1cf074c2030b737,0x013FF040
0x014004B0,hknpShapeUtil::BuildAabbMassProperties,AE-bytesig-port,e555c6c0e7aba3e9e4801c2e5e11e3a76b42ce080683b4b9c1cf074c2030b737,0x014003B0
0x01400640,hknpShapeUtil::BuildCapsuleMassProperties,AE-bytesig-port,e555c6c0e7aba3e9e4801c2e5e11e3a76b42ce080683b4b9c1cf074c2030b737,0x01400540
0x01400730,hknpShapeUtil::BuildTriangleMassProperties,AE-bytesig-port,e555c6c0e7aba3e9e4801c2e5e11e3a76b42ce080683b4b9c1cf074c2030b737,0x01400630
0x01400850,hknpShapeUtil::BuildQuadMassProperties,AE-bytesig-port,e555c6c0e7aba3e9e4801c2e5e11e3a76b42ce080683b4b9c1cf074c2030b737,0x01400750
0x01400A60,hknpShapeUtil::BuildPolygonMassProperties,AE-bytesig-port,e555c6c0e7aba3e9e4801c2e5e11e3a76b42ce080683b4b9c1cf074c2030b737,0x01400960
0x01400F60,hknpShapeUtil::BuildHullMassProperties,AE-bytesig-port,e555c6c0e7aba3e9e4801c2e5e11e3a76b42ce080683b4b9c1cf074c2030b737,0x01400E60
0x01401300,hknpShapeUtil::CreateConvexHullGeometry,AE-bytesig-port,e555c6c0e7aba3e9e4801c2e5e11e3a76b42ce080683b4b9c1cf074c2030b737,0x01401200
0x01406410,hkpConstraintDataUtils::CloneIfCanHaveMotors,AE-bytesig-port,e555c6c0e7aba3e9e4801c2e5e11e3a76b42ce080683b4b9c1cf074c2030b737,0x01406310
0x01406AF0,hkpConstraintDataUtils_copyAtoms_hkpDeformableFixedConstraintData,AE-bytesig-port,e555c6c0e7aba3e9e4801c2e5e11e3a76b42ce080683b4b9c1cf074c2030b737,0x014069F0
0x01406C10,hkpConstraintDataUtils_copyAtoms_hkpHingeLimitsData,AE-bytesig-port,e555c6c0e7aba3e9e4801c2e5e11e3a76b42ce080683b4b9c1cf074c2030b737,0x01406B10
0x01406C70,hkpConstraintDataUtils_copyAtoms_hkpLimitedHingeConstraintData,AE-bytesig-port,e555c6c0e7aba3e9e4801c2e5e11e3a76b42ce080683b4b9c1cf074c2030b737,0x01406B70
0x01406CD0,hkpConstraintDataUtils_copyAtoms_hkpPointToPathConstraintData,AE-bytesig-port,e555c6c0e7aba3e9e4801c2e5e11e3a76b42ce080683b4b9c1cf074c2030b737,0x01406BD0
0x01406D30,hkpConstraintDataUtils_copyAtoms_hkpPointToPlaneConstraintData,AE-bytesig-port,e555c6c0e7aba3e9e4801c2e5e11e3a76b42ce080683b4b9c1cf074c2030b737,0x01406C30
0x01406D90,hkpConstraintDataUtils_copyAtoms_hkpPrismaticConstraintData,AE-bytesig-port,e555c6c0e7aba3e9e4801c2e5e11e3a76b42ce080683b4b9c1cf074c2030b737,0x01406C90
0x01406DF0,hkpConstraintDataUtils_copyAtoms_hkpPulleyConstraintData,AE-bytesig-port,e555c6c0e7aba3e9e4801c2e5e11e3a76b42ce080683b4b9c1cf074c2030b737,0x01406CF0
0x01406E50,hkpConstraintDataUtils_copyAtoms_hkpRagdollConstraintData,AE-bytesig-port,e555c6c0e7aba3e9e4801c2e5e11e3a76b42ce080683b4b9c1cf074c2030b737,0x01406D50
0x01406EB0,hkpConstraintDataUtils_copyAtoms_hkpRagdollLimitsData,AE-bytesig-port,e555c6c0e7aba3e9e4801c2e5e11e3a76b42ce080683b4b9c1cf074c2030b737,0x01406DB0
0x01406F70,hkpConstraintDataUtils_copyAtoms_hkpWheelConstraintData,AE-bytesig-port,e555c6c0e7aba3e9e4801c2e5e11e3a76b42ce080683b4b9c1cf074c2030b737,0x01406E70
0x014083D0,hknpQueryAabbNmpUtil::CheckOverlapWithNmp,AE-bytesig-port,e555c6c0e7aba3e9e4801c2e5e11e3a76b42ce080683b4b9c1cf074c2030b737,0x014082D0
0x0140D040,hkDataWorldDict::hkDataWorldDict,AE-bytesig-port,e555c6c0e7aba3e9e4801c2e5e11e3a76b42ce080683b4b9c1cf074c2030b737,0x0140CF40
0x0140D160,hkDataWorldDict::hkDataWorldDict_dtor,AE-bytesig-port,e555c6c0e7aba3e9e4801c2e5e11e3a76b42ce080683b4b9c1cf074c2030b737,0x0140D060
0x0140E920,hkDataWorldDict::ObjectTracker::ObjectTracker,AE-bytesig-port,e555c6c0e7aba3e9e4801c2e5e11e3a76b42ce080683b4b9c1cf074c2030b737,0x0140E820
0x0140E9D0,hkDataWorldDict::ObjectTracker::ObjectTracker_dtor,AE-bytesig-port,e555c6c0e7aba3e9e4801c2e5e11e3a76b42ce080683b4b9c1cf074c2030b737,0x0140E8D0
0x01419590,hkDataObjectUtil::ToObjectWithRegistry,AE-bytesig-port,e555c6c0e7aba3e9e4801c2e5e11e3a76b42ce080683b4b9c1cf074c2030b737,0x01419490
0x0142A230,hkNativePackfileUtils::Load,AE-bytesig-port,e555c6c0e7aba3e9e4801c2e5e11e3a76b42ce080683b4b9c1cf074c2030b737,0x0142A130
0x01439D70,hkgpConvexHull::hkgpConvexHull,AE-bytesig-port,e555c6c0e7aba3e9e4801c2e5e11e3a76b42ce080683b4b9c1cf074c2030b737,0x01439C70
0x01439DE0,hkgpConvexHull::hkgpConvexHull_dtor,AE-bytesig-port,e555c6c0e7aba3e9e4801c2e5e11e3a76b42ce080683b4b9c1cf074c2030b737,0x01439CE0
0x01439FA0,hkgpConvexHull::Build,AE-bytesig-port,e555c6c0e7aba3e9e4801c2e5e11e3a76b42ce080683b4b9c1cf074c2030b737,0x01439EA0
0x01442700,hkgpConvexHull::GetLocalInertia,AE-bytesig-port,e555c6c0e7aba3e9e4801c2e5e11e3a76b42ce080683b4b9c1cf074c2030b737,0x01442600
0x01448080,hkgpConvexHullImpl::hkgpConvexHullImpl,AE-bytesig-port,e555c6c0e7aba3e9e4801c2e5e11e3a76b42ce080683b4b9c1cf074c2030b737,0x01447F80
0x0144CE10,hkgpConvexHullImpl::Reset,AE-bytesig-port,e555c6c0e7aba3e9e4801c2e5e11e3a76b42ce080683b4b9c1cf074c2030b737,0x0144CD10
0x01477BF0,hknpConvexShapeUtil::GetNumberOfUniqueVertices,AE-bytesig-port,e555c6c0e7aba3e9e4801c2e5e11e3a76b42ce080683b4b9c1cf074c2030b737,0x01477AF0
0x01484890,hkbGeneratorPartitionInfo::InitWithAllPartitions,AE-bytesig-port,e555c6c0e7aba3e9e4801c2e5e11e3a76b42ce080683b4b9c1cf074c2030b737,0x01484790
0x0148C780,hkbGeneratorOutput::hkbGeneratorOutput,AE-bytesig-port,e555c6c0e7aba3e9e4801c2e5e11e3a76b42ce080683b4b9c1cf074c2030b737,0x0148C680
0x0148E470,hkbCharacter::GetOutputSetupInternal,AE-bytesig-port,e555c6c0e7aba3e9e4801c2e5e11e3a76b42ce080683b4b9c1cf074c2030b737,0x0148E370
0x0149B300,hkHardwareInfo::hkHardwareInfo,AE-bytesig-port,e555c6c0e7aba3e9e4801c2e5e11e3a76b42ce080683b4b9c1cf074c2030b737,0x0149B200
0x0149B5F0,hkHardwareInfo::CalcNumHardwareThreads,AE-bytesig-port,e555c6c0e7aba3e9e4801c2e5e11e3a76b42ce080683b4b9c1cf074c2030b737,0x0149B4F0
0x0149CEB0,hkBaseSystem::InitThread,AE-bytesig-port,e555c6c0e7aba3e9e4801c2e5e11e3a76b42ce080683b4b9c1cf074c2030b737,0x0149CDB0
0x0149CF00,hkBaseSystem::QuitThread,AE-bytesig-port,e555c6c0e7aba3e9e4801c2e5e11e3a76b42ce080683b4b9c1cf074c2030b737,0x0149CE00
0x0149CF50,hkBaseSystem::Quit,AE-bytesig-port,e555c6c0e7aba3e9e4801c2e5e11e3a76b42ce080683b4b9c1cf074c2030b737,0x0149CE50
0x0149D200,hkBaseSystem::QuitSingletons,AE-bytesig-port,e555c6c0e7aba3e9e4801c2e5e11e3a76b42ce080683b4b9c1cf074c2030b737,0x0149D100
0x014D6290,hkDebugDisplay::AddDebugDisplayHandler,AE-bytesig-port,e555c6c0e7aba3e9e4801c2e5e11e3a76b42ce080683b4b9c1cf074c2030b737,0x014D6190
0x014D88A0,hkDebugDisplayProcess::hkDebugDisplayProcess,AE-bytesig-port,e555c6c0e7aba3e9e4801c2e5e11e3a76b42ce080683b4b9c1cf074c2030b737,0x014D87A0
0x014D8980,hkDebugDisplayProcess::Create,AE-bytesig-port,e555c6c0e7aba3e9e4801c2e5e11e3a76b42ce080683b4b9c1cf074c2030b737,0x014D8880
0x01503340,hkpRagdollLimitsData::hkpRagdollLimitsData,AE-bytesig-port,e555c6c0e7aba3e9e4801c2e5e11e3a76b42ce080683b4b9c1cf074c2030b737,0x01503240
0x01504180,hkpBallAndSocketConstraintData::hkpBallAndSocketConstraintData,AE-bytesig-port,e555c6c0e7aba3e9e4801c2e5e11e3a76b42ce080683b4b9c1cf074c2030b737,0x01504080
0x015075B0,hkpPointToPathConstraintData::hkpPointToPathConstraintData,AE-bytesig-port,e555c6c0e7aba3e9e4801c2e5e11e3a76b42ce080683b4b9c1cf074c2030b737,0x015074B0
0x015091A0,hkVariantDataUtil::GetVariantWithMostDerivedClass,AE-bytesig-port,e555c6c0e7aba3e9e4801c2e5e11e3a76b42ce080683b4b9c1cf074c2030b737,0x015090A0
0x0150B830,hkMemoryStreamReader::hkMemoryStreamReader,AE-bytesig-port,e555c6c0e7aba3e9e4801c2e5e11e3a76b42ce080683b4b9c1cf074c2030b737,0x0150B730
0x0150D290,hkTypeManager::hkTypeManager,AE-bytesig-port,e555c6c0e7aba3e9e4801c2e5e11e3a76b42ce080683b4b9c1cf074c2030b737,0x0150D190
0x0150D420,hkTypeManager::_AddBuiltIn,AE-bytesig-port,e555c6c0e7aba3e9e4801c2e5e11e3a76b42ce080683b4b9c1cf074c2030b737,0x0150D320
0x0150D460,hkTypeManager::_AddType,AE-bytesig-port,e555c6c0e7aba3e9e4801c2e5e11e3a76b42ce080683b4b9c1cf074c2030b737,0x0150D360
0x01539C90,hkgpConvexHullImpl::Build,AE-bytesig-port,e555c6c0e7aba3e9e4801c2e5e11e3a76b42ce080683b4b9c1cf074c2030b737,0x01539B90
0x0153B5F0,hkgpConvexHullImpl::FlushPending,AE-bytesig-port,e555c6c0e7aba3e9e4801c2e5e11e3a76b42ce080683b4b9c1cf074c2030b737,0x0153B4F0
0x0156A370,hkVisualDebugger::Serve,AE-bytesig-port,e555c6c0e7aba3e9e4801c2e5e11e3a76b42ce080683b4b9c1cf074c2030b737,0x0156A270
0x0156A550,hkVisualDebugger::Capture,AE-bytesig-port,e555c6c0e7aba3e9e4801c2e5e11e3a76b42ce080683b4b9c1cf074c2030b737,0x0156A450
0x0156AAD0,hkVisualDebugger::Shutdown,AE-bytesig-port,e555c6c0e7aba3e9e4801c2e5e11e3a76b42ce080683b4b9c1cf074c2030b737,0x0156A9D0
0x0156AC00,hkVisualDebugger::ClearDefaultAndRequiredProcesses,AE-bytesig-port,e555c6c0e7aba3e9e4801c2e5e11e3a76b42ce080683b4b9c1cf074c2030b737,0x0156AB00
0x0156ACA0,hkVisualDebugger::AddDefaultProcess,AE-bytesig-port,e555c6c0e7aba3e9e4801c2e5e11e3a76b42ce080683b4b9c1cf074c2030b737,0x0156ABA0
0x0156AD30,hkVisualDebugger::RemoveDefaultProcess,AE-bytesig-port,e555c6c0e7aba3e9e4801c2e5e11e3a76b42ce080683b4b9c1cf074c2030b737,0x0156AC30
0x0156AE90,hkVisualDebugger::AddRequiredProcess,AE-bytesig-port,e555c6c0e7aba3e9e4801c2e5e11e3a76b42ce080683b4b9c1cf074c2030b737,0x0156AD90
0x0156AF20,hkVisualDebugger::AddTrackedObject,AE-bytesig-port,e555c6c0e7aba3e9e4801c2e5e11e3a76b42ce080683b4b9c1cf074c2030b737,0x0156AE20
0x0156AFF0,hkVisualDebugger::RemoveTrackedObject,AE-bytesig-port,e555c6c0e7aba3e9e4801c2e5e11e3a76b42ce080683b4b9c1cf074c2030b737,0x0156AEF0
0x0156B0F0,hkVisualDebugger::CreateRequiredAndDefaultProcessList,AE-bytesig-port,e555c6c0e7aba3e9e4801c2e5e11e3a76b42ce080683b4b9c1cf074c2030b737,0x0156AFF0
0x0156B540,hkVisualDebugger::PollForNewClients,AE-bytesig-port,e555c6c0e7aba3e9e4801c2e5e11e3a76b42ce080683b4b9c1cf074c2030b737,0x0156B440
0x0156B660,hkVisualDebugger::hkVisualDebugger_dtor,AE-bytesig-port,e555c6c0e7aba3e9e4801c2e5e11e3a76b42ce080683b4b9c1cf074c2030b737,0x0156B560
0x0156B9F0,hkVisualDebugger::GetCurrentProcessByName,AE-bytesig-port,e555c6c0e7aba3e9e4801c2e5e11e3a76b42ce080683b4b9c1cf074c2030b737,0x0156B8F0
0x0156BB00,hkVisualDebugger::AddContext,AE-bytesig-port,e555c6c0e7aba3e9e4801c2e5e11e3a76b42ce080683b4b9c1cf074c2030b737,0x0156BA00
0x0156BBF0,hkVisualDebugger::AddTrackedObjectCallback,AE-bytesig-port,e555c6c0e7aba3e9e4801c2e5e11e3a76b42ce080683b4b9c1cf074c2030b737,0x0156BAF0
0x0156BD30,hkVisualDebugger::DeleteClient,AE-bytesig-port,e555c6c0e7aba3e9e4801c2e5e11e3a76b42ce080683b4b9c1cf074c2030b737,0x0156BC30
0x0156BE40,hkVisualDebugger::CreateClient,AE-bytesig-port,e555c6c0e7aba3e9e4801c2e5e11e3a76b42ce080683b4b9c1cf074c2030b737,0x0156BD40
0x0156C0A0,hkVisualDebugger::WriteStep,AE-bytesig-port,e555c6c0e7aba3e9e4801c2e5e11e3a76b42ce080683b4b9c1cf074c2030b737,0x0156BFA0
0x0156DF90,hkProcessFactory::hkProcessFactory,AE-bytesig-port,e555c6c0e7aba3e9e4801c2e5e11e3a76b42ce080683b4b9c1cf074c2030b737,0x0156DE90
0x0156E020,hkProcessFactory::hkProcessFactory_dtor,AE-bytesig-port,e555c6c0e7aba3e9e4801c2e5e11e3a76b42ce080683b4b9c1cf074c2030b737,0x0156DF20
0x0156E0F0,hkProcessFactory::RegisterProcess,AE-bytesig-port,e555c6c0e7aba3e9e4801c2e5e11e3a76b42ce080683b4b9c1cf074c2030b737,0x0156DFF0
0x0156E230,hkProcessFactory::GetProcessName,AE-bytesig-port,e555c6c0e7aba3e9e4801c2e5e11e3a76b42ce080683b4b9c1cf074c2030b737,0x0156E130
0x0156E280,hkProcessFactory::GetProcessId,AE-bytesig-port,e555c6c0e7aba3e9e4801c2e5e11e3a76b42ce080683b4b9c1cf074c2030b737,0x0156E180
0x0156E320,hkProcessFactory::CreateProcess,AE-bytesig-port,e555c6c0e7aba3e9e4801c2e5e11e3a76b42ce080683b4b9c1cf074c2030b737,0x0156E220
0x0156E410,hkProcessFactoryCreate,AE-bytesig-port,e555c6c0e7aba3e9e4801c2e5e11e3a76b42ce080683b4b9c1cf074c2030b737,0x0156E310
0x0157E690,hkFreeList::hkFreeList,AE-bytesig-port,e555c6c0e7aba3e9e4801c2e5e11e3a76b42ce080683b4b9c1cf074c2030b737,0x0157E590
0x0157EE10,hkFreeList::AddSpace,AE-bytesig-port,e555c6c0e7aba3e9e4801c2e5e11e3a76b42ce080683b4b9c1cf074c2030b737,0x0157ED10
0x0157F210,hkFreeList::_Init,AE-bytesig-port,e555c6c0e7aba3e9e4801c2e5e11e3a76b42ce080683b4b9c1cf074c2030b737,0x0157F110
0x015F09E0,hknpCharacterProxy::AddCharacterProperty,AE-bytesig-port,e555c6c0e7aba3e9e4801c2e5e11e3a76b42ce080683b4b9c1cf074c2030b737,0x015F08E0
0x015F67D0,hkProcessRegisterUtil::RegisterAllCommonProcesses,AE-bytesig-port,e555c6c0e7aba3e9e4801c2e5e11e3a76b42ce080683b4b9c1cf074c2030b737,0x015F66D0
0x015F73B0,hkVersionReporter::SendVersionInformation,AE-bytesig-port,e555c6c0e7aba3e9e4801c2e5e11e3a76b42ce080683b4b9c1cf074c2030b737,0x015F72B0
0x015F7590,hkVersionReporter::SendStructureLayout,AE-bytesig-port,e555c6c0e7aba3e9e4801c2e5e11e3a76b42ce080683b4b9c1cf074c2030b737,0x015F7490
0x01605D20,hkInspectProcess::Create,AE-bytesig-port,e555c6c0e7aba3e9e4801c2e5e11e3a76b42ce080683b4b9c1cf074c2030b737,0x01605C20
0x01606AC0,hkMemorySnapshotProcess::Create,AE-bytesig-port,e555c6c0e7aba3e9e4801c2e5e11e3a76b42ce080683b4b9c1cf074c2030b737,0x016069C0
0x01607110,hkRemoteObjectProcess::Create,AE-bytesig-port,e555c6c0e7aba3e9e4801c2e5e11e3a76b42ce080683b4b9c1cf074c2030b737,0x01607010
0x01607240,hkStatisticsProcess::Create,AE-bytesig-port,e555c6c0e7aba3e9e4801c2e5e11e3a76b42ce080683b4b9c1cf074c2030b737,0x01607140
0x0162DA70,BSSoundHandle::PlayAfter,AE-bytesig-port,e555c6c0e7aba3e9e4801c2e5e11e3a76b42ce080683b4b9c1cf074c2030b737,0x0162D970
0x0162DAC0,BSSoundHandle::Pause,AE-bytesig-port,e555c6c0e7aba3e9e4801c2e5e11e3a76b42ce080683b4b9c1cf074c2030b737,0x0162D9C0
0x0162DB00,BSSoundHandle::Stop,AE-bytesig-port,e555c6c0e7aba3e9e4801c2e5e11e3a76b42ce080683b4b9c1cf074c2030b737,0x0162DA00
0x0162DB40,BSSoundHandle::IsPlaying,AE-bytesig-port,e555c6c0e7aba3e9e4801c2e5e11e3a76b42ce080683b4b9c1cf074c2030b737,0x0162DA40
0x0162DB90,BSSoundHandle::IsPaused,AE-bytesig-port,e555c6c0e7aba3e9e4801c2e5e11e3a76b42ce080683b4b9c1cf074c2030b737,0x0162DA90
0x0162DBE0,BSSoundHandle::IsValid,AE-bytesig-port,e555c6c0e7aba3e9e4801c2e5e11e3a76b42ce080683b4b9c1cf074c2030b737,0x0162DAE0
0x0162DC10,BSSoundHandle::GetSoundType,AE-bytesig-port,e555c6c0e7aba3e9e4801c2e5e11e3a76b42ce080683b4b9c1cf074c2030b737,0x0162DB10
0x0162DC40,BSSoundHandle::GetLoopType,AE-bytesig-port,e555c6c0e7aba3e9e4801c2e5e11e3a76b42ce080683b4b9c1cf074c2030b737,0x0162DB40
0x0162DCB0,BSSoundHandle::IsEnvelopeLoop,AE-bytesig-port,e555c6c0e7aba3e9e4801c2e5e11e3a76b42ce080683b4b9c1cf074c2030b737,0x0162DBB0
0x0162DD00,BSSoundHandle::SetSoundCategory,AE-bytesig-port,e555c6c0e7aba3e9e4801c2e5e11e3a76b42ce080683b4b9c1cf074c2030b737,0x0162DC00
0x0162DD50,BSSoundHandle::SetOutputModel,AE-bytesig-port,e555c6c0e7aba3e9e4801c2e5e11e3a76b42ce080683b4b9c1cf074c2030b737,0x0162DC50
0x0162DD90,BSSoundHandle::SetEffectChain,AE-bytesig-port,e555c6c0e7aba3e9e4801c2e5e11e3a76b42ce080683b4b9c1cf074c2030b737,0x0162DC90
0x0162DDD0,BSSoundHandle::SetReverbIndex,AE-bytesig-port,e555c6c0e7aba3e9e4801c2e5e11e3a76b42ce080683b4b9c1cf074c2030b737,0x0162DCD0
0x0162DE10,BSSoundHandle::GetVolume,AE-bytesig-port,e555c6c0e7aba3e9e4801c2e5e11e3a76b42ce080683b4b9c1cf074c2030b737,0x0162DD10
0x0162DE40,BSSoundHandle::SetVolume,AE-bytesig-port,e555c6c0e7aba3e9e4801c2e5e11e3a76b42ce080683b4b9c1cf074c2030b737,0x0162DD40
0x0162DE90,BSSoundHandle::SetFadeVolume,AE-bytesig-port,e555c6c0e7aba3e9e4801c2e5e11e3a76b42ce080683b4b9c1cf074c2030b737,0x0162DD90
0x0162DF00,BSSoundHandle::SetFrequency,AE-bytesig-port,e555c6c0e7aba3e9e4801c2e5e11e3a76b42ce080683b4b9c1cf074c2030b737,0x0162DE00
0x0162DF50,BSSoundHandle::SetFrequencyVariance,AE-bytesig-port,e555c6c0e7aba3e9e4801c2e5e11e3a76b42ce080683b4b9c1cf074c2030b737,0x0162DE50
0x0162DFA0,BSSoundHandle::SetStaticAttenuation,AE-bytesig-port,e555c6c0e7aba3e9e4801c2e5e11e3a76b42ce080683b4b9c1cf074c2030b737,0x0162DEA0
0x0162DFF0,BSSoundHandle::GetDuration,AE-bytesig-port,e555c6c0e7aba3e9e4801c2e5e11e3a76b42ce080683b4b9c1cf074c2030b737,0x0162DEF0
0x0162E020,BSSoundHandle::IsReady,AE-bytesig-port,e555c6c0e7aba3e9e4801c2e5e11e3a76b42ce080683b4b9c1cf074c2030b737,0x0162DF20
0x0162E070,BSSoundHandle::SetPosition,AE-bytesig-port,e555c6c0e7aba3e9e4801c2e5e11e3a76b42ce080683b4b9c1cf074c2030b737,0x0162DF70
0x0162E0C0,BSSoundHandle::SetBeamEnd,AE-bytesig-port,e555c6c0e7aba3e9e4801c2e5e11e3a76b42ce080683b4b9c1cf074c2030b737,0x0162DFC0
0x0162E110,BSSoundHandle::SetObjectToFollow,AE-bytesig-port,e555c6c0e7aba3e9e4801c2e5e11e3a76b42ce080683b4b9c1cf074c2030b737,0x0162E010
0x0162E170,BSSoundHandle::ClearFollowedObject,AE-bytesig-port,e555c6c0e7aba3e9e4801c2e5e11e3a76b42ce080683b4b9c1cf074c2030b737,0x0162E070
0x0162E1A0,BSSoundHandle::Seek,AE-bytesig-port,e555c6c0e7aba3e9e4801c2e5e11e3a76b42ce080683b4b9c1cf074c2030b737,0x0162E0A0
0x0162E1E0,BSSoundHandle::GetPlaybackPosition,AE-bytesig-port,e555c6c0e7aba3e9e4801c2e5e11e3a76b42ce080683b4b9c1cf074c2030b737,0x0162E0E0
0x0162E210,BSSoundHandle::SetFollowsListener,AE-bytesig-port,e555c6c0e7aba3e9e4801c2e5e11e3a76b42ce080683b4b9c1cf074c2030b737,0x0162E110
0x0162E250,BSSoundHandle::SetCompletionCallback,AE-bytesig-port,e555c6c0e7aba3e9e4801c2e5e11e3a76b42ce080683b4b9c1cf074c2030b737,0x0162E150
0x0162E2C0,BSSoundHandle::Release,AE-bytesig-port,e555c6c0e7aba3e9e4801c2e5e11e3a76b42ce080683b4b9c1cf074c2030b737,0x0162E1C0
0x0162E320,BSSoundHandle::NonForwardingRelease,AE-bytesig-port,e555c6c0e7aba3e9e4801c2e5e11e3a76b42ce080683b4b9c1cf074c2030b737,0x0162E220
0x0162E380,BSSoundHandle::FadeTo,AE-bytesig-port,e555c6c0e7aba3e9e4801c2e5e11e3a76b42ce080683b4b9c1cf074c2030b737,0x0162E280
0x0162E3F0,BSSoundHandle::FadeInPlay,AE-bytesig-port,e555c6c0e7aba3e9e4801c2e5e11e3a76b42ce080683b4b9c1cf074c2030b737,0x0162E2F0
0x0162E4E0,BSSoundHandle::SetPriority,AE-bytesig-port,e555c6c0e7aba3e9e4801c2e5e11e3a76b42ce080683b4b9c1cf074c2030b737,0x0162E3E0
0x0162FE40,BSAudioManager::GetSoundHandleByFile,AE-bytesig-port,e555c6c0e7aba3e9e4801c2e5e11e3a76b42ce080683b4b9c1cf074c2030b737,0x0162FD40
0x01630B50,BSAudioManager::PlayAfter,AE-bytesig-port,e555c6c0e7aba3e9e4801c2e5e11e3a76b42ce080683b4b9c1cf074c2030b737,0x01630A50
0x01630E00,BSAudioManager::FadeTo,AE-bytesig-port,e555c6c0e7aba3e9e4801c2e5e11e3a76b42ce080683b4b9c1cf074c2030b737,0x01630D00
0x01630F50,BSAudioManager::FadeInPlay,AE-bytesig-port,e555c6c0e7aba3e9e4801c2e5e11e3a76b42ce080683b4b9c1cf074c2030b737,0x01630E50
0x01631540,BSAudioManager::SetSoundCategory,AE-bytesig-port,e555c6c0e7aba3e9e4801c2e5e11e3a76b42ce080683b4b9c1cf074c2030b737,0x01631440
0x016315C0,BSAudioManager::SetEffectChain,AE-bytesig-port,e555c6c0e7aba3e9e4801c2e5e11e3a76b42ce080683b4b9c1cf074c2030b737,0x016314C0
0x01631600,BSAudioManager::GetVolume,AE-bytesig-port,e555c6c0e7aba3e9e4801c2e5e11e3a76b42ce080683b4b9c1cf074c2030b737,0x01631500
0x01631700,BSAudioManager::SetFadeVolume,AE-bytesig-port,e555c6c0e7aba3e9e4801c2e5e11e3a76b42ce080683b4b9c1cf074c2030b737,0x01631600
0x01631A30,BSAudioManager::SetFrequencyVariance,AE-bytesig-port,e555c6c0e7aba3e9e4801c2e5e11e3a76b42ce080683b4b9c1cf074c2030b737,0x01631930
0x01631B20,BSAudioManager::SetPosition,AE-bytesig-port,e555c6c0e7aba3e9e4801c2e5e11e3a76b42ce080683b4b9c1cf074c2030b737,0x01631A20
0x01631B50,BSAudioManager::SetBeamEnd,AE-bytesig-port,e555c6c0e7aba3e9e4801c2e5e11e3a76b42ce080683b4b9c1cf074c2030b737,0x01631A50
0x01631B80,BSAudioManager::SetStaticAttenuation,AE-bytesig-port,e555c6c0e7aba3e9e4801c2e5e11e3a76b42ce080683b4b9c1cf074c2030b737,0x01631A80
0x01631BD0,BSAudioManager::IsValid,AE-bytesig-port,e555c6c0e7aba3e9e4801c2e5e11e3a76b42ce080683b4b9c1cf074c2030b737,0x01631AD0
0x01631C80,BSAudioManager::Release,AE-bytesig-port,e555c6c0e7aba3e9e4801c2e5e11e3a76b42ce080683b4b9c1cf074c2030b737,0x01631B80
0x01631CC0,BSAudioManager::NonForwardingRelease,AE-bytesig-port,e555c6c0e7aba3e9e4801c2e5e11e3a76b42ce080683b4b9c1cf074c2030b737,0x01631BC0
0x01631D00,BSAudioManager::SetCompletionCallback,AE-bytesig-port,e555c6c0e7aba3e9e4801c2e5e11e3a76b42ce080683b4b9c1cf074c2030b737,0x01631C00
0x01631D40,BSAudioManager::SetObjectToFollow,AE-bytesig-port,e555c6c0e7aba3e9e4801c2e5e11e3a76b42ce080683b4b9c1cf074c2030b737,0x01631C40
0x01631F70,BSAudioManager::SetAtListener,AE-bytesig-port,e555c6c0e7aba3e9e4801c2e5e11e3a76b42ce080683b4b9c1cf074c2030b737,0x01631E70
0x01632280,BSAudioManager::GetListenerDistance,AE-bytesig-port,e555c6c0e7aba3e9e4801c2e5e11e3a76b42ce080683b4b9c1cf074c2030b737,0x01632180
0x01637500,BSAudioManager::AcquireMessage,AE-bytesig-port,e555c6c0e7aba3e9e4801c2e5e11e3a76b42ce080683b4b9c1cf074c2030b737,0x01637400
0x01638700,BSAudioManager::GetMultisoundMasterID,AE-bytesig-port,e555c6c0e7aba3e9e4801c2e5e11e3a76b42ce080683b4b9c1cf074c2030b737,0x01638600
0x01656E20,MemoryManager::CleanCompactingStore,AE-bytesig-port,e555c6c0e7aba3e9e4801c2e5e11e3a76b42ce080683b4b9c1cf074c2030b737,0x01656D20
0x01656E90,MemoryManager::CompactCompactingStore,AE-bytesig-port,e555c6c0e7aba3e9e4801c2e5e11e3a76b42ce080683b4b9c1cf074c2030b737,0x01656D90
0x01656F30,MemoryManager::GetThreadScrapHeap,AE-bytesig-port,e555c6c0e7aba3e9e4801c2e5e11e3a76b42ce080683b4b9c1cf074c2030b737,0x01656E30
0x016574B0,MemoryManager::GetHeapForPointer,AE-bytesig-port,e555c6c0e7aba3e9e4801c2e5e11e3a76b42ce080683b4b9c1cf074c2030b737,0x016573B0
0x01657610,MemoryManager::ProcessMemoryProblem,AE-bytesig-port,e555c6c0e7aba3e9e4801c2e5e11e3a76b42ce080683b4b9c1cf074c2030b737,0x01657510
0x016577D0,MemoryManager::AutoScrapBuffer::AutoScrapBuffer,AE-bytesig-port,e555c6c0e7aba3e9e4801c2e5e11e3a76b42ce080683b4b9c1cf074c2030b737,0x016576D0
0x01657AC0,MemoryManager::Allocate,AE-bytesig-port,e555c6c0e7aba3e9e4801c2e5e11e3a76b42ce080683b4b9c1cf074c2030b737,0x016579C0
0x01657D20,MemoryManager::Reallocate,AE-bytesig-port,e555c6c0e7aba3e9e4801c2e5e11e3a76b42ce080683b4b9c1cf074c2030b737,0x01657C20
0x01657F20,MemoryManager::Deallocate,AE-bytesig-port,e555c6c0e7aba3e9e4801c2e5e11e3a76b42ce080683b4b9c1cf074c2030b737,0x01657E20
0x01658090,MemoryManager::UpdateInitState,AE-bytesig-port,e555c6c0e7aba3e9e4801c2e5e11e3a76b42ce080683b4b9c1cf074c2030b737,0x01657F90
0x01658C40,BSCRC32::GenerateCRC,AE-bytesig-port,e555c6c0e7aba3e9e4801c2e5e11e3a76b42ce080683b4b9c1cf074c2030b737,0x01658B40
0x016592F0,BSReadWriteLock::try_lock_read,AE-bytesig-port,e555c6c0e7aba3e9e4801c2e5e11e3a76b42ce080683b4b9c1cf074c2030b737,0x016591F0
0x01659580,BSTArrayBase::MoveItems,AE-bytesig-port,e555c6c0e7aba3e9e4801c2e5e11e3a76b42ce080683b4b9c1cf074c2030b737,0x01659480
0x01659620,BSTArrayBase::AddUninitialized,AE-bytesig-port,e555c6c0e7aba3e9e4801c2e5e11e3a76b42ce080683b4b9c1cf074c2030b737,0x01659520
0x016596B0,BSTArrayBase::InsertUninitialized,AE-bytesig-port,e555c6c0e7aba3e9e4801c2e5e11e3a76b42ce080683b4b9c1cf074c2030b737,0x016595B0
0x01659810,BSTArrayBase::SetAllocSize,AE-bytesig-port,e555c6c0e7aba3e9e4801c2e5e11e3a76b42ce080683b4b9c1cf074c2030b737,0x01659710
0x016598D0,BSTArrayHeapAllocator::Allocate,AE-bytesig-port,e555c6c0e7aba3e9e4801c2e5e11e3a76b42ce080683b4b9c1cf074c2030b737,0x016597D0
0x01659950,BSTArrayHeapAllocator::Reallocate,AE-bytesig-port,e555c6c0e7aba3e9e4801c2e5e11e3a76b42ce080683b4b9c1cf074c2030b737,0x01659850
0x01659DF0,BSScrapArrayAllocator::Deallocate,AE-bytesig-port,e555c6c0e7aba3e9e4801c2e5e11e3a76b42ce080683b4b9c1cf074c2030b737,0x01659CF0
0x0165B060,BSRandom::UnsignedInt,AE-bytesig-port,e555c6c0e7aba3e9e4801c2e5e11e3a76b42ce080683b4b9c1cf074c2030b737,0x0165AF60
0x0165B140,BSRandom::Int,AE-bytesig-port,e555c6c0e7aba3e9e4801c2e5e11e3a76b42ce080683b4b9c1cf074c2030b737,0x0165B040
0x0165B1B0,BSRandom::Float,AE-bytesig-port,e555c6c0e7aba3e9e4801c2e5e11e3a76b42ce080683b4b9c1cf074c2030b737,0x0165B0B0
0x0165B8F0,BSTimer::Enable,AE-bytesig-port,e555c6c0e7aba3e9e4801c2e5e11e3a76b42ce080683b4b9c1cf074c2030b737,0x0165B7F0
0x0165B940,BSTimer::Disable,AE-bytesig-port,e555c6c0e7aba3e9e4801c2e5e11e3a76b42ce080683b4b9c1cf074c2030b737,0x0165B840
0x0165BF20,ScrapHeap::Allocate,AE-bytesig-port,e555c6c0e7aba3e9e4801c2e5e11e3a76b42ce080683b4b9c1cf074c2030b737,0x0165BE20
0x0165C4F0,ScrapHeap::Deallocate,AE-bytesig-port,e555c6c0e7aba3e9e4801c2e5e11e3a76b42ce080683b4b9c1cf074c2030b737,0x0165C3F0
0x0165D290,BSThread::BSThread,AE-bytesig-port,e555c6c0e7aba3e9e4801c2e5e11e3a76b42ce080683b4b9c1cf074c2030b737,0x0165D190
0x0165D340,BSThread::Initialize,AE-bytesig-port,e555c6c0e7aba3e9e4801c2e5e11e3a76b42ce080683b4b9c1cf074c2030b737,0x0165D240
0x0165EE20,CompactingStore::Store::FlushBatchDeallocates,AE-bytesig-port,e555c6c0e7aba3e9e4801c2e5e11e3a76b42ce080683b4b9c1cf074c2030b737,0x0165ED20
0x0165F120,CompactingStore::Store::RequestDecommit,AE-bytesig-port,e555c6c0e7aba3e9e4801c2e5e11e3a76b42ce080683b4b9c1cf074c2030b737,0x0165F020
0x01660CB0,CompactingStore::BatchDeallocateOperation::BatchDeallocateOperation,AE-bytesig-port,e555c6c0e7aba3e9e4801c2e5e11e3a76b42ce080683b4b9c1cf074c2030b737,0x01660BB0
0x01660D00,CompactingStore::BatchDeallocateOperation::BatchDeallocateOperation_dtor,AE-bytesig-port,e555c6c0e7aba3e9e4801c2e5e11e3a76b42ce080683b4b9c1cf074c2030b737,0x01660C00
0x01667B60,BSInputEnableManager::BSInputEnableManager,AE-bytesig-port,e555c6c0e7aba3e9e4801c2e5e11e3a76b42ce080683b4b9c1cf074c2030b737,0x01667A60
0x016685A0,BSInputEnableManager::AllocateNewLayer,AE-bytesig-port,e555c6c0e7aba3e9e4801c2e5e11e3a76b42ce080683b4b9c1cf074c2030b737,0x016684A0
0x01668850,BSInputEnableManager::GetLayerFromIDAlways,AE-bytesig-port,e555c6c0e7aba3e9e4801c2e5e11e3a76b42ce080683b4b9c1cf074c2030b737,0x01668750
0x0166A690,BSInputEnableManager::AllocateNewLayerImpl,AE-bytesig-port,e555c6c0e7aba3e9e4801c2e5e11e3a76b42ce080683b4b9c1cf074c2030b737,0x0166A590
0x0166AA00,BSInputEnableLayer::DecRef,AE-bytesig-port,e555c6c0e7aba3e9e4801c2e5e11e3a76b42ce080683b4b9c1cf074c2030b737,0x0166A900
0x0166E570,ControlMap::ControlMap,AE-bytesig-port,e555c6c0e7aba3e9e4801c2e5e11e3a76b42ce080683b4b9c1cf074c2030b737,0x0166E470
0x0166EA10,ControlMap::RemapButton,AE-bytesig-port,e555c6c0e7aba3e9e4801c2e5e11e3a76b42ce080683b4b9c1cf074c2030b737,0x0166E910
0x0166EB20,ControlMap::SaveRemappings,AE-bytesig-port,e555c6c0e7aba3e9e4801c2e5e11e3a76b42ce080683b4b9c1cf074c2030b737,0x0166EA20
0x0166F430,ControlMap::PushInputContext,AE-bytesig-port,e555c6c0e7aba3e9e4801c2e5e11e3a76b42ce080683b4b9c1cf074c2030b737,0x0166F330
0x0166F500,ControlMap::PopInputContext,AE-bytesig-port,e555c6c0e7aba3e9e4801c2e5e11e3a76b42ce080683b4b9c1cf074c2030b737,0x0166F400
0x01672480,BSInputDeviceManager::SetInputDeviceLightState,AE-bytesig-port,e555c6c0e7aba3e9e4801c2e5e11e3a76b42ce080683b4b9c1cf074c2030b737,0x01672380
0x016735D0,ButtonEvent::Init,AE-bytesig-port,e555c6c0e7aba3e9e4801c2e5e11e3a76b42ce080683b4b9c1cf074c2030b737,0x016734D0
0x01679000,NiFile::DiskRead,AE-bytesig-port,e555c6c0e7aba3e9e4801c2e5e11e3a76b42ce080683b4b9c1cf074c2030b737,0x01678F00
0x01679090,NiFile::NiFile,AE-bytesig-port,e555c6c0e7aba3e9e4801c2e5e11e3a76b42ce080683b4b9c1cf074c2030b737,0x01678F90
0x01679CA0,NiStaticDataManager::Init,AE-bytesig-port,e555c6c0e7aba3e9e4801c2e5e11e3a76b42ce080683b4b9c1cf074c2030b737,0x01679BA0
0x0167DA00,BSStringPool::GetEntry_char,AE-bytesig-port,e555c6c0e7aba3e9e4801c2e5e11e3a76b42ce080683b4b9c1cf074c2030b737,0x0167D900
0x0167DF80,BSStringPool::GetEntry_wchar,AE-bytesig-port,e555c6c0e7aba3e9e4801c2e5e11e3a76b42ce080683b4b9c1cf074c2030b737,0x0167DE80
0x0167EC00,FilePathUtilities::SplitExt,AE-bytesig-port,e555c6c0e7aba3e9e4801c2e5e11e3a76b42ce080683b4b9c1cf074c2030b737,0x0167EAE0
0x0167ED90,FilePathUtilities::NormPath,AE-bytesig-port,e555c6c0e7aba3e9e4801c2e5e11e3a76b42ce080683b4b9c1cf074c2030b737,0x0167EC70
0x0167F530,FindLastSlash,AE-bytesig-port,e555c6c0e7aba3e9e4801c2e5e11e3a76b42ce080683b4b9c1cf074c2030b737,0x0167F410
0x0167FEF0,BSSystemFile::BSSystemFile,AE-bytesig-port,e555c6c0e7aba3e9e4801c2e5e11e3a76b42ce080683b4b9c1cf074c2030b737,0x0167FDD0
0x01680310,BSSystemFile::operator_assign,AE-bytesig-port,e555c6c0e7aba3e9e4801c2e5e11e3a76b42ce080683b4b9c1cf074c2030b737,0x016801F0
0x016809F0,BSSystemFile::DoGetSize,AE-bytesig-port,e555c6c0e7aba3e9e4801c2e5e11e3a76b42ce080683b4b9c1cf074c2030b737,0x016808D0
0x01680BE0,BSSystemFile::DoGetInfo,AE-bytesig-port,e555c6c0e7aba3e9e4801c2e5e11e3a76b42ce080683b4b9c1cf074c2030b737,0x01680AC0
0x01681060,BSSystemFileStreamer::GetIDForPath,AE-bytesig-port,e555c6c0e7aba3e9e4801c2e5e11e3a76b42ce080683b4b9c1cf074c2030b737,0x01680F40
0x016834D0,BSSystemFileStreamer::Streamer::RegisterPath,AE-bytesig-port,e555c6c0e7aba3e9e4801c2e5e11e3a76b42ce080683b4b9c1cf074c2030b737,0x016833B0
0x01687290,FileFinder::AddPath,AE-bytesig-port,e555c6c0e7aba3e9e4801c2e5e11e3a76b42ce080683b4b9c1cf074c2030b737,0x01687170
0x01687B30,BSJobs::JobList::JobList,AE-bytesig-port,e555c6c0e7aba3e9e4801c2e5e11e3a76b42ce080683b4b9c1cf074c2030b737,0x01687A10
0x01688030,BSJobs::JobList::AddJob,AE-bytesig-port,e555c6c0e7aba3e9e4801c2e5e11e3a76b42ce080683b4b9c1cf074c2030b737,0x01687F10
0x016883F0,BSJobs::InitSystem,AE-bytesig-port,e555c6c0e7aba3e9e4801c2e5e11e3a76b42ce080683b4b9c1cf074c2030b737,0x016882D0
0x01688710,BSJobs::GetCPUInfo,AE-bytesig-port,e555c6c0e7aba3e9e4801c2e5e11e3a76b42ce080683b4b9c1cf074c2030b737,0x016885F0
0x0168B160,BSFile::PageCache::PageCache,AE-bytesig-port,e555c6c0e7aba3e9e4801c2e5e11e3a76b42ce080683b4b9c1cf074c2030b737,0x0168B040
0x0168BA80,BSFile::BSFile,AE-bytesig-port,e555c6c0e7aba3e9e4801c2e5e11e3a76b42ce080683b4b9c1cf074c2030b737,0x0168B960
0x0168BD80,BSFile::EnableReadThroughStreamer,AE-bytesig-port,e555c6c0e7aba3e9e4801c2e5e11e3a76b42ce080683b4b9c1cf074c2030b737,0x0168BC60
0x0168CF80,BSFile::SetPageCache,AE-bytesig-port,e555c6c0e7aba3e9e4801c2e5e11e3a76b42ce080683b4b9c1cf074c2030b737,0x0168CE60
0x0168D2E0,BSFile::AllocateBuffer,AE-bytesig-port,e555c6c0e7aba3e9e4801c2e5e11e3a76b42ce080683b4b9c1cf074c2030b737,0x0168D1C0
0x016959A0,BSTaskJobber::Initialize,AE-bytesig-port,e555c6c0e7aba3e9e4801c2e5e11e3a76b42ce080683b4b9c1cf074c2030b737,0x01695880
0x01697C80,BSThreadStagesManager::InitStages,AE-bytesig-port,e555c6c0e7aba3e9e4801c2e5e11e3a76b42ce080683b4b9c1cf074c2030b737,0x01697B60
0x0169B420,BSResource::ID::ID,AE-bytesig-port,e555c6c0e7aba3e9e4801c2e5e11e3a76b42ce080683b4b9c1cf074c2030b737,0x0169B300
0x0169B7F0,BSResource::ID::GenerateFromPath,AE-bytesig-port,e555c6c0e7aba3e9e4801c2e5e11e3a76b42ce080683b4b9c1cf074c2030b737,0x0169B6D0
0x0169BA60,BSResource::RegisterArchiveRegisteredEventSink,AE-bytesig-port,e555c6c0e7aba3e9e4801c2e5e11e3a76b42ce080683b4b9c1cf074c2030b737,0x0169B940
0x0169BD90,BSResource::Archive2::Register,AE-bytesig-port,e555c6c0e7aba3e9e4801c2e5e11e3a76b42ce080683b4b9c1cf074c2030b737,0x0169BC70
0x0169E3A0,BSResource::SDirectory2::ReplicateTo,AE-bytesig-port,e555c6c0e7aba3e9e4801c2e5e11e3a76b42ce080683b4b9c1cf074c2030b737,0x0169E280
0x0169E9B0,BSResource::SDirectory2::Exists,AE-bytesig-port,e555c6c0e7aba3e9e4801c2e5e11e3a76b42ce080683b4b9c1cf074c2030b737,0x0169E890
0x0169EB30,BSResource::SDirectory2::ReplicateDirTo,AE-bytesig-port,e555c6c0e7aba3e9e4801c2e5e11e3a76b42ce080683b4b9c1cf074c2030b737,0x0169EA10
0x016A0860,BSResource::Archive2::Index::Entry::operator_assign,AE-bytesig-port,e555c6c0e7aba3e9e4801c2e5e11e3a76b42ce080683b4b9c1cf074c2030b737,0x016A0740
0x016A71D0,BSResource::EntryDBBaseUtil::RequestUserCreateAction,AE-bytesig-port,e555c6c0e7aba3e9e4801c2e5e11e3a76b42ce080683b4b9c1cf074c2030b737,0x016A70B0
0x016A79D0,BSResource::PrepareName,AE-bytesig-port,e555c6c0e7aba3e9e4801c2e5e11e3a76b42ce080683b4b9c1cf074c2030b737,0x016A78B0
0x016A7BB0,BSResource::InitSDM,AE-bytesig-port,e555c6c0e7aba3e9e4801c2e5e11e3a76b42ce080683b4b9c1cf074c2030b737,0x016A7A90
0x016A8010,BSResource::GetLocationRoot,AE-bytesig-port,e555c6c0e7aba3e9e4801c2e5e11e3a76b42ce080683b4b9c1cf074c2030b737,0x016A7EF0
0x016A81E0,BSResource::RegisterGlobalPath,AE-bytesig-port,e555c6c0e7aba3e9e4801c2e5e11e3a76b42ce080683b4b9c1cf074c2030b737,0x016A80C0
0x016A8250,BSResource::RegisterDBForExtension,AE-bytesig-port,e555c6c0e7aba3e9e4801c2e5e11e3a76b42ce080683b4b9c1cf074c2030b737,0x016A8130
0x016A87C0,BSResource::GetInfoAndLocation,AE-bytesig-port,e555c6c0e7aba3e9e4801c2e5e11e3a76b42ce080683b4b9c1cf074c2030b737,0x016A86A0
0x016A8960,BSResource::Exists,AE-bytesig-port,e555c6c0e7aba3e9e4801c2e5e11e3a76b42ce080683b4b9c1cf074c2030b737,0x016A8840
0x016A8A50,BSResource::ReplicateAt,AE-bytesig-port,e555c6c0e7aba3e9e4801c2e5e11e3a76b42ce080683b4b9c1cf074c2030b737,0x016A8930
0x016A8C00,BSResource::RegisterArchive,AE-bytesig-port,e555c6c0e7aba3e9e4801c2e5e11e3a76b42ce080683b4b9c1cf074c2030b737,0x016A8AE0
0x016A8CD0,BSResource::RegisterArchive2,AE-bytesig-port,e555c6c0e7aba3e9e4801c2e5e11e3a76b42ce080683b4b9c1cf074c2030b737,0x016A8BB0
0x016A8DE0,BSResource::RegisterPrefix,AE-bytesig-port,e555c6c0e7aba3e9e4801c2e5e11e3a76b42ce080683b4b9c1cf074c2030b737,0x016A8CC0
0x016B6EA0,NiMatrix3::ToEulerAnglesXYZ,AE-bytesig-port,e555c6c0e7aba3e9e4801c2e5e11e3a76b42ce080683b4b9c1cf074c2030b737,0x016B6D80
0x016B6FB0,NiMatrix3::ToEulerAnglesXZY,AE-bytesig-port,e555c6c0e7aba3e9e4801c2e5e11e3a76b42ce080683b4b9c1cf074c2030b737,0x016B6E90
0x016B70C0,NiMatrix3::ToEulerAnglesYXZ,AE-bytesig-port,e555c6c0e7aba3e9e4801c2e5e11e3a76b42ce080683b4b9c1cf074c2030b737,0x016B6FA0
0x016B71D0,NiMatrix3::ToEulerAnglesYZX,AE-bytesig-port,e555c6c0e7aba3e9e4801c2e5e11e3a76b42ce080683b4b9c1cf074c2030b737,0x016B70B0
0x016B72E0,NiMatrix3::ToEulerAnglesZYX,AE-bytesig-port,e555c6c0e7aba3e9e4801c2e5e11e3a76b42ce080683b4b9c1cf074c2030b737,0x016B71C0
0x016B75F0,NiMatrix3::FromEulerAnglesXYZ,AE-bytesig-port,e555c6c0e7aba3e9e4801c2e5e11e3a76b42ce080683b4b9c1cf074c2030b737,0x016B74D0
0x016B77B0,NiMatrix3::FromEulerAnglesXZY,AE-bytesig-port,e555c6c0e7aba3e9e4801c2e5e11e3a76b42ce080683b4b9c1cf074c2030b737,0x016B7690
0x016B7970,NiMatrix3::FromEulerAnglesYXZ,AE-bytesig-port,e555c6c0e7aba3e9e4801c2e5e11e3a76b42ce080683b4b9c1cf074c2030b737,0x016B7850
0x016B7B30,NiMatrix3::FromEulerAnglesYZX,AE-bytesig-port,e555c6c0e7aba3e9e4801c2e5e11e3a76b42ce080683b4b9c1cf074c2030b737,0x016B7A10
0x016B7CF0,NiMatrix3::FromEulerAnglesZYX,AE-bytesig-port,e555c6c0e7aba3e9e4801c2e5e11e3a76b42ce080683b4b9c1cf074c2030b737,0x016B7BD0
0x016B8120,NiMatrix3::TransposeTimes,AE-bytesig-port,e555c6c0e7aba3e9e4801c2e5e11e3a76b42ce080683b4b9c1cf074c2030b737,0x016B8000
0x016B8360,NiMatrix3::TransformVertices,AE-bytesig-port,e555c6c0e7aba3e9e4801c2e5e11e3a76b42ce080683b4b9c1cf074c2030b737,0x016B8240
0x016B8700,NiMatrix3::TransformNormals,AE-bytesig-port,e555c6c0e7aba3e9e4801c2e5e11e3a76b42ce080683b4b9c1cf074c2030b737,0x016B85E0
0x016B87E0,NiMatrix3::TransformVerticesAndNormals,AE-bytesig-port,e555c6c0e7aba3e9e4801c2e5e11e3a76b42ce080683b4b9c1cf074c2030b737,0x016B86C0
0x016B8B70,NiMatrix3::ToEulerAnglesZXY,AE-bytesig-port,e555c6c0e7aba3e9e4801c2e5e11e3a76b42ce080683b4b9c1cf074c2030b737,0x016B8A50
0x016B8CC0,NiMatrix3::FromEulerAnglesZXY,AE-bytesig-port,e555c6c0e7aba3e9e4801c2e5e11e3a76b42ce080683b4b9c1cf074c2030b737,0x016B8BA0
0x016B9840,BSResourceNiBinaryStream::BSResourceNiBinaryStream,AE-bytesig-port,e555c6c0e7aba3e9e4801c2e5e11e3a76b42ce080683b4b9c1cf074c2030b737,0x016B9720
0x016B9C80,BSResourceNiBinaryStream::Seek,AE-bytesig-port,e555c6c0e7aba3e9e4801c2e5e11e3a76b42ce080683b4b9c1cf074c2030b737,0x016B9B60
0x016B9CE0,BSResourceNiBinaryStream::GetBufferInfo,AE-bytesig-port,e555c6c0e7aba3e9e4801c2e5e11e3a76b42ce080683b4b9c1cf074c2030b737,0x016B9BC0
0x016B9D70,BSResourceNiBinaryStream::GetLine,AE-bytesig-port,e555c6c0e7aba3e9e4801c2e5e11e3a76b42ce080683b4b9c1cf074c2030b737,0x016B9C50
0x016BA820,NiObject::CopyMembers,AE-bytesig-port,e555c6c0e7aba3e9e4801c2e5e11e3a76b42ce080683b4b9c1cf074c2030b737,0x016BA700
0x016BA920,NiObject::Clone,AE-bytesig-port,e555c6c0e7aba3e9e4801c2e5e11e3a76b42ce080683b4b9c1cf074c2030b737,0x016BA800
0x016BAAF0,NiObject::ProcessClone,AE-bytesig-port,e555c6c0e7aba3e9e4801c2e5e11e3a76b42ce080683b4b9c1cf074c2030b737,0x016BA9D0
0x016BB9E0,NiExtraData::LoadBinary,AE-bytesig-port,e555c6c0e7aba3e9e4801c2e5e11e3a76b42ce080683b4b9c1cf074c2030b737,0x016BB8C0
0x016BBA30,NiExtraData::RegisterStreamables,AE-bytesig-port,e555c6c0e7aba3e9e4801c2e5e11e3a76b42ce080683b4b9c1cf074c2030b737,0x016BB910
0x016BBA80,NiExtraData::SaveBinary,AE-bytesig-port,e555c6c0e7aba3e9e4801c2e5e11e3a76b42ce080683b4b9c1cf074c2030b737,0x016BB960
0x016BBAC0,NiExtraData::IsEqual,AE-bytesig-port,e555c6c0e7aba3e9e4801c2e5e11e3a76b42ce080683b4b9c1cf074c2030b737,0x016BB9A0
0x016BCE70,NiObjectNET::AddExtraData,AE-bytesig-port,e555c6c0e7aba3e9e4801c2e5e11e3a76b42ce080683b4b9c1cf074c2030b737,0x016BCD50
0x016BD1D0,NiObjectNET::GetExtraData,AE-bytesig-port,e555c6c0e7aba3e9e4801c2e5e11e3a76b42ce080683b4b9c1cf074c2030b737,0x016BD0B0
0x016BD2F0,NiObjectNET::RemoveExtraData,AE-bytesig-port,e555c6c0e7aba3e9e4801c2e5e11e3a76b42ce080683b4b9c1cf074c2030b737,0x016BD1D0
0x016BD3E0,NiObjectNET::PrependController,AE-bytesig-port,e555c6c0e7aba3e9e4801c2e5e11e3a76b42ce080683b4b9c1cf074c2030b737,0x016BD2C0
0x016BD4B0,NiObjectNET::RemoveController,AE-bytesig-port,e555c6c0e7aba3e9e4801c2e5e11e3a76b42ce080683b4b9c1cf074c2030b737,0x016BD390
0x016BD5E0,NiObjectNET::InsertExtraData,AE-bytesig-port,e555c6c0e7aba3e9e4801c2e5e11e3a76b42ce080683b4b9c1cf074c2030b737,0x016BD4C0
0x016BD700,NiObjectNET::GetController,AE-bytesig-port,e555c6c0e7aba3e9e4801c2e5e11e3a76b42ce080683b4b9c1cf074c2030b737,0x016BD5E0
0x016BD810,NiObjectNET::NiObjectNET,AE-bytesig-port,e555c6c0e7aba3e9e4801c2e5e11e3a76b42ce080683b4b9c1cf074c2030b737,0x016BD6F0
0x016BE100,NiNode::NiNode,AE-bytesig-port,e555c6c0e7aba3e9e4801c2e5e11e3a76b42ce080683b4b9c1cf074c2030b737,0x016BDFE0
0x016BE760,NiNode::DetachAllChildren,AE-bytesig-port,e555c6c0e7aba3e9e4801c2e5e11e3a76b42ce080683b4b9c1cf074c2030b737,0x016BE640
0x016C2F20,BSGeometrySegmentData::EnableSegment,AE-bytesig-port,e555c6c0e7aba3e9e4801c2e5e11e3a76b42ce080683b4b9c1cf074c2030b737,0x016C2E00
0x016C30B0,BSGeometrySegmentData::DisableSegment,AE-bytesig-port,e555c6c0e7aba3e9e4801c2e5e11e3a76b42ce080683b4b9c1cf074c2030b737,0x016C2F90
0x016C6090,BSFlattenedBoneTree::GetBoneByTransform,AE-bytesig-port,e555c6c0e7aba3e9e4801c2e5e11e3a76b42ce080683b4b9c1cf074c2030b737,0x016C5F70
0x016C6110,BSFlattenedBoneTree::GetBoneByName,AE-bytesig-port,e555c6c0e7aba3e9e4801c2e5e11e3a76b42ce080683b4b9c1cf074c2030b737,0x016C5FF0
0x016C6970,BSFlattenedBoneTree::GetOrCreateBoneNode,AE-bytesig-port,e555c6c0e7aba3e9e4801c2e5e11e3a76b42ce080683b4b9c1cf074c2030b737,0x016C6850
0x016C8170,NiAVObject::Update,AE-bytesig-port,e555c6c0e7aba3e9e4801c2e5e11e3a76b42ce080683b4b9c1cf074c2030b737,0x016C8050
0x016C81D0,NiAVObject::UpdateSelected,AE-bytesig-port,e555c6c0e7aba3e9e4801c2e5e11e3a76b42ce080683b4b9c1cf074c2030b737,0x016C80B0
0x016C8DF0,NiAVObject::NiAVObject,AE-bytesig-port,e555c6c0e7aba3e9e4801c2e5e11e3a76b42ce080683b4b9c1cf074c2030b737,0x016C8CD0
0x016CC880,NiPointLight::NiPointLight,AE-bytesig-port,e555c6c0e7aba3e9e4801c2e5e11e3a76b42ce080683b4b9c1cf074c2030b737,0x016CC760
0x016CCAC0,NiFastATan2,AE-bytesig-port,e555c6c0e7aba3e9e4801c2e5e11e3a76b42ce080683b4b9c1cf074c2030b737,0x016CC9A0
0x016CD2E0,NiQuaternion::FromEulerAnglesXYZ,AE-bytesig-port,e555c6c0e7aba3e9e4801c2e5e11e3a76b42ce080683b4b9c1cf074c2030b737,0x016CD1C0
0x016CD420,NiQuaternion::FromRotation,AE-bytesig-port,e555c6c0e7aba3e9e4801c2e5e11e3a76b42ce080683b4b9c1cf074c2030b737,0x016CD300
0x016D0DC0,NiCamera::WindowPointToRay,AE-bytesig-port,e555c6c0e7aba3e9e4801c2e5e11e3a76b42ce080683b4b9c1cf074c2030b737,0x016D0CA0
0x016D1060,NiCamera::ViewPointToRay,AE-bytesig-port,e555c6c0e7aba3e9e4801c2e5e11e3a76b42ce080683b4b9c1cf074c2030b737,0x016D0F40
0x016D2040,NiCamera::WorldPtToScreenPt3,AE-bytesig-port,e555c6c0e7aba3e9e4801c2e5e11e3a76b42ce080683b4b9c1cf074c2030b737,0x016D1F20
0x016D3F20,NiGeometryData::AllocateColors,AE-bytesig-port,e555c6c0e7aba3e9e4801c2e5e11e3a76b42ce080683b4b9c1cf074c2030b737,0x016D3E00
0x016D3FB0,NiGeometryData::AllocateTextures,AE-bytesig-port,e555c6c0e7aba3e9e4801c2e5e11e3a76b42ce080683b4b9c1cf074c2030b737,0x016D3E90
0x016D5FA0,NiBound::ComputeFromData,AE-bytesig-port,e555c6c0e7aba3e9e4801c2e5e11e3a76b42ce080683b4b9c1cf074c2030b737,0x016D5E80
0x016D8170,BSSkin::Instance::SetScales,AE-bytesig-port,e555c6c0e7aba3e9e4801c2e5e11e3a76b42ce080683b4b9c1cf074c2030b737,0x016D8050
0x016D96D0,NiLight::NiLight,AE-bytesig-port,e555c6c0e7aba3e9e4801c2e5e11e3a76b42ce080683b4b9c1cf074c2030b737,0x016D95B0
0x016DD7B0,NiStream::LoadFixedString,AE-bytesig-port,e555c6c0e7aba3e9e4801c2e5e11e3a76b42ce080683b4b9c1cf074c2030b737,0x016DD690
0x016DD850,NiStream::SaveFixedString,AE-bytesig-port,e555c6c0e7aba3e9e4801c2e5e11e3a76b42ce080683b4b9c1cf074c2030b737,0x016DD730
0x016DDF10,NiStream::ReadLinkID,AE-bytesig-port,e555c6c0e7aba3e9e4801c2e5e11e3a76b42ce080683b4b9c1cf074c2030b737,0x016DDDF0
0x016DE320,NiStream::RegisterLoader,AE-bytesig-port,e555c6c0e7aba3e9e4801c2e5e11e3a76b42ce080683b4b9c1cf074c2030b737,0x016DE200
0x016E41B0,NiDirectionalLight::NiDirectionalLight,AE-bytesig-port,e555c6c0e7aba3e9e4801c2e5e11e3a76b42ce080683b4b9c1cf074c2030b737,0x016E4090
0x016E4B60,BSDynamicTriShape::UpdateDynamicPositions,AE-bytesig-port,e555c6c0e7aba3e9e4801c2e5e11e3a76b42ce080683b4b9c1cf074c2030b737,0x016E4A40
0x016E56D0,DirectX::PackedVector::XMConvertFloatToHalfStream,AE-bytesig-port,e555c6c0e7aba3e9e4801c2e5e11e3a76b42ce080683b4b9c1cf074c2030b737,0x016E55B0
0x016E5EB0,NiIntegersExtraData::NiIntegersExtraData,AE-bytesig-port,e555c6c0e7aba3e9e4801c2e5e11e3a76b42ce080683b4b9c1cf074c2030b737,0x016E5D90
0x016E62E0,NiCullingProcess::SetFrustum,AE-bytesig-port,e555c6c0e7aba3e9e4801c2e5e11e3a76b42ce080683b4b9c1cf074c2030b737,0x016E61C0
0x016FC280,NiBackToFrontAccumulator::NiBackToFrontAccumulator,AE-bytesig-port,e555c6c0e7aba3e9e4801c2e5e11e3a76b42ce080683b4b9c1cf074c2030b737,0x016FC160
0x016FD160,NiPick::NiPick,AE-bytesig-port,e555c6c0e7aba3e9e4801c2e5e11e3a76b42ce080683b4b9c1cf074c2030b737,0x016FD040
0x016FD210,NiPick::NiPick_dtor,AE-bytesig-port,e555c6c0e7aba3e9e4801c2e5e11e3a76b42ce080683b4b9c1cf074c2030b737,0x016FD0F0
0x016FD260,NiPick::PickObjects,AE-bytesig-port,e555c6c0e7aba3e9e4801c2e5e11e3a76b42ce080683b4b9c1cf074c2030b737,0x016FD140
0x01700EE0,NiCollisionData::CopyMembers,AE-bytesig-port,e555c6c0e7aba3e9e4801c2e5e11e3a76b42ce080683b4b9c1cf074c2030b737,0x01700DC0
0x017015B0,NiCollisionData::SetModelSpaceABV,AE-bytesig-port,e555c6c0e7aba3e9e4801c2e5e11e3a76b42ce080683b4b9c1cf074c2030b737,0x01701490
0x01701D80,NiCollisionData::NiCollisionData,AE-bytesig-port,e555c6c0e7aba3e9e4801c2e5e11e3a76b42ce080683b4b9c1cf074c2030b737,0x01701C60
0x017357B0,NiControllerSequence::Activate,AE-bytesig-port,e555c6c0e7aba3e9e4801c2e5e11e3a76b42ce080683b4b9c1cf074c2030b737,0x01735690
0x01738140,NiControllerSequence::VerifyMatchingMorphKeys,AE-bytesig-port,e555c6c0e7aba3e9e4801c2e5e11e3a76b42ce080683b4b9c1cf074c2030b737,0x01738020
0x0179FA40,SettingHandlerMap::SettingUpdated,AE-bytesig-port,e555c6c0e7aba3e9e4801c2e5e11e3a76b42ce080683b4b9c1cf074c2030b737,0x0179F920
0x017A0B50,BSUtilities::GetObjectByName,AE-bytesig-port,e555c6c0e7aba3e9e4801c2e5e11e3a76b42ce080683b4b9c1cf074c2030b737,0x017A0A30
0x017A2300,BSUtilities::GetFlattenedBoneTree,AE-bytesig-port,e555c6c0e7aba3e9e4801c2e5e11e3a76b42ce080683b4b9c1cf074c2030b737,0x017A21E0
0x017A2FF0,BSTextureDB::InitSDM,AE-bytesig-port,e555c6c0e7aba3e9e4801c2e5e11e3a76b42ce080683b4b9c1cf074c2030b737,0x017A2ED0
0x017A4B50,BSTextureDB::QueuedHandles::AddRequest,AE-bytesig-port,e555c6c0e7aba3e9e4801c2e5e11e3a76b42ce080683b4b9c1cf074c2030b737,0x017A4A30
0x017A5420,BSTextureDB::StreamerRequest,AE-bytesig-port,e555c6c0e7aba3e9e4801c2e5e11e3a76b42ce080683b4b9c1cf074c2030b737,0x017A5300
0x017AEDC0,IOManager::CancelTask,AE-bytesig-port,e555c6c0e7aba3e9e4801c2e5e11e3a76b42ce080683b4b9c1cf074c2030b737,0x017AECA0
0x017AF120,IOManager::UpdateQueue,AE-bytesig-port,e555c6c0e7aba3e9e4801c2e5e11e3a76b42ce080683b4b9c1cf074c2030b737,0x017AF000
0x017AF410,IOManager::LoadQueuedPriority,AE-bytesig-port,e555c6c0e7aba3e9e4801c2e5e11e3a76b42ce080683b4b9c1cf074c2030b737,0x017AF2F0
0x017AFCF0,IOManager::Resume,AE-bytesig-port,e555c6c0e7aba3e9e4801c2e5e11e3a76b42ce080683b4b9c1cf074c2030b737,0x017AFBD0
0x017B2710,QueuedFile::QueuedFile,AE-bytesig-port,e555c6c0e7aba3e9e4801c2e5e11e3a76b42ce080683b4b9c1cf074c2030b737,0x017B25F0
0x017B2950,QueuedFile::QueueMe,AE-bytesig-port,e555c6c0e7aba3e9e4801c2e5e11e3a76b42ce080683b4b9c1cf074c2030b737,0x017B2830
0x017B29A0,QueuedFile::CheckFinished,AE-bytesig-port,e555c6c0e7aba3e9e4801c2e5e11e3a76b42ce080683b4b9c1cf074c2030b737,0x017B2880
0x017B30C0,BSQueuedResourceCollectionBase::BSQueuedResourceCollectionBase,AE-bytesig-port,e555c6c0e7aba3e9e4801c2e5e11e3a76b42ce080683b4b9c1cf074c2030b737,0x017B2FA0
0x017B3CF0,BSModelDB::Request,AE-bytesig-port,e555c6c0e7aba3e9e4801c2e5e11e3a76b42ce080683b4b9c1cf074c2030b737,0x017B3BD0
0x017B45C0,BSModelDB::QueuedHandles::AddRequest,AE-bytesig-port,e555c6c0e7aba3e9e4801c2e5e11e3a76b42ce080683b4b9c1cf074c2030b737,0x017B44A0
0x017B4A80,BSModelDB::Prepare,AE-bytesig-port,e555c6c0e7aba3e9e4801c2e5e11e3a76b42ce080683b4b9c1cf074c2030b737,0x017B4960
0x017C60C0,BSTextureStreamer::RequestLoadForHandle,AE-bytesig-port,e555c6c0e7aba3e9e4801c2e5e11e3a76b42ce080683b4b9c1cf074c2030b737,0x017C5FA0
0x017CB090,BSTextureStreamer::Manager::GetDesc,AE-bytesig-port,e555c6c0e7aba3e9e4801c2e5e11e3a76b42ce080683b4b9c1cf074c2030b737,0x017CAF70
0x017CC880,BSTextureStreamer::Manager::Refresh,AE-bytesig-port,e555c6c0e7aba3e9e4801c2e5e11e3a76b42ce080683b4b9c1cf074c2030b737,0x017CC760
0x017CD650,BSTextureStreamer::Manager::Request,AE-bytesig-port,e555c6c0e7aba3e9e4801c2e5e11e3a76b42ce080683b4b9c1cf074c2030b737,0x017CD530
0x017D3F20,BSAttachTechniques::Register,AE-bytesig-port,e555c6c0e7aba3e9e4801c2e5e11e3a76b42ce080683b4b9c1cf074c2030b737,0x017D3E00
0x017E8090,BSSoundHandle::Play,AE-bytesig-port,e555c6c0e7aba3e9e4801c2e5e11e3a76b42ce080683b4b9c1cf074c2030b737,0x017E7F70
0x017EA120,BSProceduralGeometry::BendableSpline::CreateInstance,AE-bytesig-port,e555c6c0e7aba3e9e4801c2e5e11e3a76b42ce080683b4b9c1cf074c2030b737,0x017EA000
0x017ECA40,BSProceduralGeometry::BendableSpline::AddSegment,AE-bytesig-port,e555c6c0e7aba3e9e4801c2e5e11e3a76b42ce080683b4b9c1cf074c2030b737,0x017EC920
0x01803280,BSProceduralLightningController::InitSDM,AE-bytesig-port,e555c6c0e7aba3e9e4801c2e5e11e3a76b42ce080683b4b9c1cf074c2030b737,0x01803160
0x018047D0,BSBezierCurve::GetPosition,AE-bytesig-port,e555c6c0e7aba3e9e4801c2e5e11e3a76b42ce080683b4b9c1cf074c2030b737,0x018046B0
0x01804990,BSBezierCurve::GetPositionAtDistance,AE-bytesig-port,e555c6c0e7aba3e9e4801c2e5e11e3a76b42ce080683b4b9c1cf074c2030b737,0x01804870
0x01815BB0,BSGraphics::Renderer::Init,AE-bytesig-port,e555c6c0e7aba3e9e4801c2e5e11e3a76b42ce080683b4b9c1cf074c2030b737,0x01815A90
0x018174F0,BSGraphics::Renderer::WindowSizeChanged,AE-bytesig-port,e555c6c0e7aba3e9e4801c2e5e11e3a76b42ce080683b4b9c1cf074c2030b737,0x018173D0
0x018178A0,BSGraphics::Renderer::ResetWindow,AE-bytesig-port,e555c6c0e7aba3e9e4801c2e5e11e3a76b42ce080683b4b9c1cf074c2030b737,0x01817780
0x01817A20,BSGraphics::Renderer::UpdateViewPort,AE-bytesig-port,e555c6c0e7aba3e9e4801c2e5e11e3a76b42ce080683b4b9c1cf074c2030b737,0x01817900
0x01818080,BSGraphics::Renderer::End,AE-bytesig-port,e555c6c0e7aba3e9e4801c2e5e11e3a76b42ce080683b4b9c1cf074c2030b737,0x01817F60
0x0181A8F0,BSGraphics::Renderer::ReleaseTriShapeDataAccess,AE-bytesig-port,e555c6c0e7aba3e9e4801c2e5e11e3a76b42ce080683b4b9c1cf074c2030b737,0x0181A7D0
0x0181EA80,BSGraphics::Renderer::ResetState,AE-bytesig-port,e555c6c0e7aba3e9e4801c2e5e11e3a76b42ce080683b4b9c1cf074c2030b737,0x0181E960
0x01828170,BSGraphics::CreateTriShapeDataAccess,AE-bytesig-port,e555c6c0e7aba3e9e4801c2e5e11e3a76b42ce080683b4b9c1cf074c2030b737,0x01828050
0x0182E0E0,BSGraphics::Utility::PackVertexData,AE-bytesig-port,e555c6c0e7aba3e9e4801c2e5e11e3a76b42ce080683b4b9c1cf074c2030b737,0x0182DFC0
0x018300F0,BSGraphics::Utility::CreateTriShape,AE-bytesig-port,e555c6c0e7aba3e9e4801c2e5e11e3a76b42ce080683b4b9c1cf074c2030b737,0x0182FFD0
0x018310C0,BSGraphics::Utility::ConvertHALFToNiPoint3Stream,AE-bytesig-port,e555c6c0e7aba3e9e4801c2e5e11e3a76b42ce080683b4b9c1cf074c2030b737,0x01830FA0
0x01831150,BSGraphics::Utility::ConvertNiPoint3ToHALFStream,AE-bytesig-port,e555c6c0e7aba3e9e4801c2e5e11e3a76b42ce080683b4b9c1cf074c2030b737,0x01831030
0x01833C00,BSGraphics::Utility::UnpackVertexData,AE-bytesig-port,e555c6c0e7aba3e9e4801c2e5e11e3a76b42ce080683b4b9c1cf074c2030b737,0x01833AE0
0x01834010,BSGraphics::Utility::ApplySkinningToGeometry,AE-bytesig-port,e555c6c0e7aba3e9e4801c2e5e11e3a76b42ce080683b4b9c1cf074c2030b737,0x01833EF0
0x01834BB0,BSGraphics::Utility::ApplyExtraDataRemapBones,AE-bytesig-port,e555c6c0e7aba3e9e4801c2e5e11e3a76b42ce080683b4b9c1cf074c2030b737,0x01834A90
0x01834ED0,BSGraphics::Utility::BakeSkinningToSkinnedGeometry,AE-bytesig-port,e555c6c0e7aba3e9e4801c2e5e11e3a76b42ce080683b4b9c1cf074c2030b737,0x01834DB0
0x01835270,BSGraphics::Utility::CreateCustomizationRemapData,AE-bytesig-port,e555c6c0e7aba3e9e4801c2e5e11e3a76b42ce080683b4b9c1cf074c2030b737,0x01835150
0x01838220,BSGraphics::Utility::BSExtendableSkinInstance::AppendBones,AE-bytesig-port,e555c6c0e7aba3e9e4801c2e5e11e3a76b42ce080683b4b9c1cf074c2030b737,0x01838100
0x018396B0,BSGraphics::RenderTargetManager::SetCurrentRenderTarget,AE-bytesig-port,e555c6c0e7aba3e9e4801c2e5e11e3a76b42ce080683b4b9c1cf074c2030b737,0x01839590
0x018399A0,BSGraphics::RenderTargetManager::SetCurrentViewportForceToRenderTargetDimensions,AE-bytesig-port,e555c6c0e7aba3e9e4801c2e5e11e3a76b42ce080683b4b9c1cf074c2030b737,0x01839880
0x0183ABE0,BSGraphics::RenderTargetManager::DestroyRenderTargets,AE-bytesig-port,e555c6c0e7aba3e9e4801c2e5e11e3a76b42ce080683b4b9c1cf074c2030b737,0x0183AAC0
0x01850020,BSD3DResourceCreator::FrameUpdate,AE-bytesig-port,e555c6c0e7aba3e9e4801c2e5e11e3a76b42ce080683b4b9c1cf074c2030b737,0x0184FF00
0x0186E500,BSConnectPoint::Parents::Parents,AE-bytesig-port,e555c6c0e7aba3e9e4801c2e5e11e3a76b42ce080683b4b9c1cf074c2030b737,0x0186E3E0
0x018721B0,hknpBSWorld::SetBodyTransform,AE-bytesig-port,e555c6c0e7aba3e9e4801c2e5e11e3a76b42ce080683b4b9c1cf074c2030b737,0x01872090
0x018722B0,hknpBSWorld::SetBodyVelocity,AE-bytesig-port,e555c6c0e7aba3e9e4801c2e5e11e3a76b42ce080683b4b9c1cf074c2030b737,0x01872190
0x01872820,hknpBSWorld::SetBodyStatic,AE-bytesig-port,e555c6c0e7aba3e9e4801c2e5e11e3a76b42ce080683b4b9c1cf074c2030b737,0x01872700
0x01872880,hknpBSWorld::SetBodyKeyframed,AE-bytesig-port,e555c6c0e7aba3e9e4801c2e5e11e3a76b42ce080683b4b9c1cf074c2030b737,0x01872760
0x01873DA0,bhkWorld::SetDeltaTime,AE-bytesig-port,e555c6c0e7aba3e9e4801c2e5e11e3a76b42ce080683b4b9c1cf074c2030b737,0x01873C80
0x018753B0,bhkWorld::InitSystem,AE-bytesig-port,e555c6c0e7aba3e9e4801c2e5e11e3a76b42ce080683b4b9c1cf074c2030b737,0x01875290
0x01875B60,bhkWorld::GarbageCollectHavokMemory,AE-bytesig-port,e555c6c0e7aba3e9e4801c2e5e11e3a76b42ce080683b4b9c1cf074c2030b737,0x01875A40
0x01875BA0,bhkWorld::PickObject,AE-bytesig-port,e555c6c0e7aba3e9e4801c2e5e11e3a76b42ce080683b4b9c1cf074c2030b737,0x01875A80
0x01876000,bhkWorld::AddObjects,AE-bytesig-port,e555c6c0e7aba3e9e4801c2e5e11e3a76b42ce080683b4b9c1cf074c2030b737,0x01875EE0
0x018763E0,bhkWorld::RemoveObjects,AE-bytesig-port,e555c6c0e7aba3e9e4801c2e5e11e3a76b42ce080683b4b9c1cf074c2030b737,0x018762C0
0x01876500,bhkWorld::SetMotion,AE-bytesig-port,e555c6c0e7aba3e9e4801c2e5e11e3a76b42ce080683b4b9c1cf074c2030b737,0x018763E0
0x018766C0,bhkWorld::SetDismemberedLimb,AE-bytesig-port,e555c6c0e7aba3e9e4801c2e5e11e3a76b42ce080683b4b9c1cf074c2030b737,0x018765A0
0x018772C0,bhkWorld::DoObjects,AE-bytesig-port,e555c6c0e7aba3e9e4801c2e5e11e3a76b42ce080683b4b9c1cf074c2030b737,0x018771A0
0x01877330,bhkWorld::DoObjectRec,AE-bytesig-port,e555c6c0e7aba3e9e4801c2e5e11e3a76b42ce080683b4b9c1cf074c2030b737,0x01877210
0x01877DA0,bhkWorld::AddPhysicsSystem,AE-bytesig-port,e555c6c0e7aba3e9e4801c2e5e11e3a76b42ce080683b4b9c1cf074c2030b737,0x01877C80
0x01877E50,bhkWorld::RemovePhysicsSystem,AE-bytesig-port,e555c6c0e7aba3e9e4801c2e5e11e3a76b42ce080683b4b9c1cf074c2030b737,0x01877D30
0x01878510,bhkPickData::GetNiAVObject,AE-bytesig-port,e555c6c0e7aba3e9e4801c2e5e11e3a76b42ce080683b4b9c1cf074c2030b737,0x018783F0
0x01878630,bhkPickData::GetAllCollectorRayHitAt,AE-bytesig-port,e555c6c0e7aba3e9e4801c2e5e11e3a76b42ce080683b4b9c1cf074c2030b737,0x01878510
0x01878810,bhkPickData::GetHitFraction,AE-bytesig-port,e555c6c0e7aba3e9e4801c2e5e11e3a76b42ce080683b4b9c1cf074c2030b737,0x018786F0
0x0187EAB0,bhkNPCollisionObjectBase::SetSceneGraphTransformAndNotify,AE-bytesig-port,e555c6c0e7aba3e9e4801c2e5e11e3a76b42ce080683b4b9c1cf074c2030b737,0x0187E990
0x0187F090,bhkNPCollisionObject::CopyMembers,AE-bytesig-port,e555c6c0e7aba3e9e4801c2e5e11e3a76b42ce080683b4b9c1cf074c2030b737,0x0187EF70
0x0187F120,bhkNPCollisionObject::LoadBinary,AE-bytesig-port,e555c6c0e7aba3e9e4801c2e5e11e3a76b42ce080683b4b9c1cf074c2030b737,0x0187F000
0x0187F1C0,bhkNPCollisionObject::LinkObject,AE-bytesig-port,e555c6c0e7aba3e9e4801c2e5e11e3a76b42ce080683b4b9c1cf074c2030b737,0x0187F0A0
0x0187F250,bhkNPCollisionObject::RegisterStreamables,AE-bytesig-port,e555c6c0e7aba3e9e4801c2e5e11e3a76b42ce080683b4b9c1cf074c2030b737,0x0187F130
0x0187F290,bhkNPCollisionObject::SaveBinary,AE-bytesig-port,e555c6c0e7aba3e9e4801c2e5e11e3a76b42ce080683b4b9c1cf074c2030b737,0x0187F170
0x0187F3D0,bhkNPCollisionObject::SetMotionType,AE-bytesig-port,e555c6c0e7aba3e9e4801c2e5e11e3a76b42ce080683b4b9c1cf074c2030b737,0x0187F2B0
0x0187FA50,bhkNPCollisionObject::Getbhk,AE-bytesig-port,e555c6c0e7aba3e9e4801c2e5e11e3a76b42ce080683b4b9c1cf074c2030b737,0x0187F930
0x0187FB70,bhkNPCollisionObject::CreateInstance,AE-bytesig-port,e555c6c0e7aba3e9e4801c2e5e11e3a76b42ce080683b4b9c1cf074c2030b737,0x0187FA50
0x0187FC90,bhkNPCollisionObject::AddToWorld,AE-bytesig-port,e555c6c0e7aba3e9e4801c2e5e11e3a76b42ce080683b4b9c1cf074c2030b737,0x0187FB70
0x0187FFA0,bhkNPCollisionObject::GetBodyId,AE-bytesig-port,e555c6c0e7aba3e9e4801c2e5e11e3a76b42ce080683b4b9c1cf074c2030b737,0x0187FE80
0x0187FFF0,bhkNPCollisionObject::GetShape,AE-bytesig-port,e555c6c0e7aba3e9e4801c2e5e11e3a76b42ce080683b4b9c1cf074c2030b737,0x0187FED0
0x01880210,bhkNPCollisionObject::SetAngularVelocity,AE-bytesig-port,e555c6c0e7aba3e9e4801c2e5e11e3a76b42ce080683b4b9c1cf074c2030b737,0x018800F0
0x018803D0,bhkNPCollisionObject::GetPreviousLinearVelocity,AE-bytesig-port,e555c6c0e7aba3e9e4801c2e5e11e3a76b42ce080683b4b9c1cf074c2030b737,0x018802B0
0x01880750,bhkNPCollisionObject::ApplyHardKeyframe,AE-bytesig-port,e555c6c0e7aba3e9e4801c2e5e11e3a76b42ce080683b4b9c1cf074c2030b737,0x01880630
0x018809E0,bhkNPCollisionObject::GetTransform,AE-bytesig-port,e555c6c0e7aba3e9e4801c2e5e11e3a76b42ce080683b4b9c1cf074c2030b737,0x018808C0
0x01880AC0,bhkNPCollisionObject::SetTransform,AE-bytesig-port,e555c6c0e7aba3e9e4801c2e5e11e3a76b42ce080683b4b9c1cf074c2030b737,0x018809A0
0x01880B50,bhkNPCollisionObject::GetMass,AE-bytesig-port,e555c6c0e7aba3e9e4801c2e5e11e3a76b42ce080683b4b9c1cf074c2030b737,0x01880A30
0x01880C90,bhkNPCollisionObject::SetMass,AE-bytesig-port,e555c6c0e7aba3e9e4801c2e5e11e3a76b42ce080683b4b9c1cf074c2030b737,0x01880B70
0x01880D70,bhkNPCollisionObject::GetMassFromSystemData,AE-bytesig-port,e555c6c0e7aba3e9e4801c2e5e11e3a76b42ce080683b4b9c1cf074c2030b737,0x01880C50
0x01880F00,bhkNPCollisionObject::SetCollisionFilterInfo,AE-bytesig-port,e555c6c0e7aba3e9e4801c2e5e11e3a76b42ce080683b4b9c1cf074c2030b737,0x01880DE0
0x01881910,bhkNPCollisionObject::UpdateWorldData,AE-bytesig-port,e555c6c0e7aba3e9e4801c2e5e11e3a76b42ce080683b4b9c1cf074c2030b737,0x018817F0
0x01882580,bhkNPCollisionProxyObject::UpdateWorldData,AE-bytesig-port,e555c6c0e7aba3e9e4801c2e5e11e3a76b42ce080683b4b9c1cf074c2030b737,0x01882460
0x01882780,bhkNPCollisionProxyObject::LockMotionImpl,AE-bytesig-port,e555c6c0e7aba3e9e4801c2e5e11e3a76b42ce080683b4b9c1cf074c2030b737,0x01882660
0x01883540,bhkPhysicsSystem::CopyMembers,AE-bytesig-port,e555c6c0e7aba3e9e4801c2e5e11e3a76b42ce080683b4b9c1cf074c2030b737,0x01883420
0x01883730,bhkPhysicsSystem::CreateInstance,AE-bytesig-port,e555c6c0e7aba3e9e4801c2e5e11e3a76b42ce080683b4b9c1cf074c2030b737,0x01883610
0x01883A50,bhkPhysicsSystem::AddToWorld,AE-bytesig-port,e555c6c0e7aba3e9e4801c2e5e11e3a76b42ce080683b4b9c1cf074c2030b737,0x01883930
0x01883AB0,bhkPhysicsSystem::RemoveFromWorld,AE-bytesig-port,e555c6c0e7aba3e9e4801c2e5e11e3a76b42ce080683b4b9c1cf074c2030b737,0x01883990
0x01883AF0,bhkPhysicsSystem::ChangeWorld,AE-bytesig-port,e555c6c0e7aba3e9e4801c2e5e11e3a76b42ce080683b4b9c1cf074c2030b737,0x018839D0
0x01883CB0,bhkPhysicsSystem::CreateUniqueSystem,AE-bytesig-port,e555c6c0e7aba3e9e4801c2e5e11e3a76b42ce080683b4b9c1cf074c2030b737,0x01883B90
0x01884B70,bhkPhysicsSystem::RemoveSubSystemFromWorld,AE-bytesig-port,e555c6c0e7aba3e9e4801c2e5e11e3a76b42ce080683b4b9c1cf074c2030b737,0x01884A50
0x01886180,ScaleSystem,AE-bytesig-port,e555c6c0e7aba3e9e4801c2e5e11e3a76b42ce080683b4b9c1cf074c2030b737,0x01886060
0x01887750,bhkCollisionFilter::bhkCollisionFilter,AE-bytesig-port,e555c6c0e7aba3e9e4801c2e5e11e3a76b42ce080683b4b9c1cf074c2030b737,0x01887630
0x01887C10,bhkCollisionFilter::InitFlags,AE-bytesig-port,e555c6c0e7aba3e9e4801c2e5e11e3a76b42ce080683b4b9c1cf074c2030b737,0x01887AF0
0x0188A180,bhkCollisionFilter::SetLayerCollision,AE-bytesig-port,e555c6c0e7aba3e9e4801c2e5e11e3a76b42ce080683b4b9c1cf074c2030b737,0x0188A060
0x0188A5D0,bhkUtilFunctions::CreateUniquePhysicsSystem,AE-bytesig-port,e555c6c0e7aba3e9e4801c2e5e11e3a76b42ce080683b4b9c1cf074c2030b737,0x0188A4B0
0x0188ACA0,bhkUtilFunctions::GetMaterialForShape,AE-bytesig-port,e555c6c0e7aba3e9e4801c2e5e11e3a76b42ce080683b4b9c1cf074c2030b737,0x0188AB80
0x0188AEE0,bhkUtilFunctions::SyncInstanceTo3d,AE-bytesig-port,e555c6c0e7aba3e9e4801c2e5e11e3a76b42ce080683b4b9c1cf074c2030b737,0x0188ADC0
0x0188AF70,bhkUtilFunctions::GetAVObjectFromBodyID,AE-bytesig-port,e555c6c0e7aba3e9e4801c2e5e11e3a76b42ce080683b4b9c1cf074c2030b737,0x0188AE50
0x0188B780,bhkUtilFunctions::FindFirstCollisionObject,AE-bytesig-port,e555c6c0e7aba3e9e4801c2e5e11e3a76b42ce080683b4b9c1cf074c2030b737,0x0188B660
0x0188C3B0,bhkUtilFunctions::SetLayerAndGroup,AE-bytesig-port,e555c6c0e7aba3e9e4801c2e5e11e3a76b42ce080683b4b9c1cf074c2030b737,0x0188C290
0x0188C410,bhkUtilFunctions::ScaleDynamicMass,AE-bytesig-port,e555c6c0e7aba3e9e4801c2e5e11e3a76b42ce080683b4b9c1cf074c2030b737,0x0188C2F0
0x0188C5B0,bhkUtilFunctions::ComputeAttachedBodySystemMass,AE-bytesig-port,e555c6c0e7aba3e9e4801c2e5e11e3a76b42ce080683b4b9c1cf074c2030b737,0x0188C490
0x0188D660,bhkUtilFunctions::ScaleShape,AE-bytesig-port,e555c6c0e7aba3e9e4801c2e5e11e3a76b42ce080683b4b9c1cf074c2030b737,0x0188D540
0x018944E0,bhkCharacterController::InitSDM,AE-bytesig-port,e555c6c0e7aba3e9e4801c2e5e11e3a76b42ce080683b4b9c1cf074c2030b737,0x018943C0
0x01894E90,bhkCharacterController::SetWorld,AE-bytesig-port,e555c6c0e7aba3e9e4801c2e5e11e3a76b42ce080683b4b9c1cf074c2030b737,0x01894D70
0x01896E30,bhkCharacterController::ApplyRotation,AE-bytesig-port,e555c6c0e7aba3e9e4801c2e5e11e3a76b42ce080683b4b9c1cf074c2030b737,0x01896D10
0x018A0440,BSClothExtraData::CreateInstance,AE-bytesig-port,e555c6c0e7aba3e9e4801c2e5e11e3a76b42ce080683b4b9c1cf074c2030b737,0x018A0320
0x018A08E0,BSClothExtraData::SetWorld,AE-bytesig-port,e555c6c0e7aba3e9e4801c2e5e11e3a76b42ce080683b4b9c1cf074c2030b737,0x018A07C0
0x018A2AC0,BSClothUtils::CreateClothFor3d,AE-bytesig-port,e555c6c0e7aba3e9e4801c2e5e11e3a76b42ce080683b4b9c1cf074c2030b737,0x018A29A0
0x018A2C20,BSClothUtils::RemoveClothFromWorld,AE-bytesig-port,e555c6c0e7aba3e9e4801c2e5e11e3a76b42ce080683b4b9c1cf074c2030b737,0x018A2B00
0x018AA350,hknpUniqueBodyIdHitCollector::hknpUniqueBodyIdHitCollector_dtor,AE-bytesig-port,e555c6c0e7aba3e9e4801c2e5e11e3a76b42ce080683b4b9c1cf074c2030b737,0x018AA230
0x018AD3C0,bhkMultithreadedSystem::bhkMultithreadedSystem,AE-bytesig-port,e555c6c0e7aba3e9e4801c2e5e11e3a76b42ce080683b4b9c1cf074c2030b737,0x018AD2A0
0x018AE830,bhkStream::SaveBinary,AE-bytesig-port,e555c6c0e7aba3e9e4801c2e5e11e3a76b42ce080683b4b9c1cf074c2030b737,0x018AE710
0x018AEA10,bhkStream::LoadBinary,AE-bytesig-port,e555c6c0e7aba3e9e4801c2e5e11e3a76b42ce080683b4b9c1cf074c2030b737,0x018AE8F0
0x018AF080,BSHavok::InitSDM,AE-bytesig-port,e555c6c0e7aba3e9e4801c2e5e11e3a76b42ce080683b4b9c1cf074c2030b737,0x018AEF60
0x018AF150,BSHavok::SetHavokStackSize,AE-bytesig-port,e555c6c0e7aba3e9e4801c2e5e11e3a76b42ce080683b4b9c1cf074c2030b737,0x018AF030
0x018AFDF0,bhkCollisionQuery::InitSDM,AE-bytesig-port,e555c6c0e7aba3e9e4801c2e5e11e3a76b42ce080683b4b9c1cf074c2030b737,0x018AFCD0
0x018BD140,BSPistonController::CreateClone,AE-bytesig-port,e555c6c0e7aba3e9e4801c2e5e11e3a76b42ce080683b4b9c1cf074c2030b737,0x018BD020
0x018BD2B0,BSPistonController::CopyMembers,AE-bytesig-port,e555c6c0e7aba3e9e4801c2e5e11e3a76b42ce080683b4b9c1cf074c2030b737,0x018BD190
0x018C3060,bhkThreadMemoryRouter::Init,AE-bytesig-port,e555c6c0e7aba3e9e4801c2e5e11e3a76b42ce080683b4b9c1cf074c2030b737,0x018C2F40
0x018E8A40,hknpStaticCompoundShape::hknpStaticCompoundShape,AE-bytesig-port,e555c6c0e7aba3e9e4801c2e5e11e3a76b42ce080683b4b9c1cf074c2030b737,0x018E8920
0x018E8CF0,hknpMaskedShape::hknpMaskedShape,AE-bytesig-port,e555c6c0e7aba3e9e4801c2e5e11e3a76b42ce080683b4b9c1cf074c2030b737,0x018E8BD0
0x01A80040,UI::GetTopMenu,AE-bytesig-port,e555c6c0e7aba3e9e4801c2e5e11e3a76b42ce080683b4b9c1cf074c2030b737,0x01A7FF20
0x01A80150,UI::ProcessMessages,AE-bytesig-port,e555c6c0e7aba3e9e4801c2e5e11e3a76b42ce080683b4b9c1cf074c2030b737,0x01A80030
0x01A81350,UI::AdvanceMenus,AE-bytesig-port,e555c6c0e7aba3e9e4801c2e5e11e3a76b42ce080683b4b9c1cf074c2030b737,0x01A81230
0x01A816D0,UI::BeginRender,AE-bytesig-port,e555c6c0e7aba3e9e4801c2e5e11e3a76b42ce080683b4b9c1cf074c2030b737,0x01A815B0
0x01A81990,UI::CopyQuadsToCustomRenderer,AE-bytesig-port,e555c6c0e7aba3e9e4801c2e5e11e3a76b42ce080683b4b9c1cf074c2030b737,0x01A81870
0x01A81A60,UI::ImageSpace_RenderMenus,AE-bytesig-port,e555c6c0e7aba3e9e4801c2e5e11e3a76b42ce080683b4b9c1cf074c2030b737,0x01A81940
0x01A81BD0,UI::ScreenSpace_SetRenderTarget,AE-bytesig-port,e555c6c0e7aba3e9e4801c2e5e11e3a76b42ce080683b4b9c1cf074c2030b737,0x01A81AB0
0x01A81CD0,UI::ScreenSpace_RenderMenus,AE-bytesig-port,e555c6c0e7aba3e9e4801c2e5e11e3a76b42ce080683b4b9c1cf074c2030b737,0x01A81BB0
0x01A81ED0,UI::EndRender,AE-bytesig-port,e555c6c0e7aba3e9e4801c2e5e11e3a76b42ce080683b4b9c1cf074c2030b737,0x01A81DB0
0x01A82080,UI::BeginMenuStateChange,AE-bytesig-port,e555c6c0e7aba3e9e4801c2e5e11e3a76b42ce080683b4b9c1cf074c2030b737,0x01A81F60
0x01A82210,UI::RegisterMenu,AE-bytesig-port,e555c6c0e7aba3e9e4801c2e5e11e3a76b42ce080683b4b9c1cf074c2030b737,0x01A820F0
0x01A82380,UI::CloseAllMenus,AE-bytesig-port,e555c6c0e7aba3e9e4801c2e5e11e3a76b42ce080683b4b9c1cf074c2030b737,0x01A82260
0x01A82540,UI::UpdateMenuMode,AE-bytesig-port,e555c6c0e7aba3e9e4801c2e5e11e3a76b42ce080683b4b9c1cf074c2030b737,0x01A82420
0x01A82B10,UI::AddToMenuStack,AE-bytesig-port,e555c6c0e7aba3e9e4801c2e5e11e3a76b42ce080683b4b9c1cf074c2030b737,0x01A829F0
0x01A82C90,UI::RemoveFromMenuStack,AE-bytesig-port,e555c6c0e7aba3e9e4801c2e5e11e3a76b42ce080683b4b9c1cf074c2030b737,0x01A82B70
0x01A82EF0,UI::PerformInputProcessing,AE-bytesig-port,e555c6c0e7aba3e9e4801c2e5e11e3a76b42ce080683b4b9c1cf074c2030b737,0x01A82DD0
0x01A830E0,UI::RemoveMenuEntry,AE-bytesig-port,e555c6c0e7aba3e9e4801c2e5e11e3a76b42ce080683b4b9c1cf074c2030b737,0x01A82FC0
0x01A831B0,UI::RemoveMoviesQueuedForRemoval,AE-bytesig-port,e555c6c0e7aba3e9e4801c2e5e11e3a76b42ce080683b4b9c1cf074c2030b737,0x01A83090
0x01A89170,UIMessageQueue::AddMessage,AE-bytesig-port,e555c6c0e7aba3e9e4801c2e5e11e3a76b42ce080683b4b9c1cf074c2030b737,0x01A89050
0x01A89E70,BSScaleformRenderer::EndFrame,AE-bytesig-port,e555c6c0e7aba3e9e4801c2e5e11e3a76b42ce080683b4b9c1cf074c2030b737,0x01A89D50
0x01A8B140,BSUIMessageData::SendUIStringUIntMessage,AE-bytesig-port,e555c6c0e7aba3e9e4801c2e5e11e3a76b42ce080683b4b9c1cf074c2030b737,0x01A8B020
0x01A8B3B0,BSUIMessageData::SendUIBoolMessage,AE-bytesig-port,e555c6c0e7aba3e9e4801c2e5e11e3a76b42ce080683b4b9c1cf074c2030b737,0x01A8B290
0x01A8B920,UIMessage::UIMessage,AE-bytesig-port,e555c6c0e7aba3e9e4801c2e5e11e3a76b42ce080683b4b9c1cf074c2030b737,0x01A8B800
0x01AC6970,Scaleform::GFx::Value::ObjectInterface::GetDisplayInfo,AE-bytesig-port,e555c6c0e7aba3e9e4801c2e5e11e3a76b42ce080683b4b9c1cf074c2030b737,0x01AC6850
0x01AE6A40,Scaleform::GFx::Value::ObjectInterface::SetMember,AE-bytesig-port,e555c6c0e7aba3e9e4801c2e5e11e3a76b42ce080683b4b9c1cf074c2030b737,0x01AE6920
0x01B03870,BSGFxObject::AcquireFlashObjectByMemberName,AE-bytesig-port,e555c6c0e7aba3e9e4801c2e5e11e3a76b42ce080683b4b9c1cf074c2030b737,0x01B03750
0x01B03A00,BSGFxObject::AcquireFlashObjectByPath,AE-bytesig-port,e555c6c0e7aba3e9e4801c2e5e11e3a76b42ce080683b4b9c1cf074c2030b737,0x01B038E0
0x01B03E60,BSGFxShaderFXTarget::AppendShaderFXInfos,AE-bytesig-port,e555c6c0e7aba3e9e4801c2e5e11e3a76b42ce080683b4b9c1cf074c2030b737,0x01B03D40
0x01B03E90,BSGFxShaderFXTarget::EnableShadedBackground,AE-bytesig-port,e555c6c0e7aba3e9e4801c2e5e11e3a76b42ce080683b4b9c1cf074c2030b737,0x01B03D70
0x01B04040,BSGFxShaderFXTarget::CreateAndSetFiltersToHUD,AE-bytesig-port,e555c6c0e7aba3e9e4801c2e5e11e3a76b42ce080683b4b9c1cf074c2030b737,0x01B03F20
0x01B07480,Scaleform::GFx::MovieImpl::MovieImpl,AE-bytesig-port,e555c6c0e7aba3e9e4801c2e5e11e3a76b42ce080683b4b9c1cf074c2030b737,0x01B07360
0x01B178B0,BSGFxDisplayObject::RemoveChild,AE-bytesig-port,e555c6c0e7aba3e9e4801c2e5e11e3a76b42ce080683b4b9c1cf074c2030b737,0x01B17790
0x01B17FB0,BSGFxDisplayObjectScopedUpdate::BSGFxDisplayObjectScopedUpdate,AE-bytesig-port,e555c6c0e7aba3e9e4801c2e5e11e3a76b42ce080683b4b9c1cf074c2030b737,0x01B17E90
0x01B18D50,IMenu::IMenu,AE-bytesig-port,e555c6c0e7aba3e9e4801c2e5e11e3a76b42ce080683b4b9c1cf074c2030b737,0x01B18C30
0x01B18FD0,IMenu::AdvanceMovie,AE-bytesig-port,e555c6c0e7aba3e9e4801c2e5e11e3a76b42ce080683b4b9c1cf074c2030b737,0x01B18EB0
0x01B19040,IMenu::RefreshPlatform,AE-bytesig-port,e555c6c0e7aba3e9e4801c2e5e11e3a76b42ce080683b4b9c1cf074c2030b737,0x01B18F20
0x01B191D0,IMenu::OnSetSafeRect,AE-bytesig-port,e555c6c0e7aba3e9e4801c2e5e11e3a76b42ce080683b4b9c1cf074c2030b737,0x01B190B0
0x01B19420,IMenu::PassesRenderConditionText,AE-bytesig-port,e555c6c0e7aba3e9e4801c2e5e11e3a76b42ce080683b4b9c1cf074c2030b737,0x01B19300
0x01B19700,IMenu::ReleaseMenu,AE-bytesig-port,e555c6c0e7aba3e9e4801c2e5e11e3a76b42ce080683b4b9c1cf074c2030b737,0x01B195E0
0x01B1A160,SWFToCodeFunctionHandler::RegisterCodeObject,AE-bytesig-port,e555c6c0e7aba3e9e4801c2e5e11e3a76b42ce080683b4b9c1cf074c2030b737,0x01B1A040
0x01B1A2E0,SWFToCodeFunctionHandler::UnregisterCodeObject,AE-bytesig-port,e555c6c0e7aba3e9e4801c2e5e11e3a76b42ce080683b4b9c1cf074c2030b737,0x01B1A1C0
0x01B1A460,SWFToCodeFunctionHandler::MapCodeMethodToASFunction,AE-bytesig-port,e555c6c0e7aba3e9e4801c2e5e11e3a76b42ce080683b4b9c1cf074c2030b737,0x01B1A340
0x01B1AD10,BSScaleformManager::LoadMovie,AE-bytesig-port,e555c6c0e7aba3e9e4801c2e5e11e3a76b42ce080683b4b9c1cf074c2030b737,0x01B1ABF0
0x01B1B220,BSScaleformManager::IsNameValid,AE-bytesig-port,e555c6c0e7aba3e9e4801c2e5e11e3a76b42ce080683b4b9c1cf074c2030b737,0x01B1B100
0x01B1B500,BSScaleformManager::GetMovieFilename,AE-bytesig-port,e555c6c0e7aba3e9e4801c2e5e11e3a76b42ce080683b4b9c1cf074c2030b737,0x01B1B3E0
0x01B1B670,BSScaleformManager::InitMovieViewport,AE-bytesig-port,e555c6c0e7aba3e9e4801c2e5e11e3a76b42ce080683b4b9c1cf074c2030b737,0x01B1B550
0x01B1D330,MenuCursor::RegisterCursor,AE-bytesig-port,e555c6c0e7aba3e9e4801c2e5e11e3a76b42ce080683b4b9c1cf074c2030b737,0x01B1D210
0x01B1D460,MenuCursor::SetCursorConstraintsRaw,AE-bytesig-port,e555c6c0e7aba3e9e4801c2e5e11e3a76b42ce080683b4b9c1cf074c2030b737,0x01B1D340
0x01B1D6E0,MenuCursor::UnregisterCursor,AE-bytesig-port,e555c6c0e7aba3e9e4801c2e5e11e3a76b42ce080683b4b9c1cf074c2030b737,0x01B1D5C0
0x01BCE510,Scaleform::GFx::DisplayObjectBase::GetGeomData,AE-bytesig-port,e555c6c0e7aba3e9e4801c2e5e11e3a76b42ce080683b4b9c1cf074c2030b737,0x01BCE3F0
0x01BD0BE0,Scaleform::GFx::DisplayObjectBase::SetGeomData,AE-bytesig-port,e555c6c0e7aba3e9e4801c2e5e11e3a76b42ce080683b4b9c1cf074c2030b737,0x01BD0AC0
0x01C4EF30,Scaleform::Render::Text::DocView::Format,AE-bytesig-port,e555c6c0e7aba3e9e4801c2e5e11e3a76b42ce080683b4b9c1cf074c2030b737,0x01C4EE10
0x01C52F80,Scaleform::Render::Text::DocView::GetViewRect,AE-bytesig-port,e555c6c0e7aba3e9e4801c2e5e11e3a76b42ce080683b4b9c1cf074c2030b737,0x01C52E60
0x01C59830,Scaleform::GFx::TextField::GetPosition,AE-bytesig-port,e555c6c0e7aba3e9e4801c2e5e11e3a76b42ce080683b4b9c1cf074c2030b737,0x01C59710
0x01C9C150,BSScaleformTranslator::AddTranslations,AE-bytesig-port,e555c6c0e7aba3e9e4801c2e5e11e3a76b42ce080683b4b9c1cf074c2030b737,0x01C9C030
0x01DEB7C0,MoviePlayer::MoviePlayer,AE-bytesig-port,e555c6c0e7aba3e9e4801c2e5e11e3a76b42ce080683b4b9c1cf074c2030b737,0x01DEB6A0
0x01DED590,MoviePlayer::WaitForSequenceToEnd,AE-bytesig-port,e555c6c0e7aba3e9e4801c2e5e11e3a76b42ce080683b4b9c1cf074c2030b737,0x01DED470
0x01DF0D50,BSPathingLocation::ResolveToClosestNavmeshAndTriangle,AE-bytesig-port,e555c6c0e7aba3e9e4801c2e5e11e3a76b42ce080683b4b9c1cf074c2030b737,0x01DF0C30
0x01DF2110,BSPathingLocation::SetupData,AE-bytesig-port,e555c6c0e7aba3e9e4801c2e5e11e3a76b42ce080683b4b9c1cf074c2030b737,0x01DF1FF0
0x01DFAE60,BSPathing::AddExpiredNavmesh,AE-bytesig-port,e555c6c0e7aba3e9e4801c2e5e11e3a76b42ce080683b4b9c1cf074c2030b737,0x01DFAD40
0x01E0E170,BSNavmesh::BSNavmesh,AE-bytesig-port,e555c6c0e7aba3e9e4801c2e5e11e3a76b42ce080683b4b9c1cf074c2030b737,0x01E0E050
0x01E1FE50,BSPathingRequest::BSPathingRequest,AE-bytesig-port,e555c6c0e7aba3e9e4801c2e5e11e3a76b42ce080683b4b9c1cf074c2030b737,0x01E1FD30
0x01E28B50,IMovementState::GetCCRotation,AE-bytesig-port,e555c6c0e7aba3e9e4801c2e5e11e3a76b42ce080683b4b9c1cf074c2030b737,0x01E28A30
0x01E613D0,BSNavmeshInfo::GetNavMesh,AE-bytesig-port,e555c6c0e7aba3e9e4801c2e5e11e3a76b42ce080683b4b9c1cf074c2030b737,0x01E612B0
0x01E66B70,BSPrecomputedNavmeshInfoPathMap::BSPrecomputedNavmeshInfoPathMap,AE-bytesig-port,e555c6c0e7aba3e9e4801c2e5e11e3a76b42ce080683b4b9c1cf074c2030b737,0x01E66A50
0x01EAE720,BSPlatform::BSBethesdaPlatform::Update,AE-bytesig-port,e555c6c0e7aba3e9e4801c2e5e11e3a76b42ce080683b4b9c1cf074c2030b737,0x01EAE600
0x020DBD80,BSScript::ObjectBindPolicy::ClearDiskLoadedBoundInfo,AE-bytesig-port,e555c6c0e7aba3e9e4801c2e5e11e3a76b42ce080683b4b9c1cf074c2030b737,0x020DBCA0
0x020DC030,BSScript_ObjectBindPolicy::BindObject,AE-bytesig-port,e555c6c0e7aba3e9e4801c2e5e11e3a76b42ce080683b4b9c1cf074c2030b737,0x020DBF50
0x020E1210,BSScript::Object::GetHandle,AE-bytesig-port,e555c6c0e7aba3e9e4801c2e5e11e3a76b42ce080683b4b9c1cf074c2030b737,0x020E1130
0x020E2310,BSScript::Object::IncRef,AE-bytesig-port,e555c6c0e7aba3e9e4801c2e5e11e3a76b42ce080683b4b9c1cf074c2030b737,0x020E2230
0x020E23C0,BSScript::Object::DecRef,AE-bytesig-port,e555c6c0e7aba3e9e4801c2e5e11e3a76b42ce080683b4b9c1cf074c2030b737,0x020E22E0
0x020E55F0,BSScript::Variable::Assign,AE-bytesig-port,e555c6c0e7aba3e9e4801c2e5e11e3a76b42ce080683b4b9c1cf074c2030b737,0x020E5510
0x020EEFF0,GameVM::SetQuestStage,AE-bytesig-port,e555c6c0e7aba3e9e4801c2e5e11e3a76b42ce080683b4b9c1cf074c2030b737,0x010ED870
0x020F9870,BSScript_Internal_NativeFunctionBase::Call,AE-bytesig-port,e555c6c0e7aba3e9e4801c2e5e11e3a76b42ce080683b4b9c1cf074c2030b737,0x020F9790
0x02160E80,BSShaderProperty::BSShaderProperty,AE-bytesig-port,e555c6c0e7aba3e9e4801c2e5e11e3a76b42ce080683b4b9c1cf074c2030b737,0x02160DA0
0x02161B50,BSShaderProperty::ClearRenderPasses,AE-bytesig-port,e555c6c0e7aba3e9e4801c2e5e11e3a76b42ce080683b4b9c1cf074c2030b737,0x02161A70
0x02161BF0,BSShaderProperty::SetMaterial,AE-bytesig-port,e555c6c0e7aba3e9e4801c2e5e11e3a76b42ce080683b4b9c1cf074c2030b737,0x02161B10
0x02161E20,BSShaderProperty::SetFlagRecurse,AE-bytesig-port,e555c6c0e7aba3e9e4801c2e5e11e3a76b42ce080683b4b9c1cf074c2030b737,0x02161D40
0x02171700,BSLightingShaderProperty::BSLightingShaderProperty,AE-bytesig-port,e555c6c0e7aba3e9e4801c2e5e11e3a76b42ce080683b4b9c1cf074c2030b737,0x02171620
0x021719C0,BSLightingShaderProperty::MakeValidForRendering,AE-bytesig-port,e555c6c0e7aba3e9e4801c2e5e11e3a76b42ce080683b4b9c1cf074c2030b737,0x021718E0
0x02177010,BSFadeNode::FindParentFadeNode,AE-bytesig-port,e555c6c0e7aba3e9e4801c2e5e11e3a76b42ce080683b4b9c1cf074c2030b737,0x02176F30
0x0217BE40,BSShaderManager::SetFOV,AE-bytesig-port,e555c6c0e7aba3e9e4801c2e5e11e3a76b42ce080683b4b9c1cf074c2030b737,0x0217BD60
0x021AB7B0,BSPrecomputedVisibility::MultiCellVisibilityData::Update,AE-bytesig-port,e555c6c0e7aba3e9e4801c2e5e11e3a76b42ce080683b4b9c1cf074c2030b737,0x021AB6D0
0x021B0980,ShadowSceneNode::ShadowSceneNode,AE-bytesig-port,e555c6c0e7aba3e9e4801c2e5e11e3a76b42ce080683b4b9c1cf074c2030b737,0x021B08A0
0x021B52D0,ShadowSceneNode::UpdateOcclusionPlaneVisibility,AE-bytesig-port,e555c6c0e7aba3e9e4801c2e5e11e3a76b42ce080683b4b9c1cf074c2030b737,0x021B51F0
0x021BB670,BSShaderUtil::SetMaterialAlpha,AE-bytesig-port,e555c6c0e7aba3e9e4801c2e5e11e3a76b42ce080683b4b9c1cf074c2030b737,0x021BB590
0x021C1290,BSShaderUtil::SetCameraFOV,AE-bytesig-port,e555c6c0e7aba3e9e4801c2e5e11e3a76b42ce080683b4b9c1cf074c2030b737,0x021C11B0
0x021C5A90,BSGrassShaderProperty::BSGrassShaderProperty,AE-bytesig-port,e555c6c0e7aba3e9e4801c2e5e11e3a76b42ce080683b4b9c1cf074c2030b737,0x021C59B0
0x021C6950,BSLightingShaderMaterialBase::LoadTextureSet,AE-bytesig-port,e555c6c0e7aba3e9e4801c2e5e11e3a76b42ce080683b4b9c1cf074c2030b737,0x021C6870
0x021CCB90,BSShaderAccumulator::BSShaderAccumulator,AE-bytesig-port,e555c6c0e7aba3e9e4801c2e5e11e3a76b42ce080683b4b9c1cf074c2030b737,0x021CCAB0
0x021CF170,BSShaderAccumulator::ClearSunQueries,AE-bytesig-port,e555c6c0e7aba3e9e4801c2e5e11e3a76b42ce080683b4b9c1cf074c2030b737,0x021CF090
0x021E8800,DrawWorld::Init,AE-bytesig-port,e555c6c0e7aba3e9e4801c2e5e11e3a76b42ce080683b4b9c1cf074c2030b737,0x021E8720
0x021F9FE0,BSMaterialManager::RegisterMaterial,AE-bytesig-port,e555c6c0e7aba3e9e4801c2e5e11e3a76b42ce080683b4b9c1cf074c2030b737,0x021F9F00
0x021FA850,BSMTAManager::InitSDM,AE-bytesig-port,e555c6c0e7aba3e9e4801c2e5e11e3a76b42ce080683b4b9c1cf074c2030b737,0x021FA770
0x02207C20,BSDynamicObjectQueryManager::InitSDM,AE-bytesig-port,e555c6c0e7aba3e9e4801c2e5e11e3a76b42ce080683b4b9c1cf074c2030b737,0x02207B40
0x02216240,BSBatchRenderer::BSBatchRenderer,AE-bytesig-port,e555c6c0e7aba3e9e4801c2e5e11e3a76b42ce080683b4b9c1cf074c2030b737,0x02216160
0x0222C430,BSShaderRenderTargets::Create,AE-bytesig-port,e555c6c0e7aba3e9e4801c2e5e11e3a76b42ce080683b4b9c1cf074c2030b737,0x0222C350
0x02231A30,BSShaderSDM::InitSDM,AE-bytesig-port,e555c6c0e7aba3e9e4801c2e5e11e3a76b42ce080683b4b9c1cf074c2030b737,0x02231950
